family,side,trend,hours,hold,dist,rsi,train_pf,train_tpd,train_exp,test_pf,test_tpd,test_exp,test_trades
session-mean-reversion,long,none,late,6,1.2,45.0,1.0022062983064448,7.440745477800109,0.28920084865643786,1.0426455021345162,7.608588075664459,4.936042296072099,662
session-mean-reversion,long,none,late,8,0.6,25.0,1.0877587366289128,2.148814937174038,13.667462686567195,1.0909952896555948,2.564810654029985,12.28211009174307,218
session-mean-reversion,long,none,late,8,0.6,35.0,1.0322625829395449,7.182897862232779,4.561040293040393,1.096405615848501,7.796377412098971,11.680466472303067,686
session-mean-reversion,long,none,late,8,0.6,40.0,1.039034292005162,10.01249588951003,5.267997898055711,1.0704883109194545,10.546702971469161,8.44738146551732,928
session-mean-reversion,long,none,late,8,0.6,45.0,1.0072436452791074,12.395922393949359,0.9596774193548874,1.0769151301991906,12.5583047235705,9.069076923077079,1105
session-mean-reversion,long,none,late,8,0.8,25.0,1.0892699834689687,2.1274336940180776,13.942688442211136,1.0736553767935675,2.541280281057233,10.033703703703639,216
session-mean-reversion,long,none,late,8,0.8,35.0,1.051551760679313,6.646153846153846,7.362604908947062,1.0838782842856332,7.205398366283888,10.435252365930392,634
session-mean-reversion,long,none,late,8,0.8,40.0,1.0632158549150297,8.8760276224926,8.623200948429142,1.0869631432839466,9.330649934888127,10.613520097442127,821
session-mean-reversion,long,none,late,8,0.8,45.0,1.0384433400526967,10.570207168694509,5.151523145843747,1.0965353721433195,10.694447732922931,11.497375132837526,941
session-mean-reversion,long,none,late,8,1.0,25.0,1.0881608542283019,2.1007071400731268,13.758600508905943,1.075373805466617,2.5177499080844807,10.347196261682125,214
session-mean-reversion,long,none,late,8,1.0,35.0,1.0549395981239689,6.130458615019185,7.899459227467935,1.1267499465365336,6.631125299281724,15.520987868283868,577
session-mean-reversion,long,none,late,8,1.0,40.0,1.0826365718917386,7.909080942810158,11.397225548902236,1.1165822219289794,8.354988028731047,14.023810178816893,727
session-mean-reversion,long,none,late,8,1.0,45.0,1.075748764125895,9.082550703453316,10.262977983777567,1.1173869530128604,9.239904229848364,13.970037313432677,804
session-mean-reversion,long,none,late,8,1.2,25.0,1.0570130660212507,2.036563410605245,9.110813648294148,1.0826812584921166,2.388332856734344,11.564778325123044,203
session-mean-reversion,long,none,late,8,1.2,35.0,1.0388936658744656,5.4253243193860765,5.75433559650835,1.2216113549298158,5.758161066326124,25.960319361277076,501
session-mean-reversion,long,none,late,8,1.2,40.0,1.072117521171652,6.6935136122784575,10.254724842767374,1.1978035249156758,6.93048128342246,23.33245439469304,603
session-mean-reversion,long,none,late,8,1.2,45.0,1.0714911902816355,7.440745477800109,9.987751060820443,1.159332309342843,7.608588075664459,18.91637462235631,662
session-mean-reversion,long,none,late,8,1.5,40.0,1.038923979769414,5.035921797917047,5.90490073145257,1.31347662511834,5.218182543800135,35.643127753304086,454
session-mean-reversion,long,none,late,8,1.5,45.0,1.0493692881217285,5.388488945733601,7.368828125000171,1.2411671583221608,5.494033603384284,28.488849372385026,478
session-mean-reversion,long,none,late,12,0.6,25.0,1.2598009510785086,2.148814937174038,45.22980099502446,1.230506751002106,2.564810654029985,28.92692660550461,218
session-mean-reversion,long,none,late,12,0.6,30.0,1.0756432648666403,4.125788002265792,12.88386479591817,1.1784985262461676,4.954022988505747,22.39283062644963,431
session-mean-reversion,long,none,late,12,0.6,35.0,1.153745109489508,7.182897862232779,23.702732600732467,1.2551436573051031,7.796377412098971,30.316734693877358,686
session-mean-reversion,long,none,late,12,0.6,40.0,1.1329589652787613,10.01249588951003,19.62818707304242,1.2286265624317467,10.546702971469161,26.95900862068963,928
session-mean-reversion,long,none,late,12,0.6,45.0,1.0626060762342018,12.395922393949359,9.43839134125633,1.1768927337836785,12.5583047235705,21.63599999999998,1105
session-mean-reversion,long,none,late,12,0.8,25.0,1.2542953844981573,2.1274336940180776,44.61012562814029,1.2105827230784196,2.541280281057233,26.671296296296344,216
session-mean-reversion,long,none,late,12,0.8,30.0,1.0986279133986627,3.9942258848466023,16.766429512516304,1.1993489803755752,4.816091954022989,24.591837708830052,419
session-mean-reversion,long,none,late,12,0.8,35.0,1.1655100981792494,6.646153846153846,25.839247822644314,1.2415904019780863,7.205398366283888,28.960615141955603,634
session-mean-reversion,long,none,late,12,0.8,40.0,1.159702918295619,8.8760276224926,23.9724777711912,1.2169069332385072,9.330649934888127,26.31612667478672,821
session-mean-reversion,long,none,late,12,0.8,45.0,1.097610980277011,10.570207168694509,14.919273270283608,1.1945537492237017,10.694447732922931,23.86992561105193,941
session-mean-reversion,long,none,late,12,1.0,25.0,1.2504140131072794,2.1007071400731268,44.06292620865094,1.2100488322414904,2.5177499080844807,26.847803738317754,214
session-mean-reversion,long,none,late,12,1.0,30.0,1.1059001012146545,3.8363513439435746,18.127119341563578,1.2049862992241374,4.563218390804598,25.71181360201455,397
session-mean-reversion,long,none,late,12,1.0,35.0,1.1879526490761703,6.130458615019185,29.388085836909724,1.2957116270107247,6.631125299281724,34.947850953205936,577
session-mean-reversion,long,none,late,12,1.0,40.0,1.19373962688919,7.909080942810158,29.13714570858263,1.2483104890898276,8.354988028731047,30.002365887207503,727
session-mean-reversion,long,none,late,12,1.0,45.0,1.165332830226541,9.082550703453316,24.97489571263026,1.2326227678999822,9.239904229848364,28.642499999999742,804
session-mean-reversion,long,none,late,12,1.2,25.0,1.2167148475348575,2.036563410605245,38.58669291338546,1.2478463605773102,2.388332856734344,31.736995073891556,203
session-mean-reversion,long,none,late,12,1.2,30.0,1.0906545421844072,3.5837520784987302,15.764977973568142,1.3548129148395058,4.160919540229885,41.9691436464082,362
session-mean-reversion,long,none,late,12,1.2,35.0,1.180986652569163,5.4253243193860765,28.806062075654623,1.4048358232427554,5.758161066326124,46.038123752494556,501
session-mean-reversion,long,none,late,12,1.2,40.0,1.1924550495181998,6.6935136122784575,29.574764150943185,1.3419007257739302,6.93048128342246,40.18825870646725,603
session-mean-reversion,long,none,late,12,1.2,45.0,1.1641973782900965,7.440745477800109,25.435438472418543,1.2814586054733728,7.608588075664459,34.36406344410824,662
session-mean-reversion,long,none,late,12,1.5,25.0,1.167943484827065,1.812060357467659,30.59592920353948,1.2132497020259803,2.1647943134931986,28.597445652173807,184
session-mean-reversion,long,none,late,12,1.5,30.0,1.0646317099156937,3.0522411241252034,11.687948275861844,1.4741273425485228,3.4942528735632186,55.0070065789467,304
session-mean-reversion,long,none,late,12,1.5,35.0,1.1483503874691816,4.299214324867531,24.99598531211744,1.4086496381094682,4.482579718242407,46.91569230769185,390
session-mean-reversion,long,none,late,12,1.5,40.0,1.1817245431132566,5.035921797917047,29.60916405433633,1.3558653983743274,5.218182543800135,42.617797356827765,454
session-mean-reversion,long,none,late,12,1.5,45.0,1.1696966261935577,5.388488945733601,27.776777343749906,1.2667903646079974,5.494033603384284,33.87993723849322,478
session-mean-reversion,long,bull,ny,4,1.5,30.0,1.028792172251576,1.0272287694655367,3.1194329896911897,1.0410793721017348,1.0372708510379993,3.422022471909368,89
session-mean-reversion,long,bull,ny,8,1.2,40.0,1.0415226170232321,2.860042560157145,5.465000000000222,1.0225785053934557,2.725337118523776,2.7088750000009307,240
session-mean-reversion,long,bull,ny,8,1.5,30.0,1.2153591827418497,1.0272287694655367,28.257422680412397,1.1803586307744298,1.0372708510379993,20.843033707866155,89
session-mean-reversion,long,bull,ny,8,1.5,35.0,1.0960748949934294,1.528690399926787,12.929862068965493,1.128466522513994,1.5784244144783535,14.588057553957821,139
session-mean-reversion,long,bull,ny,8,1.5,40.0,1.0169857550340633,1.9224095596660664,2.3474114441417018,1.1678457355112868,1.8963804116394607,18.540179640719536,167
session-mean-reversion,long,bull,ny,12,1.5,30.0,1.0158123539226542,1.0272287694655367,2.97154639175235,1.0058171452055114,1.0372708510379993,0.8524719101121597,89
session-mean-reversion,long,bull,late,4,0.6,35.0,1.1489599910401895,1.5508058735963832,12.800955631399152,1.020795402440362,1.8026894964261198,1.700000000000022,155
session-mean-reversion,long,bull,late,4,0.8,35.0,1.1843510077870296,1.3391163713886645,15.967391304347805,1.1134326198022928,1.5817146549287244,8.644191176470398,136
session-mean-reversion,long,bull,late,4,1.0,35.0,1.1399570479647454,1.1697419686833788,12.877511312217225,1.2011267429630565,1.3998856302589657,14.607226890755818,119
session-mean-reversion,long,bull,late,4,1.0,45.0,1.0022196686489029,2.1065941336469898,0.197386934673295,1.2318955261305762,2.1526773679696114,16.222131147541045,183
session-mean-reversion,long,bull,late,4,1.2,35.0,1.204181031346085,0.995074615893553,19.10335106383011,1.1767653816408112,1.164801045837078,12.651616161615413,99
session-mean-reversion,long,bull,late,4,1.2,40.0,1.0312652795595085,1.392045872234066,2.7911787072245806,1.105195425354055,1.5060053925974344,7.899609374999717,128
session-mean-reversion,long,bull,late,4,1.2,45.0,1.113780822726012,1.6461074762919945,10.045723472669009,1.2073388117781352,1.6589590652831114,15.145673758864996,141
session-mean-reversion,long,bull,late,4,1.5,40.0,1.0874150834645995,0.9845068092848872,8.54532258064557,1.7355530829466883,1.0236548596641746,40.27195402298802,87
session-mean-reversion,long,bull,late,4,1.5,45.0,1.1379217177090075,1.0797816617963278,13.187107843137634,1.739915925472421,1.0589533031008702,39.68144444444403,90
session-mean-reversion,long,bull,late,6,0.6,35.0,1.3287928370576783,1.5508058735963832,28.557576791808764,1.0875745031757622,1.8026894964261198,7.248903225806435,155
session-mean-reversion,long,bull,late,6,0.6,40.0,1.0078792328005792,2.4555226842579154,0.7499137931035101,1.081645612490262,2.684529093697038,6.679134199134079,231
session-mean-reversion,long,bull,late,6,0.8,35.0,1.370321805738114,1.3391163713886645,32.294110671936814,1.1836689786038617,1.5817146549287244,14.177205882352732,136
session-mean-reversion,long,bull,late,6,0.8,40.0,1.0992241154822375,2.016317530319735,9.130866141732273,1.2150164244691926,2.219675570978936,16.559371727748474,191
session-mean-reversion,long,bull,late,6,0.8,45.0,1.0590764897705,2.6036529344750288,5.845772357723725,1.3102928784822463,2.730353396804906,22.235574468085446,235
session-mean-reversion,long,bull,late,6,1.0,35.0,1.332104311789521,1.1697419686833788,30.11122171945681,1.3088568562831318,1.3998856302589657,22.641932773108984,119
session-mean-reversion,long,bull,late,6,1.0,40.0,1.1312400223270938,1.7149158273910168,12.031882716049315,1.2071748820889188,1.8938855532410244,15.908881987577487,161
session-mean-reversion,long,bull,late,6,1.0,45.0,1.160985883673306,2.1065941336469898,14.985678391959842,1.2657349501139485,2.1526773679696114,19.734043715847214,183
session-mean-reversion,long,bull,late,6,1.2,35.0,1.401519220096311,0.995074615893553,38.097553191489396,1.554569721424678,1.164801045837078,36.09464646464565,99
session-mean-reversion,long,bull,late,6,1.2,40.0,1.2237365836394154,1.392045872234066,20.479315589353774,1.3294190371596042,1.5060053925974344,24.230468749999307,128
session-mean-reversion,long,bull,late,6,1.2,45.0,1.2582763686638,1.6461074762919945,24.171479099678756,1.3940026783699604,1.6589590652831114,28.60730496453873,141
session-mean-reversion,long,bull,late,6,1.5,40.0,1.2615276272397797,0.9845068092848872,26.814301075268588,2.101718918386181,1.0236548596641746,59.10620689655121,87
session-mean-reversion,long,bull,late,6,1.5,45.0,1.2742602416252193,1.0797816617963278,28.409999999999886,2.1477931298969155,1.0589533031008702,59.52544444444404,90
session-mean-reversion,long,bull,late,8,0.6,35.0,1.2623820168013709,1.5508058735963832,27.538703071672703,1.344593994366528,1.8026894964261198,28.279806451613172,155
session-mean-reversion,long,bull,late,8,0.6,40.0,1.0192555035986053,2.4555226842579154,2.135948275862215,1.2531823560008972,2.684529093697038,21.092380952381355,231
session-mean-reversion,long,bull,late,8,0.8,35.0,1.2943511489540263,1.3391163713886645,30.84513833992159,1.5215493495808565,1.5817146549287244,37.24257352941193,136
session-mean-reversion,long,bull,late,8,0.8,40.0,1.0694089890089193,2.016317530319735,7.43963254593193,1.5669645870742197,2.219675570978936,39.57596858638784,191
session-mean-reversion,long,bull,late,8,1.0,35.0,1.3078372734505315,1.1697419686833788,32.75819004524938,1.699119217316165,1.3998856302589657,46.84445378151284,119
session-mean-reversion,long,bull,late,8,1.0,40.0,1.0982582116947939,1.7149158273910168,10.749320987654512,1.5949391867084897,1.8938855532410244,40.964223602484786,161
session-mean-reversion,long,bull,late,8,1.0,45.0,1.105476498648007,2.1065941336469898,11.625879396985013,1.679136010329086,2.1526773679696114,45.759071038251925,183
session-mean-reversion,long,bull,late,8,1.2,35.0,1.3762488025512132,0.995074615893553,41.40702127659628,2.0533019250795705,1.164801045837078,61.60656565656559,99
session-mean-reversion,long,bull,late,8,1.2,40.0,1.1672634156358028,1.392045872234066,18.428517110266316,1.838737928022912,1.5060053925974344,54.32046875000012,128
session-mean-reversion,long,bull,late,8,1.2,45.0,1.191156178773601,1.6461074762919945,20.9940192926046,1.8373012015242662,1.6589590652831114,55.58617021276623,141
session-mean-reversion,long,bull,late,8,1.5,40.0,1.1631435870661864,0.9845068092848872,20.14317204301075,2.555665316605773,1.0236548596641746,86.88551724138,87
session-mean-reversion,long,bull,late,8,1.5,45.0,1.1638251732859932,1.0797816617963278,20.030735294117626,2.5860552789559113,1.0589533031008702,86.01177777777838,90
session-mean-reversion,long,bull,late,12,0.6,35.0,1.1826257591483067,1.5508058735963832,24.99470989761081,1.4487032675980795,1.8026894964261198,42.495354838710114,155
session-mean-reversion,long,bull,late,12,0.8,35.0,1.1788773451142107,1.3391163713886645,24.982094861660176,1.6704497046102231,1.5817146549287244,53.580220588235704,136
session-mean-reversion,long,bull,late,12,0.8,40.0,1.0034971343988348,2.016317530319735,0.480209973753164,1.6563030076174288,2.219675570978936,53.70225130890097,191
session-mean-reversion,long,bull,late,12,1.0,35.0,1.2122105785625792,1.1697419686833788,30.48932126696844,1.728882202244341,1.3998856302589657,59.72411764705919,119
session-mean-reversion,long,bull,late,12,1.0,40.0,1.0156742322054466,1.7149158273910168,2.229351851851853,1.5791907531131177,1.8938855532410244,49.866273291925786,161
session-mean-reversion,long,bull,late,12,1.0,45.0,1.0096994028366315,2.1065941336469898,1.4074623115580336,1.6887507038044398,2.1526773679696114,57.55355191256862,183
session-mean-reversion,long,bull,late,12,1.2,35.0,1.3259081985444403,0.995074615893553,44.831117021276874,1.7511828880596747,1.164801045837078,62.36555555555541,99
session-mean-reversion,long,bull,late,12,1.2,40.0,1.1618366856227413,1.392045872234066,21.624980988593247,1.5250682344462174,1.5060053925974344,49.176249999999904,128
session-mean-reversion,long,bull,late,12,1.2,45.0,1.1258919990863094,1.6461074762919945,17.703665594855533,1.5414310647833105,1.6589590652831114,50.84425531914874,141
session-mean-reversion,long,bull,late,12,1.5,40.0,1.1703757274620803,0.9845068092848872,25.02758064516128,1.5428294688259816,1.0236548596641746,55.91436781609157,87
session-mean-reversion,long,bull,late,12,1.5,45.0,1.1430473327858552,1.0797816617963278,21.705343137254996,1.5288955067386372,1.0589533031008702,54.02955555555509,90
session-mean-reversion,long,bear,late,8,0.6,25.0,1.0417272782770999,1.8758165027404459,6.657867435158456,1.0303253629513487,2.1765594999795743,4.4996216216215545,185
session-mean-reversion,long,bear,late,8,0.6,40.0,1.043991614541612,7.573130619106791,6.27791521890199,1.032259390363708,8.018855111253146,4.256571018651338,697
session-mean-reversion,long,bear,late,8,0.6,45.0,1.0290851714860505,9.057232658431401,3.9941080766996016,1.0204608827879733,9.305907257259257,2.6811495673669876,809
session-mean-reversion,long,bear,late,8,0.8,25.0,1.0467832669918522,1.8704106914933554,7.449999999999983,1.0235031307878044,2.1647943134931986,3.506304347825987,184
session-mean-reversion,long,bear,late,8,0.8,35.0,1.0097170137068938,5.315595190234275,1.4803465346534452,1.0224243275094582,5.729397195701674,3.1143775100398594,498
session-mean-reversion,long,bear,late,8,0.8,40.0,1.0618796987913135,6.87318178495724,8.968483920367458,1.0132925432411422,7.248032596971997,1.832841269841132,630
session-mean-reversion,long,bear,late,8,0.8,45.0,1.0488498262399772,7.983626927856151,6.851549110085694,1.0048034590039332,8.122398434067032,0.6572521246457474,706
session-mean-reversion,long,bear,late,8,1.0,25.0,1.0365329664785596,1.8541932577520834,5.826793002915471,1.025259333487574,2.1412639405204463,3.803186813186625,182
session-mean-reversion,long,bear,late,8,1.0,35.0,1.0136349134232896,4.968239464931837,2.079777542372904,1.0539407237851126,5.269204649862182,7.382358078602108,458
session-mean-reversion,long,bear,late,8,1.0,40.0,1.0794144769118874,6.204809589942256,11.575275657336727,1.047142252910648,6.511724523628811,6.36054770317991,566
session-mean-reversion,long,bear,late,8,1.0,45.0,1.0688843698676103,6.988962795117316,9.8545180722892,1.0342880972793367,7.144489274158111,4.60225442834102,621
session-mean-reversion,long,bear,late,8,1.2,25.0,1.0141612530752677,1.8109467677753586,2.300208955224005,1.0380637988035262,2.0471424486294376,5.780517241379193,174
session-mean-reversion,long,bear,late,8,1.2,40.0,1.0539669046663975,5.310138147796214,8.124192269573886,1.1132495685378327,5.464786481843966,14.981999999999763,475
session-mean-reversion,long,bear,late,8,1.2,45.0,1.0464754236671434,5.804838827571084,6.884442429737149,1.06766904695635,5.9940079095593815,8.992303262955549,521
session-mean-reversion,long,bear,late,8,1.5,40.0,1.0155820556799366,4.121617106582025,2.4699870298315303,1.1844006999705103,4.222435282837967,23.49574931880108,367
session-mean-reversion,long,bear,late,8,1.5,45.0,1.0270480445033432,4.336632572488385,4.218792682927048,1.1139209293245962,4.464046021093001,15.145902061855638,388
session-mean-reversion,long,bear,late,12,0.6,25.0,1.1774390723573256,1.8758165027404459,31.52639769452395,1.2606907408486847,2.1765594999795743,33.603135135135076,185
session-mean-reversion,long,bear,late,12,0.6,30.0,1.05507595982149,3.389178654292343,9.494889589905043,1.137849899589732,4.140330814784562,17.93892045454493,352
session-mean-reversion,long,bear,late,12,0.6,35.0,1.1469461197717379,5.641899053397171,23.34960820895508,1.2126287454672064,6.109056046019255,26.76177024482072,531
session-mean-reversion,long,bear,late,12,0.6,40.0,1.1787057200497462,7.573130619106791,26.938929812369537,1.1945012896130422,8.018855111253146,24.49063127690085,697
session-mean-reversion,long,bear,late,12,0.6,45.0,1.1254218345687041,9.057232658431401,18.900029052876125,1.122252336654277,9.305907257259257,16.273498145858884,809
session-mean-reversion,long,bear,late,12,0.8,25.0,1.1806197900530082,1.8704106914933554,32.09757225433472,1.2597992080202738,2.1647943134931986,33.670217391304305,184
session-mean-reversion,long,bear,late,12,0.8,30.0,1.0627054056477265,3.314338747099768,10.862838709677078,1.140165802971461,4.0697569940780065,18.339277456646865,346
session-mean-reversion,long,bear,late,12,0.8,35.0,1.1625917349309525,5.315595190234275,26.05396039603935,1.1700258720870844,5.729397195701674,22.237188755019677,498
session-mean-reversion,long,bear,late,12,0.8,40.0,1.200378442636428,6.87318178495724,30.82588820826921,1.1351342726262816,7.248032596971997,18.0133492063489,630
session-mean-reversion,long,bear,late,12,0.8,45.0,1.142678854969562,7.983626927856151,22.092458800263444,1.1021875774121659,8.122398434067032,13.999773371104466,706
session-mean-reversion,long,bear,late,12,1.0,25.0,1.167595955055736,1.8541932577520834,29.916151603497962,1.259196174143255,2.1412639405204463,33.95467032967022,182
session-mean-reversion,long,bear,late,12,1.0,30.0,1.0665430163927936,3.2074245939675174,11.575116666666327,1.1301101125576811,3.8580355319583415,17.456128048779867,328
session-mean-reversion,long,bear,late,12,1.0,35.0,1.1828315717024194,4.968239464931837,29.130275423728595,1.223437060181874,5.269204649862182,28.510349344977705,458
session-mean-reversion,long,bear,late,12,1.0,40.0,1.2393374873276335,6.204809589942256,36.53165394402009,1.1863130581146135,6.511724523628811,24.352031802119807,566
session-mean-reversion,long,bear,late,12,1.0,45.0,1.2096159510020947,6.988962795117316,32.03802710843353,1.14929217373955,7.144489274158111,20.122818035426306,621
session-mean-reversion,long,bear,late,12,1.2,25.0,1.1590637533891655,1.8109467677753586,28.536298507462163,1.317708703975178,2.0471424486294376,41.052931034482604,174
session-mean-reversion,long,bear,late,12,1.2,30.0,1.063253704713386,3.0380659208649297,11.109999999999687,1.2763908038350475,3.516928731876659,34.829632107022775,299
session-mean-reversion,long,bear,late,12,1.2,35.0,1.1538748230903952,4.436842105263158,25.23226571767481,1.3464470172805971,4.624935085686894,42.017189054725854,402
session-mean-reversion,long,bear,late,12,1.2,40.0,1.199166403090584,5.310138147796214,31.646907829533905,1.3046142738230115,5.464786481843966,37.76623157894686,475
session-mean-reversion,long,bear,late,12,1.2,45.0,1.1737537111064678,5.804838827571084,27.615475974614466,1.2305257521287003,5.9940079095593815,29.903973128598228,521
session-mean-reversion,long,bear,late,12,1.5,25.0,1.1205840920346144,1.6055259403859148,21.938720538720084,1.2867323833901712,1.8941950243065486,37.98204968944091,161
session-mean-reversion,long,bear,late,12,1.5,30.0,1.038400086119792,2.616412643591861,6.913161157024405,1.3792373234675674,2.9993873800285886,46.37290196078368,255
session-mean-reversion,long,bear,late,12,1.5,35.0,1.1175084572393847,3.6030738389575676,20.226795252225376,1.354430449960059,3.658676893576222,42.19657232704356,318
session-mean-reversion,long,bear,late,12,1.5,40.0,1.1841356440603852,4.121617106582025,30.714448767833815,1.318967820078726,4.222435282837967,39.46574931880067,367
session-mean-reversion,long,bear,late,12,1.5,45.0,1.175732824096239,4.336632572488385,29.28723170731692,1.220005226409127,4.464046021093001,29.206056701030406,388
session-mean-reversion,short,none,late,8,1.2,35.0,1.0096545253636606,5.995531253973732,1.0714048865618482,1.1174955799128024,5.799043062200957,11.450079207921076,505
session-mean-reversion,short,none,late,8,1.2,40.0,1.049699671648255,7.62259078275718,5.265744680850826,1.0048160171357443,7.0507177033492825,0.4944299674268181,614
session-mean-reversion,short,none,late,8,1.2,45.0,1.01693338175681,8.564297262438918,1.8314233353693612,1.0039117148146919,7.533014354066986,0.40594512195135707,656
session-mean-reversion,short,none,late,8,1.5,35.0,1.0669460249935814,4.609130047775618,7.053620885357506,1.194006289583822,4.352153110047847,18.57087071240147,379
session-mean-reversion,short,none,late,8,1.5,40.0,1.1076605031410343,5.461897582154081,10.931877394635947,1.0592874292778582,5.006698564593302,6.047500000000319,436
session-mean-reversion,short,none,late,8,1.5,45.0,1.0717735505007058,5.885665498010863,7.442577777777716,1.0310842210669346,5.22488038277512,3.244747252747608,455
session-mean-reversion,short,none,late,12,0.6,25.0,1.0590133320744557,2.5426074951406927,7.793683127571597,1.3498169022007018,2.693127526644616,32.04545851528394,229
session-mean-reversion,short,none,late,12,0.8,25.0,1.0365603408932844,2.5007538738215045,4.845125523012228,1.2827463105249994,2.5284821756707094,26.10344186046528,215
session-mean-reversion,short,none,late,12,1.0,25.0,1.0378679713063514,2.437973441842722,5.091566523604785,1.4048504891037183,2.340316060271959,35.422261306532924,199
session-mean-reversion,short,none,late,12,1.0,30.0,1.0241064623661462,4.514959399807444,3.2589803012743515,1.0554591016751014,4.306391801905977,6.076053333333399,375
session-mean-reversion,short,none,late,12,1.2,25.0,1.044272403283394,2.338613573608487,5.911118568232301,1.483199967351961,2.152149944873208,41.408415300546814,183
session-mean-reversion,short,none,late,12,1.2,30.0,1.0917573188914593,4.174974567650051,11.850852130325489,1.176830865879389,3.766657362733761,18.14865853658558,328
session-mean-reversion,short,none,late,12,1.2,35.0,1.0790510384971899,5.995531253973732,10.27661431064554,1.0174693944487727,5.799043062200957,2.109386138613917,505
session-mean-reversion,short,none,late,12,1.5,25.0,1.1052803363268409,2.066560093009737,13.057544303797252,1.3961578674417157,1.8911373585529034,35.9363522012582,159
session-mean-reversion,short,none,late,12,1.5,30.0,1.1395307902202225,3.4425228891149544,17.046580547112203,1.1723687008292603,3.0087324055983093,17.945687022900987,262
session-mean-reversion,short,bull,late,8,1.5,35.0,1.05972551789822,3.9475976113918234,6.274276139410013,1.5276424062414364,3.3301435406698565,42.27400000000033,290
session-mean-reversion,short,bull,late,8,1.5,40.0,1.0890683702472286,4.561433164905833,9.116415313224906,1.4138393106870615,3.81244019138756,34.53906626506055,332
session-mean-reversion,short,bull,late,8,1.5,45.0,1.0566758265927647,4.894809370693615,5.91980540540526,1.3914861310960975,3.9732057416267943,33.17520231213918,346
session-mean-reversion,short,bull,late,12,0.6,25.0,1.0190615463102937,2.1374499035178864,2.5873999999995294,1.4312981420370925,2.129016271578426,40.22418994413422,179
session-mean-reversion,short,bull,late,12,0.8,25.0,1.0045880964272793,2.1000445302063233,0.6240966921115855,1.469797580214076,2.11712232592715,42.90679775280911,178
session-mean-reversion,short,bull,late,12,1.2,25.0,1.0181913844806139,1.9824847855128396,2.480808625336464,1.5978389407534304,1.9268191955067318,52.05302469135825,162
session-mean-reversion,short,bull,late,12,1.2,30.0,1.0295245070637937,3.500074217010539,3.9609465648852575,1.297841513559414,2.9398301367678137,29.542539062500374,256
session-mean-reversion,short,bull,late,12,1.5,25.0,1.1466259046352674,1.8328632922665875,17.91358600583063,1.5121025980801197,1.665152391178657,47.258071428571704,140
session-mean-reversion,short,bull,late,12,1.5,30.0,1.1489623440483077,3.0191479887190145,18.167911504424552,1.277436801846919,2.3886119861238484,27.408701923077253,208
session-mean-reversion,short,bull,late,12,1.5,35.0,1.119519631616827,3.9475976113918234,14.56709115281488,1.2790683622107162,3.3301435406698565,28.50686206896565,290
session-mean-reversion,short,bull,late,12,1.5,40.0,1.1417833484767284,4.561433164905833,16.944129930394293,1.216941112336933,3.81244019138756,22.67879518072309,332
session-mean-reversion,short,bull,late,12,1.5,45.0,1.092475950039931,4.894809370693615,11.405264864864813,1.2205468609830175,3.9732057416267943,23.057109826589937,346
session-mean-reversion,short,bear,asia,4,1.2,35.0,1.008790797748031,2.0758099391968066,0.7050512820512547,1.2445540210231334,2.0084315038808556,14.674180790960442,177
session-mean-reversion,short,bear,asia,6,1.0,35.0,1.0904216975209493,2.501617106211536,8.433489361701968,1.0834804828964604,2.6550053185202693,6.190384615384836,234
session-mean-reversion,short,bear,asia,6,1.0,40.0,1.0229302188435117,3.56613502374836,2.1263582089550757,1.018670495139086,3.448830063814701,1.3766118421052833,304
session-mean-reversion,short,bear,asia,6,1.2,35.0,1.0631761538016575,2.0758099391968066,6.076692307692421,1.250480838762336,2.0084315038808556,17.02570621468926,177
session-mean-reversion,short,bear,asia,6,1.5,35.0,1.0625422037015841,1.4850024949638692,6.011971326164899,1.4093834203020528,1.3956896891375437,25.322195121951683,123
session-mean-reversion,short,bear,asia,6,1.5,40.0,1.043167091051199,1.9321000203293353,3.9892837465563953,1.273790518152866,1.5998739264045387,17.57539007092233,141
session-mean-reversion,short,bear,asia,8,1.0,35.0,1.1238598726263722,2.501617106211536,13.511999999999995,1.0925757677085761,2.6550053185202693,7.27632478632426,234
session-mean-reversion,short,bear,asia,8,1.0,40.0,1.0374259804157238,3.56613502374836,4.113089552238766,1.049725920125289,3.448830063814701,3.9520394736838735,304
session-mean-reversion,short,bear,asia,8,1.2,30.0,1.0403905871627581,1.3466151656840821,5.155454545454446,1.1739246732596744,1.3503014065639651,11.802352941176316,119
session-mean-reversion,short,bear,asia,8,1.2,35.0,1.1303403086598889,2.0758099391968066,14.362435897436043,1.326273190944401,2.0084315038808556,22.483559322033248,177
session-mean-reversion,short,bear,asia,8,1.2,40.0,1.030603948684909,2.826295071060267,3.3197175141243322,1.2746067191666883,2.530197376196667,19.01937219730883,223
session-mean-reversion,short,bear,asia,8,1.5,30.0,1.0088973462250561,1.0485501487737714,1.1064974619288763,1.8056406819655508,0.9871951459753359,42.69701149425234,87
session-mean-reversion,short,bear,asia,8,1.5,35.0,1.0823849045604126,1.4850024949638692,9.319784946236762,1.2798033628596912,1.3956896891375437,18.218292682926123,123
session-mean-reversion,short,bear,asia,8,1.5,40.0,1.0162869682858515,1.9321000203293353,1.8034986225894742,1.1808694699603295,1.5998739264045387,11.944042553191034,141
session-mean-reversion,short,bear,asia,12,0.6,35.0,1.0264566310641188,3.1829085734351032,3.60474916387968,1.1524549989589215,3.551353267935232,16.351597444089627,313
session-mean-reversion,short,bear,asia,12,0.8,35.0,1.0376381680018758,2.8848435565247925,5.120479704797162,1.1562614680952013,3.131544734664933,16.44594202898565,276
session-mean-reversion,short,bear,asia,12,1.0,35.0,1.043877167637213,2.501617106211536,6.032957446808456,1.2808441696637116,2.6550053185202693,26.787264957264945,234
session-mean-reversion,short,bear,asia,12,1.2,35.0,1.047600511728922,2.0758099391968066,6.5533076923077695,1.5652256283492392,2.0084315038808556,46.01632768361559,177
session-mean-reversion,short,bear,ny,4,0.6,30.0,1.5364474253035407,1.4973821989528795,37.96444055944063,1.1224874525795665,2.1692044621773467,10.806756756756236,185
session-mean-reversion,short,bear,ny,4,0.6,35.0,1.4869640132899975,2.905706338962715,34.92221621621631,1.1909158055569544,3.894841823911916,15.55451327433567,339
session-mean-reversion,short,bear,ny,4,0.6,40.0,1.2762851746862842,4.900256312373889,22.057767094017226,1.1117237420882118,5.755634448920978,8.928263473053745,501
session-mean-reversion,short,bear,ny,4,0.6,45.0,1.101932798016935,6.81102304951647,8.736302843966222,1.039923375490185,7.062482555125802,3.2362926829267726,615
session-mean-reversion,short,bear,ny,4,0.8,30.0,1.5947998316287695,1.3717277486910995,39.91106870229038,1.0476160204330949,1.9346958716716878,4.085575757575221,165
session-mean-reversion,short,bear,ny,4,0.8,35.0,1.526746263328514,2.5235143340180697,36.12271784232409,1.1322259704113324,3.3663382135875852,11.035358361773964,293
session-mean-reversion,short,bear,ny,4,0.8,40.0,1.320284584230487,4.073224381464851,25.348894601542835,1.0446867570896692,4.779510910759165,3.735937499999761,416
session-mean-reversion,short,bear,ny,4,0.8,45.0,1.1384512321028173,5.471005271768769,11.75351196172275,1.0464629701778851,5.673179679400271,3.8142712550605733,494
session-mean-reversion,short,bear,ny,4,1.0,30.0,1.4868371082922753,1.3026642396160848,33.50727642276462,1.0596525638934928,1.7236381402165946,5.300544217686365,147
session-mean-reversion,short,bear,ny,4,1.2,30.0,1.4913238359406449,1.127916597716366,33.99610328638545,1.029355826978374,1.5061899897854956,2.491328124999403,128
session-mean-reversion,short,bear,ny,4,1.2,35.0,1.4698742670996645,1.8534368353118695,32.67836158192159,1.006909967628296,2.3887231869254344,0.5891625615756847,203
session-mean-reversion,short,bear,ny,6,0.6,30.0,1.6769925811578141,1.4973821989528795,49.92758741258776,1.2050422237389642,2.1692044621773467,20.70399999999892,185
session-mean-reversion,short,bear,ny,6,0.6,35.0,1.6679506363859966,2.905706338962715,51.088090090090226,1.1637312471956054,3.894841823911916,17.330058997049306,339
session-mean-reversion,short,bear,ny,6,0.6,40.0,1.458831792826692,4.900256312373889,40.06001068376108,1.1416768826797046,5.755634448920978,14.6777844311372,501
session-mean-reversion,short,bear,ny,6,0.6,45.0,1.2276499987872045,6.81102304951647,21.713920061491454,1.1687413711852601,7.062482555125802,17.37941463414595,615
session-mean-reversion,short,bear,ny,6,0.8,30.0,1.5938327921548268,1.3717277486910995,43.759198473282886,1.200146136439535,1.9346958716716878,19.356787878786857,165
session-mean-reversion,short,bear,ny,6,0.8,35.0,1.6598970203097805,2.5235143340180697,49.13443983402524,1.1676415415550365,3.3663382135875852,17.812457337883114,293
session-mean-reversion,short,bear,ny,6,0.8,40.0,1.4406646828181942,4.073224381464851,38.73789203084878,1.1688403068684843,4.779510910759165,17.49490384615337,416
session-mean-reversion,short,bear,ny,6,0.8,45.0,1.2342256651304127,5.471005271768769,21.95983732057448,1.2263837289993664,5.673179679400271,23.00757085020207,494
session-mean-reversion,short,bear,ny,6,1.0,30.0,1.5704816979858187,1.3026642396160848,42.142804878049155,1.2059968146064677,1.7236381402165946,20.931700680270847,147
session-mean-reversion,short,bear,ny,6,1.0,35.0,1.7399049738181585,2.2408784336538985,53.10348130841146,1.0748189197432219,2.84355605706456,8.560857142855959,245
session-mean-reversion,short,bear,ny,6,1.0,40.0,1.5450457498661414,3.356020942408377,43.256973478939564,1.0627205688840697,3.817874123619953,7.214832826746737,329
session-mean-reversion,short,bear,ny,6,1.0,45.0,1.3702978749325117,4.225130890052356,31.03547707558894,1.112221813004016,4.386952707552436,12.634895287957262,382
session-mean-reversion,short,bear,ny,6,1.2,30.0,1.6672341799893973,1.127916597716366,47.52539906103345,1.271806856108628,1.5061899897854956,26.187656249998703,128
session-mean-reversion,short,bear,ny,6,1.2,35.0,1.7539338015496853,1.8534368353118695,54.04110169491566,1.2264980689881917,2.3887231869254344,24.08014778325001,203
session-mean-reversion,short,bear,ny,6,1.2,40.0,1.611830337508922,2.6178010471204187,46.04722000000052,1.1642662584968315,3.0707136729441564,17.754904214558316,261
session-mean-reversion,short,bear,ny,6,1.2,45.0,1.471663598292257,3.18848167539267,37.62172413793147,1.1334012229282013,3.4458951453171105,14.768277027026073,296
session-mean-reversion,short,bear,ny,6,1.5,30.0,1.8806420737160996,0.8260797617077611,53.96557692307755,1.0664004807937921,1.0943411644535241,7.401290322578642,93
session-mean-reversion,short,bear,ny,6,1.5,35.0,1.6452307318953252,1.2338015738765904,44.0465236051508,1.0884147504099304,1.5532584269662921,10.18734848484691,132
session-mean-reversion,short,bear,ny,6,1.5,40.0,1.592333170807048,1.6362432889608,42.57857605178065,1.156880746823877,1.9062717058222678,17.245987654319386,162
session-mean-reversion,short,bear,ny,6,1.5,45.0,1.4461766353348924,1.8798264323012428,33.769098591549884,1.0629679669014764,2.107118315210801,7.526519337015119,181
session-mean-reversion,short,bear,ny,8,0.6,30.0,1.6739470950605857,1.4973821989528795,57.347902097902214,1.3062241681260878,2.1692044621773467,33.08048648648576,185
session-mean-reversion,short,bear,ny,8,0.6,35.0,1.680875128173915,2.905706338962715,60.27580180180154,1.2821646588903421,3.894841823911916,32.4075516224188,339
session-mean-reversion,short,bear,ny,8,0.6,40.0,1.4595319525432082,4.900256312373889,45.673504273504236,1.1404580776482212,5.755634448920978,16.810518962075747,501
session-mean-reversion,short,bear,ny,8,0.6,45.0,1.2726353179408847,6.81102304951647,29.785580322828544,1.1334640260329296,7.062482555125802,16.110130081300795,615
session-mean-reversion,short,bear,ny,8,0.8,30.0,1.53677493348095,1.3717277486910995,46.33797709923686,1.352196660723262,1.9346958716716878,36.8240606060598,165
session-mean-reversion,short,bear,ny,8,0.8,35.0,1.6500920470575593,2.5235143340180697,56.295705394190804,1.3360027327451043,3.3663382135875852,38.741092150170466,293
session-mean-reversion,short,bear,ny,8,0.8,40.0,1.4163912993883185,4.073224381464851,41.8054884318767,1.2234823860657766,4.779510910759165,26.55185096153834,416
session-mean-reversion,short,bear,ny,8,0.8,45.0,1.2494955116806254,5.471005271768769,26.96962679425839,1.2207110018446352,5.673179679400271,26.325465587044505,494
session-mean-reversion,short,bear,ny,8,1.0,30.0,1.5378789240340536,1.3026642396160848,46.23008130081333,1.3878159283335327,1.7236381402165946,42.292857142856455,147
session-mean-reversion,short,bear,ny,8,1.0,35.0,1.7395294123525034,2.2408784336538985,62.249836448598245,1.228289928439523,2.84355605706456,27.90420408163219,245
session-mean-reversion,short,bear,ny,8,1.0,40.0,1.4861360869561662,3.356020942408377,46.19343213728565,1.135346593013061,3.817874123619953,17.008784194528268,329
session-mean-reversion,short,bear,ny,8,1.0,45.0,1.4067081019672436,4.225130890052356,39.2068525402727,1.1185455006791718,4.386952707552436,15.018926701570114,382
session-mean-reversion,short,bear,ny,8,1.2,30.0,1.6736881953698506,1.127916597716366,53.973051643192804,1.4725189533139247,1.5061899897854956,47.665312499999146,128
session-mean-reversion,short,bear,ny,8,1.2,35.0,1.728026956036742,1.8534368353118695,59.88132768361602,1.3612395604022671,2.3887231869254344,41.95379310344783,203
session-mean-reversion,short,bear,ny,8,1.2,40.0,1.5456771865170713,2.6178010471204187,48.06938000000015,1.2270278675876376,3.0707136729441564,27.632796934865308,261
session-mean-reversion,short,bear,ny,8,1.2,45.0,1.4973862213283822,3.18848167539267,44.10663382594424,1.1431628738396584,3.4458951453171105,18.382533783783245,296
session-mean-reversion,short,bear,ny,8,1.5,30.0,1.6577292050100247,0.8260797617077611,51.77256410256473,1.273233665204718,1.0943411644535241,31.20322580645088,93
session-mean-reversion,short,bear,ny,8,1.5,35.0,1.514740347786504,1.2338015738765904,44.6427896995713,1.2873336434590632,1.5532584269662921,33.737954545454116,132
session-mean-reversion,short,bear,ny,8,1.5,40.0,1.4190813743118253,1.6362432889608,39.004174757282065,1.249302220702164,1.9062717058222678,28.527222222221543,162
session-mean-reversion,short,bear,ny,8,1.5,45.0,1.3493187343665871,1.8798264323012428,33.11135211267653,1.0777991548278805,2.107118315210801,10.1205524861871,181
session-mean-reversion,short,bear,ny,12,0.6,30.0,1.6305752874283395,1.4973821989528795,67.56451048951064,1.2658076885336174,2.1692044621773467,34.26324324324254,185
session-mean-reversion,short,bear,ny,12,0.6,35.0,1.8277753349188903,2.905706338962715,84.62899099099093,1.3891495358200319,3.894841823911916,51.817522123893234,339
session-mean-reversion,short,bear,ny,12,0.6,40.0,1.5499599452886352,4.900256312373889,66.75145299145294,1.3479449885076085,5.755634448920978,45.51389221556858,501
session-mean-reversion,short,bear,ny,12,0.6,45.0,1.4556181096969278,6.81102304951647,58.367548039969236,1.2724302918099604,7.062482555125802,37.02959349593486,615
session-mean-reversion,short,bear,ny,12,0.8,30.0,1.5371680522980793,1.3717277486910995,58.315763358778746,1.2710910690031636,1.9346958716716878,34.80163636363553,165
session-mean-reversion,short,bear,ny,12,0.8,35.0,1.8363950157082047,2.5235143340180697,84.27630705394196,1.4045077668685162,3.3663382135875852,55.257610921500884,293
session-mean-reversion,short,bear,ny,12,0.8,40.0,1.5759260123152343,4.073224381464851,69.50362467866329,1.4662383323497288,4.779510910759165,59.935072115384244,416
session-mean-reversion,short,bear,ny,12,0.8,45.0,1.4257804754139702,5.471005271768769,55.35507177033494,1.417345127502121,5.673179679400271,53.634433198380336,494
session-mean-reversion,short,bear,ny,12,1.0,30.0,1.544271035535885,1.3026642396160848,59.83861788617893,1.3979059355173913,1.7236381402165946,50.627006802720224,147
session-mean-reversion,short,bear,ny,12,1.0,35.0,1.9513727404826382,2.2408784336538985,93.87943925233648,1.3461007278895427,2.84355605706456,50.3762040816315,245
session-mean-reversion,short,bear,ny,12,1.0,40.0,1.7168235362450324,3.356020942408377,80.86418096723875,1.3772033574289655,3.817874123619953,51.33762917933043,329
session-mean-reversion,short,bear,ny,12,1.0,45.0,1.6074591174414194,4.225130890052356,69.74261462205706,1.3366616417853943,4.386952707552436,45.671518324606566,382
session-mean-reversion,short,bear,ny,12,1.2,30.0,1.634205633174288,1.127916597716366,66.05460093896717,1.4871029575519206,1.5061899897854956,58.268359374999164,128
session-mean-reversion,short,bear,ny,12,1.2,35.0,1.9935839026094515,1.8534368353118695,95.92008474576275,1.4008131472878185,2.3887231869254344,58.48458128078709,203
session-mean-reversion,short,bear,ny,12,1.2,40.0,1.8010892960424825,2.6178010471204187,84.40554000000022,1.3814141403207714,3.0707136729441564,54.002835249041276,261
session-mean-reversion,short,bear,ny,12,1.2,45.0,1.7571420874823331,3.18848167539267,78.45881773399032,1.315556851128194,3.4458951453171105,46.006824324323674,296
session-mean-reversion,short,bear,ny,12,1.5,30.0,1.513873439698991,0.8260797617077611,54.48929487179512,1.2872407017396308,1.0943411644535241,41.150967741934444,93
session-mean-reversion,short,bear,ny,12,1.5,35.0,1.7066426644582222,1.2338015738765904,74.0103862660945,1.4604037593668626,1.5532584269662921,69.65113636363535,132
session-mean-reversion,short,bear,ny,12,1.5,40.0,1.6680590854810136,1.6362432889608,73.10611650485473,1.4798823107647243,1.9062717058222678,67.83814814814707,162
session-mean-reversion,short,bear,ny,12,1.5,45.0,1.635269778344863,1.8798264323012428,68.31560563380322,1.2971479852912073,2.107118315210801,45.971436464087375,181
