session,trend_mode,min_breakout_persist,min_spread_z,max_spread_pips,cooldown_bars,stop_loss_pips,target_r,max_hold_bars,train_trades,train_tpd,train_expectancy_r,train_win_rate,test_trades,test_tpd,test_expectancy_r,test_win_rate,score
london_ny,ema_up,1,0.0,2.0,0,15.0,1.2,12,398,1.0143447519092414,0.011289782244551282,0.535175879396985,156,1.7440993788819876,-0.10790598290598023,0.4551282051282051,0.22310292824204064
london_ny,ema_up,1,0.0,2.0,0,15.0,1.0,12,411,1.0474766156650708,-0.015620437956207812,0.5450121654501217,162,1.8111801242236025,-0.11831275720164348,0.4691358024691358,0.2083040370544244
london_ny,ema_up,1,0.0,2.0,0,15.0,1.2,6,430,1.0959001088466678,-0.012403100775197795,0.49534883720930234,177,1.9788819875776398,-0.1258757062146893,0.4350282485875706,0.1899655569982389
london_ny,ema_up,1,0.0,2.0,3,15.0,1.2,6,377,0.9607985416703537,0.0026171529619780512,0.506631299734748,153,1.7105590062111802,-0.1622222222222201,0.4117647058823529,0.18619117450144002
london_ny,ema_up,1,0.0,2.0,3,15.0,1.0,6,377,0.9607985416703537,-0.02334217506631463,0.5119363395225465,153,1.7105590062111802,-0.1561655773420464,0.42483660130718953,0.18529724062373323
london_ny,ema_up,1,0.0,2.0,3,15.0,1.2,12,355,0.9047307222625347,0.01231924882628612,0.5352112676056338,143,1.5987577639751553,-0.15687645687645257,0.42657342657342656,0.18223349466098487
london_ny,ema_up,1,0.0,2.0,0,15.0,1.0,6,442,1.1264833676982027,-0.042156862745100436,0.5,182,2.0347826086956524,-0.12322344322344184,0.44505494505494503,0.18032689896628507
london_ny,ema_up,2,0.0,2.0,0,15.0,1.2,12,150,0.3896560743954468,0.05271111111110486,0.54,77,0.8901376791233492,0.02017316017316629,0.5324675324675324,0.17779811242598842
london_ny,any,2,0.0,2.0,3,15.0,1.2,12,516,1.3084800084527133,-0.06935400516796197,0.4806201550387597,194,2.24268454220688,-0.04402061855670275,0.4845360824742268,0.1771085349247094
london_ny,ema_up,1,0.0,2.0,3,15.0,1.0,12,356,0.9072792595083446,0.0013295880149776166,0.5533707865168539,143,1.5987577639751553,-0.17114219114218748,0.4405594405594406,0.17643226687246683
all,ema_up,2,0.0,2.0,0,15.0,1.2,12,206,0.5351276755030803,-0.006699029126219287,0.5048543689320388,103,1.1887472950228422,-0.021747572815529043,0.5048543689320388,0.17162747684818996
london_ny,ema_up,1,0.0,2.0,3,10.0,1.0,12,379,0.965904163532587,-0.03300791556728656,0.5620052770448549,158,1.7664596273291926,-0.21272151898733593,0.47468354430379744,0.16642318433138142
london_ny,ema_up,1,0.0,2.0,0,12.0,1.0,12,446,1.136677787315381,-0.052036621823618526,0.531390134529148,184,2.0571428571428574,-0.1581068840579702,0.483695652173913,0.16604809228996223
london_ny,any,2,0.0,2.0,3,15.0,1.0,12,517,1.3110158224225827,-0.08857511283043588,0.4990328820116054,194,2.24268454220688,-0.06773195876288825,0.5,0.16455407560667684
london_ny,ema_up,1,0.0,2.0,3,12.0,1.0,12,368,0.9378617064580641,-0.03736413043478386,0.5380434782608695,150,1.6770186335403727,-0.20216666666666583,0.4666666666666667,0.16269335578436656
london_ny,ema_up,1,0.0,2.0,3,12.0,1.0,6,382,0.9735412278994036,-0.03392233856893724,0.518324607329843,160,1.7888198757763976,-0.21604166666666705,0.43125,0.15974625823258526
london_ny,any,2,0.0,2.0,3,15.0,1.2,6,533,1.3515888459404963,-0.06007504690431931,0.4709193245778612,202,2.335166378998916,-0.07491749174917867,0.504950495049505,0.15799536587775004
london_ny,ema_up,2,0.0,2.0,0,15.0,1.0,12,151,0.39225378155808316,0.02905077262692459,0.5562913907284768,78,0.9016979087223538,-0.026581196581190812,0.5384615384615384,0.15396009575804337
all,ema_up,2,0.0,2.0,0,15.0,1.0,12,208,0.540323089828353,-0.0027243589743645544,0.5288461538461539,104,1.2002885308968503,-0.06884615384614935,0.5096153846153846,0.15394282309387664
london_ny,any,2,0.0,2.0,3,15.0,1.0,6,533,1.3515888459404963,-0.06614133833646386,0.48592870544090055,202,2.335166378998916,-0.08448844884488882,0.5099009900990099,0.15372069544635403
london_ny,ema_up,1,0.0,2.0,3,10.0,1.0,6,388,0.9888412017167382,-0.02688144329897097,0.5412371134020618,166,1.8559006211180125,-0.24963855421687164,0.4457831325301205,0.15169477120907635
all,ema_up,2,0.0,2.0,0,12.0,1.2,12,214,0.5559093328041708,-0.04182242990654595,0.4953271028037383,108,1.246453474392883,-0.06651234567901237,0.5092592592592593,0.14857910609008224
london_ny,any,2,0.0,2.0,0,15.0,1.2,12,609,1.544310707650586,-0.05956212370005683,0.48440065681444994,231,2.6704130373700474,-0.01243867243867283,0.5064935064935064,0.14849741462254182
all,ema_up,2,0.0,2.0,0,15.0,1.2,6,213,0.5533116256415345,-0.005915492957752422,0.48826291079812206,105,1.2118297667708584,-0.06920634920635287,0.45714285714285713,0.14846380064808945
all,ema_up,2,0.0,2.0,0,15.0,1.0,6,215,0.5585070399668071,-0.005178294573647959,0.5023255813953489,106,1.2233710026448665,-0.07987421383648181,0.46226415094339623,0.14606504701632209
london_ny,any,2,0.0,2.0,3,12.0,1.0,12,542,1.3744111716693228,-0.09983087330873455,0.503690036900369,206,2.3814072973949343,-0.08171521035599186,0.5242718446601942,0.14599143265523007
london_ny,ema_up,1,0.0,2.0,3,12.0,1.2,6,381,0.9709926906535936,-0.028543307086615267,0.49868766404199477,156,1.7440993788819876,-0.24070512820512738,0.3974358974358974,0.14485054196677785
london_ny,ema_up,1,0.0,2.0,0,10.0,1.2,12,462,1.1774137885263745,-0.024978354978357552,0.5173160173160173,196,2.191304347826087,-0.1923979591836719,0.45408163265306123,0.14421645379750825
london_ny,ema_up,2,0.0,2.0,3,15.0,1.2,12,141,0.36627670993172,0.03716312056736914,0.5319148936170213,70,0.8092160719303174,-0.038380952380946666,0.5,0.1400122822092429
london_ny,any,2,0.0,2.0,3,12.0,1.2,12,539,1.366803729759714,-0.10728200371057775,0.46567717996289426,206,2.3814072973949343,-0.0873786407767025,0.48058252427184467,0.1372045763817547
london_ny,ema_up,1,0.0,2.0,0,12.0,1.2,12,432,1.1009973186552569,-0.0357253086419785,0.5069444444444444,170,1.9006211180124224,-0.22666666666666657,0.4117647058823529,0.1371791673510105
london_ny,ema_up,1,0.0,2.0,0,12.0,1.0,6,464,1.1825526755926834,-0.07117456896551881,0.4978448275862069,197,2.2024844720496897,-0.18367174280880372,0.4517766497461929,0.13667217317832753
all,ema_up,2,0.0,2.0,3,15.0,1.2,12,195,0.5065528967140809,-0.024512820512826394,0.49230769230769234,93,1.0733349362827604,-0.07598566308243132,0.4838709677419355,0.13521694824273497
all,ema_up,2,0.0,2.0,3,15.0,1.0,6,202,0.5247368468525351,-0.017887788778883522,0.5,97,1.119499879778793,-0.08398625429553676,0.4639175257731959,0.13496774975905837
london_ny,ema_up,1,0.0,2.0,0,10.0,1.0,12,478,1.218190023626855,-0.06008368200837235,0.5460251046025104,208,2.325465838509317,-0.19120192307691924,0.49038461538461536,0.13464411025692793
all,ema_up,2,0.0,2.0,0,12.0,1.0,6,226,0.5870818187558066,-0.06449115044248396,0.4778761061946903,109,1.2579947102668911,-0.09457186544343907,0.48623853211009177,0.13447845273386064
london_ny,ema_up,1,0.0,2.0,3,10.0,1.2,6,386,0.9837440821202601,-0.01031088082901826,0.5129533678756477,165,1.84472049689441,-0.28127272727273156,0.40606060606060607,0.1343676419853622
london_ny,ema_up,2,0.0,2.0,0,12.0,1.2,12,156,0.4052423173712647,-0.009348290598295986,0.5128205128205128,80,0.9248183679203628,-0.05218749999999951,0.525,0.1338354559956196
london_ny,ema_up,1,0.0,2.0,3,10.0,1.2,12,375,0.955709924339631,-0.006320000000003271,0.528,154,1.7217391304347827,-0.2761688311688299,0.4155844155844156,0.1335604524003937
all,ema_up,2,0.0,2.0,3,15.0,1.2,6,201,0.5221391396898988,-0.014626865671649218,0.48756218905472637,97,1.119499879778793,-0.08487972508591407,0.4536082474226804,0.13304551270999296
all,ema_up,1,0.0,2.0,0,15.0,1.2,12,534,1.3566929550627216,-0.04649188514357462,0.49250936329588013,212,2.3665116279069767,-0.12006289308175581,0.42924528301886794,0.13288472653863143
all,ema_up,1,0.0,2.0,0,15.0,1.0,12,551,1.3998835547557296,-0.04742891712038968,0.5136116152450091,221,2.466976744186047,-0.11088989441930255,0.45701357466063347,0.13201899136440381
london_ny,any,2,0.0,2.0,3,10.0,1.0,12,567,1.4378065209160626,-0.08539682539682668,0.5308641975308642,218,2.5201300525829886,-0.0999082568807404,0.5458715596330275,0.1315309809809349
all,ema_up,1,0.0,2.0,3,15.0,1.2,12,486,1.2347103501204117,-0.04849108367627213,0.4897119341563786,192,2.1432558139534885,-0.1698263888888828,0.4010416666666667,0.13152760161515156
all,ema_up,2,0.0,2.0,3,10.0,1.0,12,204,0.5299322611778077,-0.06921568627451247,0.5294117647058824,97,1.119499879778793,-0.09360824742268327,0.5463917525773195,0.13112936713347764
all,ema_up,1,0.0,2.0,3,15.0,1.0,12,487,1.2372509063963797,-0.04720054757015964,0.5112936344969199,192,2.1432558139534885,-0.1772916666666621,0.421875,0.1310806409315402
all,ema_up,1,0.0,2.0,3,15.0,1.2,6,511,1.29822425701961,-0.0362687540769739,0.49510763209393344,208,2.3218604651162793,-0.15397435897435655,0.4230769230769231,0.13087601015461173
all,ema_up,1,0.0,2.0,3,15.0,1.0,6,511,1.29822425701961,-0.05099804305283811,0.5009784735812133,208,2.3218604651162793,-0.15070512820512663,0.4326923076923077,0.13065638674149482
london_ny,any,2,0.0,2.0,0,15.0,1.0,12,615,1.5595255914698034,-0.070113821138214,0.5073170731707317,237,2.739774414964075,-0.04708860759493744,0.5189873417721519,0.13014683189642645
all,ema_up,2,0.0,2.0,0,12.0,1.0,12,223,0.5792886972678976,-0.05964125560538179,0.515695067264574,108,1.246453474392883,-0.11435185185185325,0.5185185185185185,0.13010776021424977
all,ema_up,2,0.0,2.0,0,12.0,1.2,6,219,0.5688978686173524,-0.04649923896499843,0.4657534246575342,109,1.2579947102668911,-0.09778287461774508,0.45871559633027525,0.12963666321838974
london_ny,ema_up,2,0.0,2.0,3,10.0,1.0,12,148,0.3844606600701742,-0.018986486486490827,0.5608108108108109,72,0.8323365311283265,-0.06402777777778484,0.5694444444444444,0.12926731970171848
all,ema_up,2,0.0,2.0,3,15.0,1.0,12,196,0.5091506038767172,-0.01659863945578764,0.5204081632653061,93,1.0733349362827604,-0.1027956989247254,0.4946236559139785,0.12773510212272265
london_ny,ema_up,2,0.0,2.0,3,15.0,1.0,12,141,0.36627670993172,0.009456264775406169,0.5460992907801419,70,0.8092160719303174,-0.05971428571428028,0.5142857142857142,0.12700870233757763
london_ny,any,2,0.0,2.0,3,12.0,1.0,6,551,1.397233497398149,-0.08546581972172211,0.4863883847549909,208,2.4045277565929433,-0.11670673076923674,0.5096153846153846,0.12622306542915723
london_ny,ema_up,2,0.0,2.0,0,15.0,1.2,6,154,0.40004690304599205,0.03636363636362927,0.5194805194805194,78,0.9016979087223538,-0.07273504273504612,0.4358974358974359,0.1241151082149231
all,ema_up,2,0.0,2.0,0,10.0,1.0,12,230,0.5974726474063518,-0.052782608695653474,0.5347826086956522,116,1.3387833613849485,-0.1405172413793153,0.5086206896551724,0.12330644852174763
all,ema_up,2,0.0,2.0,3,12.0,1.0,6,204,0.5299322611778077,-0.06589052287582291,0.47549019607843135,97,1.119499879778793,-0.09424398625430834,0.4845360824742268,0.12262667189730245
london_ny,ema_up,1,0.0,2.0,3,12.0,1.2,12,365,0.9302160947206343,-0.029018264840185923,0.5123287671232877,146,1.6322981366459628,-0.2763127853881276,0.3972602739726027,0.12124127830485694
london_ny,ema_up,1,0.0,2.0,0,12.0,1.2,6,452,1.1519694167411485,-0.06532079646017815,0.48008849557522126,187,2.090683229813665,-0.22303921568627655,0.40641711229946526,0.12082044630961782
london_ny,any,2,0.0,2.0,3,12.0,1.2,6,549,1.39216186945841,-0.08682452944748519,0.4553734061930783,208,2.4045277565929433,-0.12431891025641267,0.49038461538461536,0.12006634245155073
london_ny,ema_up,2,0.0,2.0,0,15.0,1.0,6,155,0.4026446102086284,0.01952688172042517,0.5290322580645161,79,0.9132581383213583,-0.07898734177215494,0.4430379746835443,0.11964540495992124
london_ny,ema_up,1,0.0,2.0,0,10.0,1.2,6,476,1.213092994239295,-0.04586134453781736,0.49369747899159666,204,2.280745341614907,-0.2247058823529479,0.4362745098039216,0.11540381011572301
all,ema_up,2,0.0,2.0,3,12.0,1.2,6,204,0.5299322611778077,-0.06196895424837338,0.46078431372549017,97,1.119499879778793,-0.1060996563573969,0.4639175257731959,0.11527878428865235
all,ema_up,2,0.0,2.0,3,12.0,1.2,12,200,0.5195414325272625,-0.07504166666667128,0.48,94,1.0848761721567686,-0.1090425531914873,0.48936170212765956,0.11276697444871492
london_ny,ema_up,2,0.0,2.0,0,12.0,1.0,12,162,0.42082856034708255,-0.042232510288067245,0.5308641975308642,80,0.9248183679203628,-0.0967708333333347,0.5375,0.11246554488834565
london_ny,ema_up,1,0.0,2.0,0,10.0,1.0,6,491,1.2513207146459953,-0.06643584521385254,0.5173116089613035,215,2.4037267080745344,-0.21451162790698172,0.46511627906976744,0.11229566382493059
all,ema_up,2,0.0,2.0,0,10.0,1.2,6,231,0.600070354568988,-0.043766233766240975,0.4805194805194805,113,1.3041596537629239,-0.15477876106195815,0.46017699115044247,0.11165405482368654
all,ema_up,2,0.0,2.0,0,10.0,1.2,12,229,0.5948749402437155,-0.02515283842794887,0.5065502183406113,111,1.2810771820149074,-0.16477477477477612,0.4594594594594595,0.11106922857748058
all,ema_up,1,0.0,2.0,0,15.0,1.2,6,581,1.4761022600963318,-0.04838783706253828,0.4836488812392427,238,2.6567441860465117,-0.1195798319327715,0.4495798319327731,0.11043148345371827
london_ny,any,2,0.0,2.0,3,10.0,1.2,12,563,1.4276632650365844,-0.10502664298401593,0.47957371225577267,217,2.508569822983984,-0.12571428571429177,0.4838709677419355,0.10925637221143084
all,ema_up,2,0.0,2.0,3,10.0,1.0,6,206,0.5351276755030803,-0.0817961165048598,0.4854368932038835,99,1.1425823515268094,-0.12565656565657743,0.494949494949495,0.10788765140932793
all,ema_up,1,0.0,2.0,0,15.0,1.0,6,597,1.5167522362779864,-0.05819095477387034,0.49413735343383586,246,2.746046511627907,-0.10875338753387287,0.4634146341463415,0.1071206684857118
all,ema_up,2,0.0,2.0,0,10.0,1.0,6,232,0.6026680617316245,-0.07590517241379785,0.49137931034482757,118,1.3618658331329647,-0.1611864406779774,0.4830508474576271,0.10569272982147956
london_ny,any,2,0.0,2.0,0,15.0,1.2,6,622,1.5772762892588907,-0.06237942122186779,0.47106109324758844,242,2.7975755629590973,-0.0867217630854022,0.4834710743801653,0.10494422661581326
all,ema_up,2,0.0,2.0,3,10.0,1.2,6,206,0.5351276755030803,-0.052184466019424045,0.47572815533980584,99,1.1425823515268094,-0.14060606060607164,0.46464646464646464,0.10356696885563577
london_ny,any,2,0.0,2.0,3,10.0,1.0,6,569,1.442878148855802,-0.09463971880492646,0.5043936731107206,219,2.531690282181993,-0.14662100456621854,0.5159817351598174,0.10333483158457375
all,ema_up,1,0.0,2.0,3,12.0,1.0,12,500,1.2702781379839627,-0.08261666666666832,0.508,200,2.2325581395348837,-0.21583333333333385,0.445,0.10219603906987357
london_ny,ema_up,2,0.0,2.0,0,10.0,1.0,12,169,0.43901251048553674,-0.017988165680475718,0.5562130177514792,87,1.0057399751133946,-0.1375862068965577,0.5172413793103449,0.10182586467616968
all,ema_up,1,0.0,2.0,3,12.0,1.0,6,516,1.3109270383994496,-0.059447674418606614,0.5058139534883721,216,2.4111627906976745,-0.20798611111111182,0.4398148148148148,0.10160348659228853
all,ema_up,2,0.0,2.0,3,12.0,1.0,12,201,0.5221391396898988,-0.07964344941957002,0.5024875621890548,94,1.0848761721567686,-0.13900709219858107,0.5,0.10107032467415702
london_ny,ema_up,2,0.0,2.0,3,15.0,1.0,6,145,0.37666753858226526,-0.004597701149430986,0.5241379310344828,71,0.820776301529322,-0.09746478873239729,0.43661971830985913,0.10042368093969815
london_ny,ema_up,2,0.0,2.0,0,12.0,1.0,6,163,0.4234262675097189,-0.03880368098160169,0.5030674846625767,80,0.9248183679203628,-0.1081250000000146,0.4625,0.09967164153874572
all,ema_up,1,0.0,2.0,3,10.0,1.0,12,516,1.310938602681722,-0.06643410852713533,0.5387596899224806,211,2.3553488372093025,-0.2190995260663467,0.4597156398104265,0.0988402195055392
london_ny,ema_up,2,0.0,2.0,3,15.0,1.2,6,145,0.37666753858226526,0.01567816091953286,0.5172413793103449,71,0.820776301529322,-0.10760563380281946,0.4225352112676056,0.0981621947813687
all,any,2,0.0,2.0,3,15.0,1.2,12,672,1.698816755029669,-0.056676587301589365,0.47619047619047616,273,3.150757393604232,-0.0511355311355324,0.47619047619047616,0.09731891395133019
london_ny,any,2,0.0,2.0,0,15.0,1.0,6,628,1.5924911730781084,-0.07210191082802747,0.4872611464968153,248,2.8669369405531246,-0.0993010752688207,0.49193548387096775,0.09595250505974105
london_ny,ema_up,2,0.0,2.0,0,12.0,1.2,6,158,0.4104377316965373,-0.016350210970469587,0.4873417721518987,80,0.9248183679203628,-0.11395833333334078,0.4375,0.09565334275280514
all,ema_up,2,0.0,2.0,3,10.0,1.2,12,204,0.5299322611778077,-0.05073529411765005,0.4950980392156863,96,1.1079586439047848,-0.16364583333333357,0.4791666666666667,0.0948703370394824
london_ny,any,2,0.0,2.0,0,12.0,1.2,12,653,1.6558865223248482,-0.09465288412455543,0.47473200612557426,255,2.9478585477461565,-0.064901960784317,0.4980392156862745,0.09422675823208279
london_ny,ema_up,2,0.0,2.0,3,12.0,1.2,12,145,0.37666753858226526,-0.04488505747127079,0.496551724137931,71,0.820776301529322,-0.10880281690140842,0.49295774647887325,0.091518589471349
all,ema_up,1,0.0,2.0,3,12.0,1.2,6,515,1.3083864821234816,-0.06001618122977407,0.4893203883495146,211,2.3553488372093025,-0.22377567140600438,0.41232227488151657,0.0913186621022743
london_ny,ema_up,2,0.0,2.0,0,10.0,1.2,12,168,0.43641480332290045,-0.008690476190478521,0.5178571428571429,83,0.9594990567173765,-0.1513253012048205,0.46987951807228917,0.09032928883440125
london_ny,ema_up,2,0.0,2.0,3,10.0,1.2,12,148,0.3844606600701742,-0.020540540540545337,0.5135135135135135,72,0.8323365311283265,-0.13111111111111465,0.5,0.08945969958159987
london_ny,any,2,0.0,2.0,3,10.0,1.2,6,566,1.4352707069461932,-0.09823321554770868,0.46996466431095407,219,2.531690282181993,-0.16844748858448066,0.4748858447488584,0.08848466332863687
london_ny,ema_up,2,0.0,2.0,3,10.0,1.0,6,149,0.3870583672328105,-0.04208053691276084,0.5167785234899329,72,0.8323365311283265,-0.13361111111112436,0.4861111111111111,0.08332060334961174
all,ema_up,1,0.0,2.0,0,12.0,1.0,12,593,1.506589742232573,-0.08329117481731445,0.5092748735244519,247,2.7572093023255815,-0.15937921727395507,0.46963562753036436,0.08273047524600177
london_ny,ema_up,2,0.0,2.0,3,12.0,1.0,12,146,0.37926524574490156,-0.05713470319634926,0.5205479452054794,71,0.820776301529322,-0.13157276995305373,0.5070422535211268,0.08194998464322294
all,ema_up,1,0.0,2.0,3,10.0,1.0,6,527,1.3388849682427666,-0.052865275142316044,0.5256166982922201,225,2.511627906976744,-0.24800000000000308,0.4488888888888889,0.08121967512648198
all,any,2,0.0,2.0,3,15.0,1.0,12,673,1.701344756153225,-0.07420505200594568,0.4947994056463596,273,3.150757393604232,-0.08280830280830521,0.48717948717948717,0.08108422110469524
london_ny,any,2,0.0,2.0,0,12.0,1.0,12,676,1.7142102436318492,-0.09031065088757588,0.5118343195266272,262,3.028780154939188,-0.08520992366412626,0.5305343511450382,0.07939650653809337
london_ny,ema_up,2,0.0,2.0,3,12.0,1.0,6,147,0.3818629529075379,-0.050623582766447274,0.4965986394557823,71,0.820776301529322,-0.12676056338029523,0.4507042253521127,0.07910597501508566
all,ema_up,1,0.0,2.0,3,12.0,1.2,12,496,1.2601159128800912,-0.07459677419355044,0.48185483870967744,195,2.1767441860465118,-0.2658974358974365,0.38974358974358975,0.0764707173412681
all,ema_up,1,0.0,2.0,3,10.0,1.2,12,508,1.2906139731827806,-0.06503937007874386,0.49606299212598426,206,2.29953488372093,-0.2633009708737857,0.4077669902912621,0.07596374308991699
all,ema_up,1,0.0,2.0,3,10.0,1.2,6,521,1.3236414961185605,-0.042284069097890654,0.4990403071017274,223,2.4893023255813955,-0.2628699551569531,0.4125560538116592,0.07473102787233316
london_ny,ema_up,2,0.0,2.0,0,10.0,1.2,6,168,0.43641480332290045,-0.01738095238096137,0.5059523809523809,84,0.9710592863163809,-0.17738095238096244,0.44047619047619047,0.07333057971219284
all,ema_up,1,0.0,2.0,0,12.0,1.2,12,576,1.463399142539565,-0.0671006944444467,0.484375,230,2.5674418604651166,-0.1950724637681164,0.41739130434782606,0.0720753043423279
london_ny,ema_up,2,0.0,2.0,3,10.0,1.2,6,149,0.3870583672328105,-0.02322147651007654,0.5033557046979866,72,0.8323365311283265,-0.1604166666666772,0.4444444444444444,0.07019210782388582
all,any,2,0.0,2.0,3,15.0,1.2,6,700,1.7696007864892385,-0.05466666666667084,0.4757142857142857,286,3.3007934599663384,-0.08410256410256592,0.48951048951048953,0.07003711875942673
london_ny,ema_up,2,0.0,2.0,0,10.0,1.0,6,169,0.43901251048553674,-0.03982248520710731,0.5207100591715976,88,1.0173002047123991,-0.18840909090910268,0.4659090909090909,0.06768032619607864
all,any,2,0.0,2.0,3,15.0,1.0,6,700,1.7696007864892385,-0.05743809523809878,0.49142857142857144,286,3.3007934599663384,-0.0983916083916109,0.493006993006993,0.06418812775043552
all,ema_up,1,0.0,2.0,0,12.0,1.0,6,625,1.587889694595882,-0.0792533333333351,0.496,267,2.98046511627907,-0.1680087390761596,0.4681647940074906,0.06258394123063382
london_ny,ema_up,2,0.0,2.0,3,12.0,1.2,6,147,0.3818629529075379,-0.0414399092970594,0.47619047619047616,71,0.820776301529322,-0.15985915492958525,0.4225352112676056,0.06221103394006672
london_ny,any,2,0.0,2.0,0,12.0,1.2,6,659,1.6711014061440659,-0.09992412746585934,0.456752655538695,263,3.040340384538193,-0.12227503168568017,0.4790874524714829,0.06151750704354192
london_ny,any,2,0.0,2.0,0,12.0,1.0,6,682,1.7294251274510666,-0.09341397849462521,0.48826979472140764,269,3.10970176213222,-0.112236679058245,0.5055762081784386,0.05989678378856564
all,ema_up,1,0.0,2.0,0,12.0,1.2,6,610,1.549780341925581,-0.07774590163934474,0.4786885245901639,254,2.8353488372093025,-0.18599081364829698,0.4330708661417323,0.05804039798896267
all,ema_up,1,0.0,2.0,0,10.0,1.2,12,616,1.564968860817558,-0.07222402597402901,0.49188311688311687,262,2.9246511627906977,-0.18583969465648773,0.44274809160305345,0.05780252505072432
all,ema_up,1,0.0,2.0,0,10.0,1.0,12,636,1.6157795381168294,-0.0856761006289347,0.5283018867924528,276,3.08093023255814,-0.18927536231883804,0.4782608695652174,0.048776140503514455
all,any,2,0.0,2.0,0,15.0,1.2,12,783,1.979424879744391,-0.053384418901661755,0.4789272030651341,327,3.7739841308006734,-0.03818552497451654,0.47706422018348627,0.04790743620386234
all,any,2,0.0,2.0,3,12.0,1.0,12,704,1.7797127909834627,-0.09997632575757603,0.4943181818181818,291,3.358499639336379,-0.11526345933562726,0.49828178694158076,0.046737707735827166
all,any,2,0.0,2.0,3,12.0,1.2,12,701,1.7721287876127945,-0.10493342843556962,0.4607703281027104,291,3.358499639336379,-0.1059278350515483,0.46735395189003437,0.0466939426112694
all,any,2,0.0,2.0,3,10.0,1.0,12,735,1.8580808258137003,-0.09839455782312939,0.5156462585034014,311,3.5893243568165425,-0.10864951768489126,0.5305466237942122,0.038649615619024295
all,any,2,0.0,2.0,3,12.0,1.0,6,722,1.8252168112074716,-0.08397968605725087,0.48614958448753465,297,3.4277470545804283,-0.12427048260381962,0.4983164983164983,0.03637811243136325
all,ema_up,1,0.0,2.0,0,10.0,1.2,6,641,1.6284822074416472,-0.06595943837753682,0.48829953198127923,277,3.092093023255814,-0.2083032490974793,0.44404332129963897,0.036194517471325384
london_ny,any,1,0.0,2.0,0,15.0,1.2,12,1190,3.0162376237623763,-0.067798319327733,0.4865546218487395,413,4.6173913043478265,-0.057191283292976576,0.48668280871670705,0.03370027061672162
all,any,2,0.0,2.0,3,12.0,1.2,6,720,1.8201608089603596,-0.08712962962963353,0.4597222222222222,297,3.4277470545804283,-0.13641975308641935,0.47474747474747475,0.02761388197897125
london_ny,any,2,0.0,2.0,0,10.0,1.2,12,720,1.8257860583061114,-0.1231388888888913,0.46944444444444444,284,3.283105206117288,-0.12316901408451231,0.4859154929577465,0.0268527257409658
all,ema_up,1,0.0,2.0,0,10.0,1.0,6,659,1.6742118170109914,-0.08044006069802946,0.5098634294385432,290,3.2372093023255815,-0.21058620689655672,0.4689655172413793,0.026695554550810394
all,any,2,0.0,2.0,0,15.0,1.2,6,807,2.0400969067097363,-0.06267657992565387,0.4708798017348203,346,3.9932676124068287,-0.0754720616570333,0.4884393063583815,0.025890176991783413
all,any,2,0.0,2.0,0,15.0,1.0,12,791,1.9996488887328394,-0.06372524230931481,0.5006321112515802,336,3.877855253666747,-0.07851190476190706,0.4880952380952381,0.025835946020813804
all,any,2,0.0,2.0,0,12.0,1.2,12,837,2.115936940416418,-0.09220430107527032,0.47072879330943845,363,4.189468622264968,-0.07141873278237183,0.4931129476584022,0.02226844446419075
all,any,1,0.0,2.0,0,15.0,1.2,12,1530,3.8660770688566015,-0.0673551198257103,0.47843137254901963,576,6.419814241486067,-0.08252314814814608,0.46875,0.02019012799564318
all,any,2,0.0,2.0,0,15.0,1.0,6,815,2.0603209156981848,-0.06579959100204753,0.4883435582822086,355,4.097138735272902,-0.0914366197183112,0.49577464788732395,0.01968824562919328
london_ny,any,2,0.0,2.0,0,10.0,1.0,12,735,1.8638232678541553,-0.12655782312925382,0.508843537414966,298,3.4449484205033514,-0.13500000000000584,0.5268456375838926,0.019300522432453112
all,any,2,0.0,2.0,3,10.0,1.0,6,743,1.8783048348021487,-0.10624495289367636,0.4952893674293405,314,3.6239480644385673,-0.13474522292994157,0.5095541401273885,0.018174574526567167
all,any,2,0.0,2.0,3,10.0,1.2,12,728,1.8403848179488078,-0.10589285714285808,0.4725274725274725,309,3.5662418850685262,-0.14090614886731712,0.4692556634304207,0.017888637960789815
london_ny,any,2,0.0,2.0,0,10.0,1.2,6,724,1.83592931418559,-0.1295027624309424,0.457182320441989,289,3.3409063541123105,-0.13446366782007424,0.4809688581314879,0.017360935992908364
london_ny,any,1,0.0,2.0,0,15.0,1.0,12,1226,3.1074851485148516,-0.09370853724850639,0.50163132137031,432,4.829813664596274,-0.09441358024691233,0.49537037037037035,0.013390784544740707
all,any,2,0.0,2.0,0,12.0,1.0,12,867,2.1917769741230995,-0.08761053440984362,0.5051903114186851,372,4.293339745131042,-0.1059811827957024,0.5134408602150538,0.011389962452404825
all,any,2,0.0,2.0,0,12.0,1.0,6,880,2.224640988729328,-0.08721590909091019,0.48977272727272725,385,4.443375811493148,-0.10536796536796846,0.5116883116883116,0.010798701298699684
london_ny,any,2,0.0,2.0,0,10.0,1.0,6,738,1.8714307097637641,-0.14172086720867513,0.483739837398374,302,3.4911893388993693,-0.13913907284768742,0.5099337748344371,0.009937471177415225
london_ny,any,1,0.0,2.0,0,12.0,1.0,12,1367,3.464871287128713,-0.10702267739575823,0.506949524506218,512,5.724223602484472,-0.10358072916666694,0.515625,0.00889411262115914
london_ny,any,1,0.0,2.0,3,15.0,1.2,12,985,2.4966336633663366,-0.06350592216582224,0.4903553299492386,363,4.058385093167702,-0.10813590449954139,0.4573002754820937,0.008885452587713234
all,any,1,0.0,2.0,0,15.0,1.0,12,1579,3.9898926089703095,-0.0926746886214923,0.493350221659278,604,6.731888544891641,-0.10429359823399466,0.48509933774834435,0.007710387928202278
london_ny,any,1,0.0,2.0,3,12.0,1.0,12,1063,2.6943366336633665,-0.08659454374412116,0.5192850423330198,387,4.326708074534162,-0.11565460809646902,0.5090439276485789,0.00750516248927359
all,any,2,0.0,2.0,3,10.0,1.2,6,739,1.8681928303079245,-0.10293640054127474,0.4668470906630582,313,3.612406828564559,-0.15450479233227216,0.4728434504792332,0.006873696861713914
london_ny,any,1,0.0,2.0,0,15.0,1.2,6,1280,3.2443564356435646,-0.0813750000000012,0.4609375,472,5.277018633540373,-0.10628531073446632,0.4639830508474576,0.00534179025423568
all,any,1,0.0,2.0,0,15.0,1.2,6,1659,4.192040429564119,-0.07856540084388215,0.4665461121157324,660,7.356037151702786,-0.11062626262626463,0.4681818181818182,0.004650589073372922
all,any,1,0.0,2.0,0,15.0,1.0,6,1708,4.315855969677827,-0.0882279469164713,0.4806791569086651,687,7.656965944272446,-0.11704997573993335,0.48034934497816595,0.0017508138769855817
all,any,2,0.0,2.0,0,12.0,1.2,6,850,2.148800955022647,-0.09145098039215925,0.4611764705882353,376,4.339504688627074,-0.11580230496453887,0.48138297872340424,0.0007958880892778471
london_ny,any,1,0.0,2.0,3,15.0,1.0,12,992,2.5143762376237624,-0.0828360215053779,0.5080645161290323,364,4.069565217391305,-0.12686813186813165,0.4725274725274725,-0.0010018905825359553
london_ny,any,1,0.0,2.0,0,15.0,1.0,6,1318,3.3406732673267325,-0.09467880627213032,0.4757207890743551,490,5.478260869565218,-0.11893877551020617,0.47346938775510206,-0.0013252320047908751
all,any,1,0.0,2.0,3,15.0,1.2,6,1377,3.479469361970941,-0.06505446623093522,0.47421931735657225,537,5.985139318885449,-0.13608938547486127,0.4506517690875233,-0.005474973933293659
london_ny,any,1,0.0,2.0,3,15.0,1.2,6,1056,2.6765940594059408,-0.06739267676767685,0.4649621212121212,384,4.2931677018633545,-0.1366145833333348,0.453125,-0.006394491792929963
all,any,1,0.0,2.0,3,15.0,1.2,12,1274,3.2192040429564117,-0.06340659340659534,0.4811616954474097,495,5.5170278637770895,-0.13952861952861875,0.43232323232323233,-0.008178789464503781
all,any,1,0.0,2.0,0,12.0,1.0,12,1751,4.424510423246999,-0.10977060727203622,0.500856653340948,711,7.924458204334365,-0.1354313173933437,0.4964838255977497,-0.008206999054589537
all,any,2,0.0,2.0,0,10.0,1.0,12,946,2.3914890628840277,-0.11711416490486377,0.5063424947145877,416,4.801154123587401,-0.14317307692308165,0.5168269230769231,-0.010850900552937793
all,any,1,0.0,2.0,3,15.0,1.0,6,1382,3.492103600758054,-0.07533526290400235,0.4840810419681621,537,5.985139318885449,-0.14581005586592283,0.45623836126629425,-0.010853689495428212
london_ny,any,1,0.0,2.0,0,10.0,1.2,12,1439,3.6473663366336635,-0.10961779013203776,0.47810979847116053,562,6.282498156270621,-0.13633451957295356,0.4822064056939502,-0.0111479613412836
all,any,2,0.0,2.0,0,10.0,1.2,6,927,2.3434570415364626,-0.12099244875944076,0.459546925566343,407,4.6972830007213275,-0.131621621621625,0.48402948402948404,-0.01204792480035385
london_ny,any,1,0.0,2.0,3,15.0,1.0,6,1060,2.686732673267327,-0.07866037735849073,0.47830188679245284,384,4.2931677018633545,-0.14769097222222405,0.4583333333333333,-0.012444585298743
all,any,2,0.0,2.0,0,10.0,1.2,12,920,2.3257610336715704,-0.10851086956521905,0.4706521739130435,398,4.593411877855254,-0.13819095477387364,0.4748743718592965,-0.012868057679705124
london_ny,any,1,0.0,2.0,0,12.0,1.0,6,1429,3.622019801980198,-0.1184861208304173,0.4793561931420574,555,6.204968944099379,-0.13830330330330645,0.4900900900900901,-0.012956891986459489
all,any,1,0.0,2.0,0,12.0,1.0,6,1841,4.651926721415035,-0.11187760275212646,0.48451928299837044,772,8.604334365325077,-0.14465673575129853,0.49222797927461137,-0.014022289561129976
all,any,1,0.0,2.0,3,12.0,1.0,12,1372,3.466835123183828,-0.10080782312925278,0.5043731778425656,532,5.929411764705882,-0.15021929824561364,0.4849624060150376,-0.014045349342744661
all,any,1,0.0,2.0,3,15.0,1.0,12,1283,3.241945672773215,-0.08312808521694137,0.49727201870615745,496,5.528173374613003,-0.15038978494623598,0.45161290322580644,-0.01427612901130594
all,any,2,0.0,2.0,0,10.0,1.0,6,953,2.4091850707489204,-0.13208814270724184,0.4858342077649528,424,4.893484010579466,-0.143231132075475,0.5070754716981132,-0.015872380417353154
london_ny,any,1,0.0,2.0,3,12.0,1.2,12,1043,2.6436435643564358,-0.09100351550016073,0.48034515819750717,378,4.22608695652174,-0.15123456790123585,0.455026455026455,-0.016736355243067418
london_ny,any,1,0.0,2.0,3,12.0,1.0,6,1106,2.803326732673267,-0.08824593128390598,0.4891500904159132,408,4.561490683229814,-0.16045751633987107,0.48284313725490197,-0.01711325036343731
london_ny,any,1,0.0,2.0,0,12.0,1.2,12,1316,3.3356039603960395,-0.1109675785207718,0.46808510638297873,478,5.344099378881988,-0.1425906555090654,0.4581589958158996,-0.017139155782494895
london_ny,any,1,0.0,2.0,0,10.0,1.0,12,1504,3.812118811881188,-0.1192220744680874,0.5132978723404256,597,6.673756938244769,-0.16125628140703385,0.5108877721943048,-0.01965607069033096
all,any,1,0.0,2.0,0,12.0,1.2,12,1690,4.27037271004422,-0.11284516765286187,0.46272189349112425,667,7.434055727554179,-0.15204897551224397,0.4527736131934033,-0.022577616517185622
all,any,1,0.0,2.0,3,12.0,1.0,6,1440,3.638660770688566,-0.09507523148147994,0.48819444444444443,573,6.386377708978328,-0.16812100058173535,0.47643979057591623,-0.02261579527826306
all,any,1,0.0,2.0,0,10.0,1.2,12,1845,4.662034112444725,-0.11737127371273931,0.47208672086720865,777,8.660061919504644,-0.15467181467181493,0.46846846846846846,-0.022625388454657298
london_ny,any,1,0.0,2.0,3,12.0,1.2,6,1095,2.7754455445544552,-0.08725266362252691,0.4611872146118721,401,4.483229813664597,-0.16652119700748266,0.4513715710723192,-0.02418855354004705
all,any,1,0.0,2.0,0,12.0,1.2,6,1781,4.500315855969678,-0.11641867864495502,0.4570466030320045,733,8.169659442724457,-0.15961800818553976,0.45702592087312416,-0.02655691717357125
all,any,1,0.0,2.0,0,10.0,1.0,12,1925,4.864181933038535,-0.1252831168831192,0.507012987012987,828,9.228482972136222,-0.17248792270531335,0.501207729468599,-0.027204766296505596
all,any,1,0.0,2.0,3,12.0,1.2,6,1426,3.6032849020846496,-0.09071996259934385,0.4670406732117812,564,6.286068111455108,-0.17312352245862983,0.44680851063829785,-0.028016692901833347
all,any,1,0.0,2.0,0,10.0,1.2,6,1910,4.826279216677195,-0.11953926701570569,0.4638743455497382,814,9.072445820433435,-0.16662162162162428,0.4742014742014742,-0.02827371843523773
london_ny,any,1,0.0,2.0,3,10.0,1.0,12,1115,2.826138613861386,-0.11074439461883626,0.5228699551569507,422,4.716913762322441,-0.18246445497630198,0.4928909952606635,-0.028825286379189262
all,any,1,0.0,2.0,3,12.0,1.2,12,1350,3.4112444725205306,-0.1024012345679028,0.46814814814814815,520,5.795665634674922,-0.17137820512820576,0.4423076923076923,-0.029962262583096522
london_ny,any,1,0.0,2.0,0,12.0,1.2,6,1380,3.497821782178218,-0.11978864734299526,0.45217391304347826,524,5.858385093167702,-0.16486959287531874,0.4484732824427481,-0.03069302236604376
london_ny,any,1,0.0,2.0,0,10.0,1.2,6,1483,3.7588910891089107,-0.11838165879973059,0.46257585974376264,588,6.573147537165703,-0.17205782312925302,0.4710884353741497,-0.030864715643506874
london_ny,any,1,0.0,2.0,3,10.0,1.2,12,1097,2.7805148514851483,-0.09437556973564395,0.49042844120328166,411,4.593961033920671,-0.18299270072992696,0.45498783454987834,-0.031201623760443997
london_ny,any,1,0.0,2.0,0,10.0,1.0,6,1540,3.9033663366336633,-0.12548051948052055,0.4935064935064935,619,6.919691029771378,-0.1804200323101789,0.4911147011308562,-0.03249832364727433
all,any,1,0.0,2.0,0,10.0,1.0,6,1980,5.003158559696779,-0.12882828282828263,0.4904040404040404,861,9.59628482972136,-0.1791289198606297,0.4912891986062718,-0.03272454862211069
london_ny,any,1,0.0,2.0,3,10.0,1.0,6,1145,2.902178217821782,-0.10805240174672623,0.5021834061135371,442,4.940464177598386,-0.22147058823529858,0.47058823529411764,-0.04910425122014099
all,any,1,0.0,2.0,3,10.0,1.0,12,1444,3.6487681617182566,-0.12630886426593035,0.5083102493074793,588,6.553560371517027,-0.21948979591836654,0.4710884353741497,-0.05150782501366209
all,any,1,0.0,2.0,3,10.0,1.2,12,1418,3.5830701200252686,-0.1164880112835001,0.47461212976022565,574,6.397523219814241,-0.21667247386759542,0.43902439024390244,-0.053167169984716434
london_ny,any,1,0.0,2.0,3,10.0,1.2,6,1131,2.8666930693069306,-0.0994429708222819,0.47038019451812557,434,4.851044011488008,-0.22578341013825215,0.4423963133640553,-0.053732487664358015
all,any,1,0.0,2.0,3,10.0,1.0,6,1490,3.7650031585596966,-0.12106040268456328,0.49328859060402686,617,6.876780185758514,-0.2329821717990311,0.46677471636953,-0.05771215667932232
all,any,1,0.0,2.0,3,10.0,1.2,6,1469,3.711939355653822,-0.11366916269570983,0.46426140231449964,606,6.754179566563467,-0.2418481848184843,0.43564356435643564,-0.06478808915609136
