time,symbol,direction,higher_tf_trend,mid_tf_pullback_status,lower_tf_reversal_status,regime,regime_reason,higher_tf_swing_state,ema_slope,trend_strength,volatility_state,entry_allowed_by_regime,blocked_by_regime_reason,lower_reversal_quality,pullback_depth_atr,sl_atr,setup_pass,entry_pass,final_entry_pass,skip_reason,structure_stage_fail_reason,execution_block_reason,higher_tf_trend_pass,mid_tf_pullback_pass,lower_tf_reversal_pass,structure_sl_pass,rr_pass,spread_atr,max_spread_atr,spread_guard_pass,spread_guard_blocked,spread_points,atr_value,entry_price,sl,tp,risk_r,rr,swing_high,swing_low,structure_sl_source,strategy_name
2024.01.04 02:45:00,GBPJPY,LONG,up,valid_higher_low,minor_high_reclaimed_quality_ok,REGIME_TREND_UP,trend_up swing=HH_HL strength=0.523 range_atr=9.48 vol=normal,HH_HL,0.167,0.5232,normal,true,,100.00,4.26,3.31,true,true,true,,,,true,true,true,true,true,0.1795,0.2000,true,false,14.0,0.078,181.429,181.171,181.816,0.258,1.50,181.751,181.185,mid_fractal_low,DowFractal_ThirdWave_Regime
2024.01.05 12:30:00,GBPJPY,LONG,up,valid_higher_low,minor_high_reclaimed_quality_ok,REGIME_TREND_UP,trend_up swing=HH_HL strength=1.694 range_atr=16.54 vol=normal,HH_HL,0.418,1.6935,normal,true,,100.00,2.82,3.69,true,true,true,,,,true,true,true,true,true,0.1893,0.2000,true,false,16.0,0.084,183.939,183.627,184.407,0.312,1.50,184.121,183.643,mid_fractal_low,DowFractal_ThirdWave_Regime
2024.01.05 14:15:00,GBPJPY,LONG,up,valid_higher_low,minor_high_reclaimed_quality_ok,REGIME_TREND_UP,trend_up swing=HH_HL strength=1.500 range_atr=14.51 vol=normal,HH_HL,0.389,1.4999,normal,true,,100.00,3.11,3.28,true,true,true,max_positions,,max_positions,true,true,true,true,true,0.1478,0.2000,true,false,10.0,0.068,183.906,183.684,184.239,0.222,1.50,184.121,183.694,mid_fractal_low,DowFractal_ThirdWave_Regime
2024.01.08 10:15:00,XAUUSD,SHORT,down,valid_lower_high,minor_low_broken_quality_ok,REGIME_TREND_DOWN,trend_down swing=LL_LH strength=0.233 range_atr=9.30 vol=normal,LL_LH,-0.99,0.2330,normal,true,,100.00,2.43,2.70,true,true,true,,,,true,true,true,true,true,0.1099,0.2000,true,false,18.0,1.64,2029.06,2033.48,2022.43,4.42,1.50,2033.30,2027.22,mid_fractal_high,DowFractal_ThirdWave_Regime
2024.01.08 10:45:00,XAUUSD,SHORT,down,valid_lower_high,minor_low_broken_quality_ok,REGIME_TREND_DOWN,trend_down swing=LL_LH strength=0.233 range_atr=9.30 vol=normal,LL_LH,-0.99,0.2330,normal,true,,100.00,2.29,3.46,true,true,true,max_positions,,max_positions,true,true,true,true,true,0.1220,0.2000,true,false,18.0,1.48,2028.37,2033.48,2020.71,5.11,1.50,2033.30,2027.22,mid_fractal_high,DowFractal_ThirdWave_Regime
2024.01.08 12:45:00,XAUUSD,SHORT,down,valid_lower_high,minor_low_broken_quality_ok,REGIME_TREND_DOWN,trend_down swing=LL_LH strength=0.328 range_atr=9.86 vol=normal,LL_LH,-1.31,0.3285,normal,true,,100.00,1.92,3.76,true,true,true,max_positions,,max_positions,true,true,true,true,true,0.1425,0.2000,true,false,17.0,1.19,2027.39,2031.88,2020.66,4.49,1.50,2031.71,2026.59,mid_fractal_high,DowFractal_ThirdWave_Regime
2024.01.10 10:45:00,EURJPY,LONG,up,valid_higher_low,minor_high_reclaimed_quality_ok,REGIME_TREND_UP,trend_up swing=HH_HL strength=0.159 range_atr=6.33 vol=normal,HH_HL,0.035,0.1589,normal,true,,100.00,0.80,3.42,true,true,true,,,,true,true,true,true,true,0.1385,0.2000,true,false,12.0,0.087,158.625,158.329,159.069,0.296,1.50,158.590,158.341,mid_fractal_low,DowFractal_ThirdWave_Regime
2024.01.11 04:30:00,GBPJPY,LONG,up,valid_higher_low,minor_high_reclaimed_quality_ok,REGIME_TREND_UP,trend_up swing=HH_HL strength=0.719 range_atr=12.55 vol=normal,HH_HL,0.176,0.7189,normal,true,,100.00,2.54,4.20,true,true,true,,,,true,true,true,true,true,0.1670,0.2000,true,false,12.0,0.072,185.728,185.426,186.181,0.302,1.50,185.822,185.438,mid_fractal_low,DowFractal_ThirdWave_Regime
2024.01.11 11:00:00,GBPJPY,LONG,up,valid_higher_low,minor_high_reclaimed_quality_ok,REGIME_TREND_UP,trend_up swing=HH_HL strength=1.058 range_atr=13.68 vol=normal,HH_HL,0.240,1.0577,normal,true,,100.00,3.06,2.50,true,true,true,max_positions,,max_positions,true,true,true,true,true,0.1956,0.2000,true,false,14.0,0.072,185.669,185.490,185.938,0.179,1.50,185.849,185.504,mid_fractal_low,DowFractal_ThirdWave_Regime
2024.01.12 20:15:00,GBPUSD,LONG,up,valid_higher_low,minor_high_reclaimed_quality_ok,REGIME_TREND_UP,trend_up swing=HH_HL strength=0.131 range_atr=4.51 vol=normal,HH_HL,0.00028,0.1309,normal,true,,100.00,4.50,2.85,true,true,true,,,,true,true,true,true,true,0.1964,0.2000,true,false,10.0,0.00051,1.27451,1.27306,1.27669,0.00145,1.50,1.27849,1.27316,mid_fractal_low,DowFractal_ThirdWave_Regime
2024.01.17 07:00:00,GBPJPY,LONG,up,valid_higher_low,minor_high_reclaimed_quality_ok,REGIME_TREND_UP,trend_up swing=HH_HL strength=0.520 range_atr=6.15 vol=normal,HH_HL,0.118,0.5200,normal,true,,100.00,4.10,2.74,true,true,true,,,,true,true,true,true,true,0.1559,0.2000,true,false,9.0,0.058,186.016,185.858,186.253,0.158,1.50,186.348,185.867,mid_fractal_low,DowFractal_ThirdWave_Regime
2024.01.17 14:00:00,XAUUSD,SHORT,down,valid_lower_high,minor_low_broken_quality_ok,REGIME_TREND_DOWN,trend_down swing=LL_LH strength=0.692 range_atr=9.25 vol=normal,LL_LH,-3.06,0.6920,normal,true,,100.00,4.82,3.95,true,true,true,,,,true,true,true,true,true,0.1531,0.2000,true,false,18.0,1.18,2023.84,2028.48,2016.88,4.64,1.50,2028.30,2017.63,mid_fractal_high,DowFractal_ThirdWave_Regime
2024.01.18 18:00:00,USDJPY,LONG,up,valid_higher_low,minor_high_reclaimed_quality_ok,REGIME_TREND_UP,trend_up swing=HH_HL strength=0.620 range_atr=8.10 vol=normal,HH_HL,0.140,0.6202,normal,true,,75.00,2.79,3.90,true,true,true,,,,true,true,true,true,true,0.1553,0.2000,true,false,14.0,0.090,148.184,147.832,148.712,0.352,1.50,148.296,147.846,mid_fractal_low,DowFractal_ThirdWave_Regime
2024.01.19 10:30:00,USDJPY,LONG,up,valid_higher_low,minor_high_reclaimed_quality_ok,REGIME_TREND_UP,trend_up swing=HH_HL strength=0.514 range_atr=5.94 vol=normal,HH_HL,0.108,0.5138,normal,true,,100.00,1.97,1.67,true,true,true,,,,true,true,true,true,true,0.1580,0.2000,true,false,15.0,0.095,148.327,148.168,148.566,0.159,1.50,148.800,148.183,mid_fractal_low,DowFractal_ThirdWave_Regime
2024.01.19 18:00:00,XAUUSD,LONG,up,valid_higher_low,minor_high_reclaimed_quality_ok,REGIME_TREND_UP,trend_up swing=HH_HL strength=0.171 range_atr=8.94 vol=normal,HH_HL,0.72,0.1715,normal,true,,100.00,4.73,1.94,true,true,true,,,,true,true,true,true,true,0.0712,0.2000,true,false,18.0,2.53,2027.91,2023.00,2035.28,4.91,1.50,2039.36,2023.18,mid_fractal_low,DowFractal_ThirdWave_Regime
2024.01.19 21:15:00,XAUUSD,LONG,up,valid_higher_low,minor_high_reclaimed_quality_ok,REGIME_TREND_UP,trend_up swing=HH_HL strength=0.112 range_atr=8.00 vol=normal,HH_HL,0.53,0.1119,normal,true,,100.00,5.57,2.86,true,true,true,max_positions,,max_positions,true,true,true,true,true,0.1845,0.2000,true,false,18.0,0.98,2029.02,2026.23,2033.21,2.79,1.50,2039.36,2026.41,mid_fractal_low,DowFractal_ThirdWave_Regime
2024.01.22 10:44:59,EURJPY,LONG,up,valid_higher_low,minor_high_reclaimed_quality_ok,REGIME_TREND_UP,trend_up swing=HH_HL strength=0.053 range_atr=6.17 vol=normal,HH_HL,0.011,0.0534,normal,true,,100.00,2.57,2.38,true,true,true,,,,true,true,true,true,true,0.1898,0.2000,true,false,13.0,0.069,161.429,161.266,161.674,0.163,1.50,161.548,161.279,mid_fractal_low,DowFractal_ThirdWave_Regime
2024.01.22 15:59:59,GBPUSD,LONG,up,valid_higher_low,minor_high_reclaimed_quality_ok,REGIME_TREND_UP,trend_up swing=HH_HL strength=0.149 range_atr=6.39 vol=normal,HH_HL,0.00019,0.1486,normal,true,,100.00,0.85,1.87,true,true,true,,,,true,true,true,true,true,0.1719,0.2000,true,false,11.0,0.00064,1.27276,1.27156,1.27456,0.00120,1.50,1.27301,1.27167,mid_fractal_low,DowFractal_ThirdWave_Regime
2024.01.23 12:59:59,EURJPY,SHORT,down,valid_lower_high,minor_low_broken_quality_ok,REGIME_TREND_DOWN,trend_down swing=LL_LH strength=0.188 range_atr=3.57 vol=high,LL_LH,-0.068,0.1879,high,true,,100.00,2.97,3.70,true,true,true,,,,true,true,true,true,true,0.1646,0.2000,true,false,14.0,0.085,160.690,161.005,160.218,0.315,1.50,160.991,160.415,mid_fractal_high,DowFractal_ThirdWave_Regime
2024.01.23 17:29:59,EURJPY,SHORT,down,valid_lower_high,minor_low_broken_quality_ok,REGIME_TREND_DOWN,trend_down swing=LL_LH strength=0.057 range_atr=3.18 vol=high,LL_LH,-0.023,0.0574,high,true,,100.00,5.05,2.90,true,true,true,,,,true,true,true,true,true,0.1837,0.2000,true,false,15.0,0.082,160.851,161.088,160.496,0.237,1.50,161.073,160.415,mid_fractal_high,DowFractal_ThirdWave_Regime
2024.01.23 19:44:59,XAUUSD,SHORT,down,valid_lower_high,minor_low_broken_quality_ok,REGIME_TREND_DOWN,trend_down swing=LL_LH strength=0.122 range_atr=4.42 vol=normal,LL_LH,-0.59,0.1225,normal,true,,100.00,2.62,4.65,true,true,true,max_positions,,max_positions,true,true,true,true,true,0.1721,0.2000,true,false,18.0,1.05,2023.04,2027.90,2015.75,4.86,1.50,2027.72,2021.38,mid_fractal_high,DowFractal_ThirdWave_Regime
2024.01.30 11:14:59,EURJPY,SHORT,down,valid_lower_high,minor_low_broken_quality_ok,REGIME_TREND_DOWN,trend_down swing=LL_LH strength=0.374 range_atr=9.71 vol=normal,LL_LH,-0.066,0.3744,normal,true,,75.00,1.13,1.13,true,true,true,,,,true,true,true,true,true,0.1564,0.2000,true,false,15.0,0.096,159.446,159.554,159.284,0.108,1.50,159.539,159.209,mid_fractal_high,DowFractal_ThirdWave_Regime
2024.02.01 16:14:59,GBPUSD,SHORT,down,valid_lower_high,minor_low_broken_quality_ok,REGIME_TREND_DOWN,trend_down swing=LL_LH strength=0.177 range_atr=6.85 vol=normal,LL_LH,-0.00032,0.1768,normal,true,,75.00,4.30,3.57,true,true,true,,,,true,true,true,true,true,0.1935,0.2000,true,false,15.0,0.00078,1.26589,1.26866,1.26174,0.00277,1.50,1.26851,1.26245,mid_fractal_high,DowFractal_ThirdWave_Regime
2024.02.05 17:59:59,XAUUSD,SHORT,down,valid_lower_high,minor_low_broken_quality_ok,REGIME_TREND_DOWN,trend_down swing=LL_LH strength=0.366 range_atr=10.62 vol=normal,LL_LH,-1.74,0.3662,normal,true,,100.00,0.93,2.21,true,true,true,,,,true,true,true,true,true,0.0651,0.2000,true,false,18.0,2.76,2017.79,2023.89,2008.64,6.10,1.50,2023.71,2014.84,mid_fractal_high,DowFractal_ThirdWave_Regime
2024.02.08 16:44:59,GBPJPY,LONG,up,valid_higher_low,minor_high_reclaimed_quality_ok,REGIME_TREND_UP,trend_up swing=HH_HL strength=0.598 range_atr=8.43 vol=normal,HH_HL,0.148,0.5979,normal,true,,100.00,1.92,2.31,true,true,true,,,,true,true,true,true,true,0.1390,0.2000,true,false,16.0,0.115,188.184,187.918,188.583,0.266,1.50,188.222,187.934,mid_fractal_low,DowFractal_ThirdWave_Regime
2024.03.05 15:14:59,XAUUSD,LONG,up,valid_higher_low,minor_high_reclaimed_quality_ok,REGIME_TREND_UP,trend_up swing=HH_HL strength=1.882 range_atr=19.47 vol=normal,HH_HL,7.90,1.8821,normal,true,,100.00,1.96,3.29,true,true,true,,,,true,true,true,true,true,0.1202,0.2000,true,false,18.0,1.50,2127.35,2122.43,2134.73,4.92,1.50,2127.33,2122.61,mid_fractal_low,DowFractal_ThirdWave_Regime
2024.03.05 19:14:59,XAUUSD,LONG,up,valid_higher_low,minor_high_reclaimed_quality_ok,REGIME_TREND_UP,trend_up swing=HH_HL strength=1.131 range_atr=13.89 vol=normal,HH_HL,7.73,1.1306,normal,true,,75.00,2.61,2.42,true,true,true,,,,true,true,true,true,true,0.0818,0.2000,true,false,18.0,2.20,2128.78,2123.46,2136.76,5.32,1.50,2141.74,2123.80,mid_fractal_low,DowFractal_ThirdWave_Regime
2024.03.05 19:59:59,XAUUSD,LONG,up,valid_higher_low,minor_high_reclaimed_quality_ok,REGIME_TREND_UP,trend_up swing=HH_HL strength=1.131 range_atr=13.89 vol=normal,HH_HL,7.73,1.1306,normal,true,,100.00,3.59,5.56,true,true,true,max_positions,,max_positions,true,true,true,true,true,0.1312,0.2000,true,false,18.0,1.37,2131.07,2123.44,2142.52,7.63,1.50,2141.74,2123.69,mid_fractal_low,DowFractal_ThirdWave_Regime
2024.03.05 20:14:59,XAUUSD,LONG,up,valid_higher_low,minor_high_reclaimed_quality_ok,REGIME_TREND_UP,trend_up swing=HH_HL strength=1.107 range_atr=10.53 vol=normal,HH_HL,7.62,1.1069,normal,true,,100.00,3.67,7.42,true,true,true,max_positions,,max_positions,true,true,true,true,true,0.1532,0.2000,true,false,18.0,1.18,2132.16,2123.44,2145.24,8.72,1.50,2141.74,2123.69,mid_fractal_low,DowFractal_ThirdWave_Regime
2024.03.05 20:29:59,XAUUSD,LONG,up,valid_higher_low,minor_high_reclaimed_quality_ok,REGIME_TREND_UP,trend_up swing=HH_HL strength=1.107 range_atr=10.53 vol=normal,HH_HL,7.62,1.1069,normal,true,,100.00,3.87,7.82,true,true,true,max_positions,,max_positions,true,true,true,true,true,0.1385,0.2000,true,false,18.0,1.30,2133.62,2123.46,2148.86,10.16,1.50,2141.74,2123.69,mid_fractal_low,DowFractal_ThirdWave_Regime
2024.03.07 09:44:59,XAUUSD,LONG,up,valid_higher_low,minor_high_reclaimed_quality_ok,REGIME_TREND_UP,trend_up swing=HH_HL strength=0.677 range_atr=7.98 vol=normal,HH_HL,4.03,0.6772,normal,true,,100.00,2.96,2.29,true,true,true,,,,true,true,true,true,true,0.1448,0.2000,true,false,18.0,1.24,2155.34,2152.50,2159.60,2.84,1.50,2161.36,2152.68,mid_fractal_low,DowFractal_ThirdWave_Regime
2024.03.07 14:59:59,GBPJPY,SHORT,down,valid_lower_high,minor_low_broken_quality_ok,REGIME_TREND_DOWN,trend_down swing=LL_LH strength=0.682 range_atr=8.59 vol=normal,LL_LH,-0.222,0.6821,normal,true,,75.00,2.80,1.98,true,true,true,,,,true,true,true,true,true,0.1684,0.2000,true,false,16.0,0.095,188.491,188.679,188.209,0.188,1.50,188.663,188.239,mid_fractal_high,DowFractal_ThirdWave_Regime
2024.03.08 17:44:59,XAUUSD,LONG,up,valid_higher_low,minor_high_reclaimed_quality_ok,REGIME_TREND_UP,trend_up swing=HH_HL strength=0.652 range_atr=8.39 vol=normal,HH_HL,4.19,0.6522,normal,true,,75.00,1.17,3.32,true,true,true,,,,true,true,true,true,true,0.0606,0.2000,true,false,18.0,2.97,2173.26,2163.41,2188.04,9.85,1.50,2173.41,2163.72,mid_fractal_low,DowFractal_ThirdWave_Regime
2024.03.08 17:59:59,XAUUSD,LONG,up,valid_higher_low,minor_high_reclaimed_quality_ok,REGIME_TREND_UP,trend_up swing=HH_HL strength=0.652 range_atr=8.39 vol=normal,HH_HL,4.19,0.6522,normal,true,,100.00,1.11,5.74,true,true,true,max_positions,,max_positions,true,true,true,true,true,0.0740,0.2000,true,false,18.0,2.43,2177.36,2163.39,2198.32,13.97,1.50,2173.41,2163.72,mid_fractal_low,DowFractal_ThirdWave_Regime
2024.03.08 18:44:59,XAUUSD,LONG,up,valid_higher_low,minor_high_reclaimed_quality_ok,REGIME_TREND_UP,trend_up swing=HH_HL strength=0.625 range_atr=7.82 vol=normal,HH_HL,4.26,0.6254,normal,true,,100.00,2.44,4.52,true,true,true,max_positions,,max_positions,true,true,true,true,true,0.0779,0.2000,true,false,18.0,2.31,2177.90,2167.45,2193.58,10.45,1.50,2185.36,2167.81,mid_fractal_low,DowFractal_ThirdWave_Regime
2024.03.08 18:59:59,XAUUSD,LONG,up,valid_higher_low,minor_high_reclaimed_quality_ok,REGIME_TREND_UP,trend_up swing=HH_HL strength=0.625 range_atr=7.82 vol=normal,HH_HL,4.26,0.6254,normal,true,,75.00,2.39,6.48,true,true,true,max_positions,,max_positions,true,true,true,true,true,0.0872,0.2000,true,false,18.0,2.06,2180.82,2167.44,2200.89,13.38,1.50,2185.36,2167.81,mid_fractal_low,DowFractal_ThirdWave_Regime
2024.03.08 22:59:59,XAUUSD,LONG,up,valid_higher_low,minor_high_reclaimed_quality_ok,REGIME_TREND_UP,trend_up swing=HH_HL strength=0.447 range_atr=6.18 vol=high,HH_HL,4.03,0.4471,high,true,,100.00,6.25,9.94,true,true,true,,,,true,true,true,true,true,0.1900,0.2000,true,false,18.0,0.95,2177.44,2168.03,2191.56,9.41,1.50,2195.16,2168.25,mid_fractal_low,DowFractal_ThirdWave_Regime
2024.03.12 01:14:59,GBPJPY,SHORT,down,valid_lower_high,minor_low_broken_quality_ok,REGIME_TREND_DOWN,trend_down swing=LL_LH strength=0.530 range_atr=7.14 vol=normal,LL_LH,-0.131,0.5297,normal,true,,100.00,4.40,1.30,true,true,true,max_positions,,max_positions,true,true,true,true,true,0.1931,0.2000,true,false,16.0,0.083,188.208,188.316,188.046,0.108,1.50,188.300,187.940,mid_fractal_high,DowFractal_ThirdWave_Regime
2024.03.22 17:44:59,GBPJPY,SHORT,down,valid_lower_high,minor_low_broken_quality_ok,REGIME_TREND_DOWN,trend_down swing=LL_LH strength=0.521 range_atr=9.33 vol=normal,LL_LH,-0.176,0.5209,normal,true,,75.00,2.07,2.53,true,true,true,,,,true,true,true,true,true,0.1087,0.2000,true,false,13.0,0.120,190.574,190.876,190.121,0.302,1.50,190.863,190.377,mid_fractal_high,DowFractal_ThirdWave_Regime
2024.03.27 19:29:59,XAUUSD,LONG,up,valid_higher_low,minor_high_reclaimed_quality_ok,REGIME_TREND_UP,trend_up swing=HH_HL strength=0.362 range_atr=5.22 vol=normal,HH_HL,2.26,0.3621,normal,true,,100.00,3.03,2.71,true,true,true,,,,true,true,true,true,true,0.1445,0.2000,true,false,18.0,1.25,2191.57,2188.20,2196.63,3.37,1.50,2197.57,2188.38,mid_fractal_low,DowFractal_ThirdWave_Regime
2024.04.01 18:59:59,XAUUSD,LONG,up,valid_higher_low,minor_high_reclaimed_quality_ok,REGIME_TREND_UP,trend_up swing=HH_HL strength=0.752 range_atr=9.93 vol=normal,HH_HL,6.22,0.7517,normal,true,,100.00,6.18,4.87,true,true,true,,,,true,true,true,true,true,0.0748,0.2000,true,false,18.0,2.41,2239.90,2228.19,2257.47,11.71,1.50,2265.67,2228.49,mid_fractal_low,DowFractal_ThirdWave_Regime
2024.04.22 19:29:59,XAUUSD,SHORT,down,valid_lower_high,minor_low_broken_quality_ok,REGIME_TREND_DOWN,trend_down swing=LL_LH strength=0.432 range_atr=9.02 vol=normal,LL_LH,-4.16,0.4321,normal,true,,100.00,2.22,5.17,true,true,true,,,,true,true,true,true,true,0.0740,0.2000,true,false,18.0,2.43,2331.53,2344.09,2312.69,12.56,1.50,2343.80,2331.11,mid_fractal_high,DowFractal_ThirdWave_Regime
2024.04.25 21:14:59,XAUUSD,LONG,up,valid_higher_low,minor_high_reclaimed_quality_ok,REGIME_TREND_UP,trend_up swing=HH_HL strength=0.238 range_atr=4.67 vol=normal,HH_HL,2.03,0.2375,normal,true,,100.00,3.64,5.56,true,true,true,,,,true,true,true,true,true,0.0945,0.2000,true,false,18.0,1.91,2333.27,2322.67,2349.17,10.60,1.50,2344.82,2322.97,mid_fractal_low,DowFractal_ThirdWave_Regime
2024.04.25 22:29:59,XAUUSD,LONG,up,valid_higher_low,minor_high_reclaimed_quality_ok,REGIME_TREND_UP,trend_up swing=HH_HL strength=0.211 range_atr=4.63 vol=normal,HH_HL,1.82,0.2112,normal,true,,100.00,4.44,3.62,true,true,true,max_positions,,max_positions,true,true,true,true,true,0.1279,0.2000,true,false,18.0,1.41,2335.51,2330.42,2343.15,5.09,1.50,2344.82,2330.60,mid_fractal_low,DowFractal_ThirdWave_Regime
2024.04.26 01:14:59,XAUUSD,LONG,up,valid_higher_low,minor_high_reclaimed_quality_ok,REGIME_TREND_UP,trend_up swing=HH_HL strength=0.105 range_atr=4.81 vol=normal,HH_HL,0.87,0.1049,normal,true,,100.00,6.16,1.78,true,true,true,max_positions,,max_positions,true,true,true,true,true,0.1981,0.2000,true,false,18.0,0.91,2332.96,2331.34,2335.39,1.62,1.50,2344.82,2331.52,mid_fractal_low,DowFractal_ThirdWave_Regime
2024.05.06 18:44:59,XAUUSD,LONG,up,valid_higher_low,minor_high_reclaimed_quality_ok,REGIME_TREND_UP,trend_up swing=HH_HL strength=0.211 range_atr=7.09 vol=normal,HH_HL,1.63,0.2111,normal,true,,100.00,0.95,2.03,true,true,true,,,,true,true,true,true,true,0.0656,0.2000,true,false,18.0,2.74,2324.27,2318.70,2332.63,5.57,1.50,2332.03,2318.98,mid_fractal_low,DowFractal_ThirdWave_Regime
2024.05.06 19:14:59,XAUUSD,LONG,up,valid_higher_low,minor_high_reclaimed_quality_ok,REGIME_TREND_UP,trend_up swing=HH_HL strength=0.282 range_atr=7.60 vol=normal,HH_HL,2.04,0.2822,normal,true,,100.00,2.44,4.64,true,true,true,max_positions,,max_positions,true,true,true,true,true,0.1008,0.2000,true,false,18.0,1.79,2327.00,2318.71,2339.44,8.29,1.50,2332.03,2318.98,mid_fractal_low,DowFractal_ThirdWave_Regime
2024.05.06 19:29:59,XAUUSD,LONG,up,valid_higher_low,minor_high_reclaimed_quality_ok,REGIME_TREND_UP,trend_up swing=HH_HL strength=0.282 range_atr=7.60 vol=normal,HH_HL,2.04,0.2822,normal,true,,75.00,2.67,3.94,true,true,true,max_positions,,max_positions,true,true,true,true,true,0.1154,0.2000,true,false,18.0,1.56,2324.89,2318.74,2334.12,6.15,1.50,2332.03,2318.98,mid_fractal_low,DowFractal_ThirdWave_Regime
2024.05.07 01:59:59,XAUUSD,LONG,up,valid_higher_low,minor_high_reclaimed_quality_ok,REGIME_TREND_UP,trend_up swing=HH_HL strength=0.367 range_atr=7.40 vol=normal,HH_HL,2.72,0.3674,normal,true,,100.00,4.17,3.95,true,true,true,,,,true,true,true,true,true,0.1980,0.2000,true,false,18.0,0.91,2326.96,2323.37,2332.35,3.59,1.50,2332.03,2323.55,mid_fractal_low,DowFractal_ThirdWave_Regime
2024.05.20 12:14:59,XAUUSD,LONG,up,valid_higher_low,minor_high_reclaimed_quality_ok,REGIME_TREND_UP,trend_up swing=HH_HL strength=0.556 range_atr=8.67 vol=high,HH_HL,5.08,0.5563,high,true,,100.00,2.59,4.88,true,true,true,,,,true,true,true,true,true,0.0774,0.2000,true,false,18.0,2.33,2446.65,2435.30,2463.68,11.35,1.50,2450.06,2435.58,mid_fractal_low,DowFractal_ThirdWave_Regime
2024.06.07 03:59:58,XAUUSD,LONG,up,valid_higher_low,minor_high_reclaimed_quality_ok,REGIME_TREND_UP,trend_up swing=HH_HL strength=0.846 range_atr=8.92 vol=normal,HH_HL,4.99,0.8460,normal,true,,75.00,1.83,2.58,true,true,true,,,,true,true,true,true,true,0.1738,0.2000,true,false,18.0,1.04,2378.55,2375.88,2382.56,2.67,1.50,2378.45,2376.06,mid_fractal_low,DowFractal_ThirdWave_Regime
2024.06.10 04:14:59,XAUUSD,SHORT,down,valid_lower_high,minor_low_broken_quality_ok,REGIME_TREND_DOWN,trend_down swing=LL_LH strength=0.531 range_atr=9.04 vol=high,LL_LH,-5.93,0.5314,high,true,,100.00,4.73,3.29,true,true,true,,,,true,true,true,true,true,0.1131,0.2000,true,false,18.0,1.59,2295.03,2300.27,2287.17,5.24,1.50,2300.09,2286.77,mid_fractal_high,DowFractal_ThirdWave_Regime
2024.06.20 15:29:59,XAUUSD,LONG,up,valid_higher_low,minor_high_reclaimed_quality_ok,REGIME_TREND_UP,trend_up swing=HH_HL strength=0.282 range_atr=8.18 vol=normal,HH_HL,1.35,0.2819,normal,true,,75.00,3.54,2.23,true,true,true,,,,true,true,true,true,true,0.1367,0.2000,true,false,21.0,1.54,2340.96,2337.53,2346.11,3.43,1.50,2345.64,2337.74,mid_fractal_low,DowFractal_ThirdWave_Regime
2024.06.26 06:59:59,XAUUSD,SHORT,down,valid_lower_high,minor_low_broken_quality_ok,REGIME_TREND_DOWN,trend_down swing=LL_LH strength=0.050 range_atr=4.39 vol=normal,LL_LH,-0.30,0.0496,normal,true,,100.00,1.78,3.37,true,true,true,,,,true,true,true,true,true,0.1410,0.2000,true,false,19.0,1.35,2317.25,2321.79,2310.44,4.54,1.50,2321.60,2315.48,mid_fractal_high,DowFractal_ThirdWave_Regime
2024.06.26 13:14:59,XAUUSD,SHORT,down,valid_lower_high,minor_low_broken_quality_ok,REGIME_TREND_DOWN,trend_down swing=LL_LH strength=0.191 range_atr=5.65 vol=normal,LL_LH,-0.92,0.1909,normal,true,,100.00,3.03,3.76,true,true,true,,,,true,true,true,true,true,0.1435,0.2000,true,false,18.0,1.25,2313.49,2318.21,2306.41,4.72,1.50,2318.03,2309.69,mid_fractal_high,DowFractal_ThirdWave_Regime
2024.07.01 23:14:59,XAUUSD,LONG,up,valid_higher_low,minor_high_reclaimed_quality_ok,REGIME_TREND_UP,trend_up swing=HH_HL strength=0.085 range_atr=3.44 vol=normal,HH_HL,0.52,0.0850,normal,true,,100.00,5.18,3.79,true,true,true,,,,true,true,true,true,true,0.1963,0.2000,true,false,18.0,0.92,2332.25,2328.77,2337.47,3.48,1.50,2338.49,2328.95,mid_fractal_low,DowFractal_ThirdWave_Regime
2024.07.02 05:14:59,XAUUSD,LONG,up,valid_higher_low,minor_high_reclaimed_quality_ok,REGIME_TREND_UP,trend_up swing=HH_HL strength=0.125 range_atr=4.19 vol=normal,HH_HL,0.63,0.1252,normal,true,,100.00,5.87,2.38,true,true,true,max_positions,,max_positions,true,true,true,true,true,0.1804,0.2000,true,false,18.0,1.00,2333.36,2330.99,2336.92,2.37,1.50,2338.49,2331.17,mid_fractal_low,DowFractal_ThirdWave_Regime
2024.07.11 14:29:59,XAUUSD,LONG,up,valid_higher_low,minor_high_reclaimed_quality_ok,REGIME_TREND_UP,trend_up swing=HH_HL strength=0.543 range_atr=12.38 vol=low,HH_HL,1.63,0.5428,low,true,,100.00,2.75,1.57,true,true,true,,,,true,true,true,true,true,0.1697,0.2000,true,false,18.0,1.06,2381.96,2380.29,2384.47,1.67,1.50,2386.63,2380.47,mid_fractal_low,DowFractal_ThirdWave_Regime
2024.07.16 12:29:59,XAUUSD,LONG,up,valid_higher_low,minor_high_reclaimed_quality_ok,REGIME_TREND_UP,trend_up swing=HH_HL strength=0.587 range_atr=11.64 vol=normal,HH_HL,2.43,0.5872,normal,true,,100.00,2.05,3.96,true,true,true,,,,true,true,true,true,true,0.1209,0.2000,true,false,18.0,1.49,2439.32,2433.42,2448.17,5.90,1.50,2439.71,2433.60,mid_fractal_low,DowFractal_ThirdWave_Regime
2024.07.19 08:14:59,XAUUSD,SHORT,down,valid_lower_high,minor_low_broken_quality_ok,REGIME_TREND_DOWN,trend_down swing=LL_LH strength=0.549 range_atr=8.66 vol=normal,LL_LH,-4.01,0.5490,normal,true,,75.00,2.82,3.30,true,true,true,,,,true,true,true,true,true,0.1546,0.2000,true,false,20.0,1.29,2425.43,2429.70,2419.03,4.27,1.50,2429.50,2420.42,mid_fractal_high,DowFractal_ThirdWave_Regime
2024.07.19 19:29:59,XAUUSD,SHORT,down,valid_lower_high,minor_low_broken_quality_ok,REGIME_TREND_DOWN,trend_down swing=LL_LH strength=0.921 range_atr=12.13 vol=normal,LL_LH,-6.83,0.9213,normal,true,,100.00,2.74,3.69,true,true,true,,,,true,true,true,true,true,0.1023,0.2000,true,false,18.0,1.76,2402.19,2408.69,2392.44,6.50,1.50,2408.42,2393.80,mid_fractal_high,DowFractal_ThirdWave_Regime
2024.07.19 19:59:59,XAUUSD,SHORT,down,valid_lower_high,minor_low_broken_quality_ok,REGIME_TREND_DOWN,trend_down swing=LL_LH strength=0.921 range_atr=12.13 vol=normal,LL_LH,-6.83,0.9213,normal,true,,100.00,3.00,5.86,true,true,true,max_positions,,max_positions,true,true,true,true,true,0.1170,0.2000,true,false,18.0,1.54,2399.64,2408.66,2386.11,9.02,1.50,2408.42,2393.80,mid_fractal_high,DowFractal_ThirdWave_Regime
2024.07.24 13:29:59,XAUUSD,LONG,up,valid_higher_low,minor_high_reclaimed_quality_ok,REGIME_TREND_UP,trend_up swing=HH_HL strength=0.200 range_atr=7.84 vol=normal,HH_HL,0.90,0.2005,normal,true,,100.00,3.84,3.24,true,true,true,,,,true,true,true,true,true,0.1259,0.2000,true,false,18.0,1.43,2414.23,2409.60,2421.18,4.63,1.50,2419.19,2409.78,mid_fractal_low,DowFractal_ThirdWave_Regime
2024.07.25 09:44:59,XAUUSD,SHORT,down,valid_lower_high,minor_low_broken_quality_ok,REGIME_TREND_DOWN,trend_down swing=LL_LH strength=0.258 range_atr=7.60 vol=high,LL_LH,-2.21,0.2577,high,true,,75.00,3.16,2.00,true,true,true,,,,true,true,true,true,true,0.0751,0.2000,true,false,18.0,2.40,2373.38,2378.18,2366.18,4.80,1.50,2378.00,2366.75,mid_fractal_high,DowFractal_ThirdWave_Regime
2024.07.25 09:59:59,XAUUSD,SHORT,down,valid_lower_high,minor_low_broken_quality_ok,REGIME_TREND_DOWN,trend_down swing=LL_LH strength=0.258 range_atr=7.60 vol=high,LL_LH,-2.21,0.2577,high,true,,100.00,3.39,2.87,true,true,true,max_positions,,max_positions,true,true,true,true,true,0.0755,0.2000,true,false,18.0,2.39,2372.07,2378.91,2361.81,6.84,1.50,2378.73,2366.75,mid_fractal_high,DowFractal_ThirdWave_Regime
2024.07.31 09:59:59,USDJPY,SHORT,down,valid_lower_high,minor_low_broken_quality_ok,REGIME_TREND_DOWN,trend_down swing=LL_LH strength=0.106 range_atr=5.02 vol=high,LL_LH,-0.077,0.1058,high,true,,75.00,3.08,5.02,true,true,true,,,,true,true,true,true,true,0.1189,0.2000,true,false,23.0,0.194,152.216,153.188,150.758,0.972,1.50,153.162,151.574,mid_fractal_high,DowFractal_ThirdWave_Regime
2024.07.31 10:29:59,USDJPY,SHORT,down,valid_lower_high,minor_low_broken_quality_ok,REGIME_TREND_DOWN,trend_down swing=LL_LH strength=0.090 range_atr=4.96 vol=high,LL_LH,-0.066,0.0900,high,true,,100.00,2.84,4.51,true,true,true,max_positions,,max_positions,true,true,true,true,true,0.0986,0.2000,true,false,23.0,0.233,152.138,153.190,150.560,1.052,1.50,153.162,151.574,mid_fractal_high,DowFractal_ThirdWave_Regime
2024.07.31 12:14:59,XAUUSD,LONG,up,valid_higher_low,minor_high_reclaimed_quality_ok,REGIME_TREND_UP,trend_up swing=HH_HL strength=0.435 range_atr=9.85 vol=normal,HH_HL,2.47,0.4351,normal,true,,75.00,3.02,3.65,true,true,true,,,,true,true,true,true,true,0.1049,0.2000,true,false,18.0,1.72,2422.04,2415.78,2431.43,6.26,1.50,2425.49,2415.96,mid_fractal_low,DowFractal_ThirdWave_Regime
2024.07.31 14:59:59,EURJPY,SHORT,down,valid_lower_high,minor_low_broken_quality_ok,REGIME_TREND_DOWN,trend_down swing=LL_LH strength=0.329 range_atr=6.12 vol=high,LL_LH,-0.309,0.3294,high,true,,100.00,2.74,3.36,true,true,true,max_positions,,max_positions,true,true,true,true,true,0.1878,0.2000,true,false,30.0,0.160,162.619,163.156,161.814,0.537,1.50,163.126,162.192,mid_fractal_high,DowFractal_ThirdWave_Regime
2024.07.31 19:44:59,XAUUSD,LONG,up,valid_higher_low,minor_high_reclaimed_quality_ok,REGIME_TREND_UP,trend_up swing=HH_HL strength=0.466 range_atr=8.84 vol=normal,HH_HL,3.13,0.4663,normal,true,,100.00,1.71,4.29,true,true,true,max_positions,,max_positions,true,true,true,true,true,0.1055,0.2000,true,false,18.0,1.71,2426.27,2418.96,2437.24,7.31,1.50,2429.01,2419.15,mid_fractal_low,DowFractal_ThirdWave_Regime
2024.08.02 13:29:59,XAUUSD,LONG,up,valid_higher_low,minor_high_reclaimed_quality_ok,REGIME_TREND_UP,trend_up swing=HH_HL strength=0.740 range_atr=7.92 vol=normal,HH_HL,4.96,0.7404,normal,true,,100.00,2.50,2.02,true,true,true,,,,true,true,true,true,true,0.1216,0.2000,true,false,18.0,1.48,2463.79,2460.80,2468.28,2.99,1.50,2468.43,2460.98,mid_fractal_low,DowFractal_ThirdWave_Regime
2024.08.02 19:59:59,GBPJPY,SHORT,down,valid_lower_high,minor_low_broken_quality_ok,REGIME_TREND_DOWN,trend_down swing=LL_LH strength=0.530 range_atr=8.21 vol=normal,LL_LH,-0.426,0.5298,normal,true,,100.00,1.89,3.39,true,true,true,,,,true,true,true,true,true,0.1561,0.2000,true,false,38.0,0.244,187.784,188.610,186.545,0.826,1.50,188.572,187.360,mid_fractal_high,DowFractal_ThirdWave_Regime
2024.08.05 12:29:59,AUDJPY,SHORT,down,valid_lower_high,minor_low_broken_quality_ok,REGIME_TREND_DOWN,trend_down swing=LL_LH strength=0.656 range_atr=9.80 vol=high,LL_LH,-0.575,0.6558,high,true,,100.00,4.64,5.44,true,true,true,,,,true,true,true,true,true,0.1179,0.2000,true,false,28.0,0.238,91.611,92.903,89.673,1.292,1.50,92.873,90.128,mid_fractal_high,DowFractal_ThirdWave_Regime
2024.08.05 15:14:59,AUDJPY,SHORT,down,valid_lower_high,minor_low_broken_quality_ok,REGIME_TREND_DOWN,trend_down swing=LL_LH strength=0.617 range_atr=9.10 vol=high,LL_LH,-0.583,0.6168,high,true,,75.00,6.39,2.40,true,true,true,max_positions,,max_positions,true,true,true,true,true,0.1508,0.2000,true,false,28.0,0.186,91.745,92.190,91.078,0.445,1.50,92.162,90.128,mid_fractal_high,DowFractal_ThirdWave_Regime
2024.08.05 15:29:59,AUDJPY,SHORT,down,valid_lower_high,minor_low_broken_quality_ok,REGIME_TREND_DOWN,trend_down swing=LL_LH strength=0.617 range_atr=9.10 vol=high,LL_LH,-0.583,0.6168,high,true,,100.00,6.52,3.37,true,true,true,max_positions,,max_positions,true,true,true,true,true,0.1444,0.2000,true,false,28.0,0.194,91.536,92.190,90.555,0.654,1.50,92.162,90.128,mid_fractal_high,DowFractal_ThirdWave_Regime
2024.08.05 15:44:59,AUDJPY,SHORT,down,valid_lower_high,minor_low_broken_quality_ok,REGIME_TREND_DOWN,trend_down swing=LL_LH strength=0.617 range_atr=9.10 vol=high,LL_LH,-0.583,0.6168,high,true,,100.00,6.31,3.32,true,true,true,max_positions,,max_positions,true,true,true,true,true,0.1374,0.2000,true,false,28.0,0.204,91.514,92.190,90.500,0.676,1.50,92.162,90.128,mid_fractal_high,DowFractal_ThirdWave_Regime
2024.08.07 10:14:59,EURJPY,LONG,up,valid_higher_low,minor_high_reclaimed_quality_ok,REGIME_TREND_UP,trend_up swing=HH_HL strength=0.316 range_atr=8.12 vol=normal,HH_HL,0.243,0.3156,normal,true,,100.00,3.74,2.05,true,true,true,,,,true,true,true,true,true,0.1077,0.2000,true,false,30.0,0.279,160.281,159.711,161.136,0.570,1.50,161.414,159.741,mid_fractal_low,DowFractal_ThirdWave_Regime
2024.08.07 11:14:59,EURJPY,LONG,up,valid_higher_low,minor_high_reclaimed_quality_ok,REGIME_TREND_UP,trend_up swing=HH_HL strength=0.380 range_atr=7.79 vol=normal,HH_HL,0.305,0.3803,normal,true,,100.00,3.92,3.88,true,true,true,,,,true,true,true,true,true,0.1149,0.2000,true,false,30.0,0.261,160.526,159.514,162.044,1.012,1.50,161.414,159.544,mid_fractal_low,DowFractal_ThirdWave_Regime
2024.08.09 10:14:59,XAUUSD,LONG,up,valid_higher_low,minor_high_reclaimed_quality_ok,REGIME_TREND_UP,trend_up swing=HH_HL strength=0.694 range_atr=9.36 vol=normal,HH_HL,3.56,0.6945,normal,true,,100.00,5.03,2.94,true,true,true,,,,true,true,true,true,true,0.1137,0.2000,true,false,18.0,1.58,2421.35,2416.69,2428.34,4.66,1.50,2428.92,2416.87,mid_fractal_low,DowFractal_ThirdWave_Regime
2024.08.16 19:29:59,XAUUSD,LONG,up,valid_higher_low,minor_high_reclaimed_quality_ok,REGIME_TREND_UP,trend_up swing=HH_HL strength=0.171 range_atr=8.35 vol=normal,HH_HL,1.39,0.1707,normal,true,,75.00,1.88,5.20,true,true,true,,,,true,true,true,true,true,0.0921,0.2000,true,false,18.0,1.95,2495.40,2485.24,2510.64,10.16,1.50,2500.02,2485.62,mid_fractal_low,DowFractal_ThirdWave_Regime
2024.08.16 19:44:59,XAUUSD,LONG,up,valid_higher_low,minor_high_reclaimed_quality_ok,REGIME_TREND_UP,trend_up swing=HH_HL strength=0.171 range_atr=8.35 vol=normal,HH_HL,1.39,0.1707,normal,true,,100.00,2.22,5.64,true,true,true,max_positions,,max_positions,true,true,true,true,true,0.0927,0.2000,true,false,18.0,1.94,2496.24,2485.30,2512.65,10.94,1.50,2500.02,2485.62,mid_fractal_low,DowFractal_ThirdWave_Regime
2024.08.16 19:59:59,XAUUSD,LONG,up,valid_higher_low,minor_high_reclaimed_quality_ok,REGIME_TREND_UP,trend_up swing=HH_HL strength=0.171 range_atr=8.35 vol=normal,HH_HL,1.39,0.1707,normal,true,,100.00,2.33,5.78,true,true,true,max_positions,,max_positions,true,true,true,true,true,0.0970,0.2000,true,false,18.0,1.86,2496.04,2485.31,2512.14,10.73,1.50,2500.02,2485.62,mid_fractal_low,DowFractal_ThirdWave_Regime
2024.08.19 09:14:59,XAUUSD,LONG,up,valid_higher_low,minor_high_reclaimed_quality_ok,REGIME_TREND_UP,trend_up swing=HH_HL strength=0.813 range_atr=12.28 vol=normal,HH_HL,5.21,0.8132,normal,true,,100.00,4.46,3.53,true,true,true,max_positions,,max_positions,true,true,true,true,true,0.1175,0.2000,true,false,18.0,1.53,2504.02,2498.61,2512.14,5.41,1.50,2510.88,2498.79,mid_fractal_low,DowFractal_ThirdWave_Regime
2024.08.20 23:14:59,XAUUSD,LONG,up,valid_higher_low,minor_high_reclaimed_quality_ok,REGIME_TREND_UP,trend_up swing=HH_HL strength=0.282 range_atr=5.44 vol=normal,HH_HL,2.38,0.2817,normal,true,,100.00,7.28,5.22,true,true,true,,,,true,true,true,true,true,0.1732,0.2000,true,false,18.0,1.04,2516.16,2510.73,2524.31,5.43,1.50,2531.62,2510.91,mid_fractal_low,DowFractal_ThirdWave_Regime
2024.08.23 23:44:59,XAUUSD,LONG,up,valid_higher_low,minor_high_reclaimed_quality_ok,REGIME_TREND_UP,trend_up swing=HH_HL strength=0.050 range_atr=7.50 vol=normal,HH_HL,0.32,0.0499,normal,true,,100.00,4.58,3.53,true,true,true,,,,true,true,true,true,true,0.1993,0.2000,true,false,19.0,0.95,2511.05,2507.68,2516.11,3.37,1.50,2518.31,2507.87,mid_fractal_low,DowFractal_ThirdWave_Regime
2024.08.26 05:14:59,XAUUSD,LONG,up,valid_higher_low,minor_high_reclaimed_quality_ok,REGIME_TREND_UP,trend_up swing=HH_HL strength=0.036 range_atr=7.57 vol=normal,HH_HL,0.23,0.0363,normal,true,,100.00,2.40,1.55,true,true,true,,,,true,true,true,true,true,0.1071,0.2000,true,false,18.0,1.68,2514.89,2512.29,2518.79,2.60,1.50,2518.31,2512.47,mid_fractal_low,DowFractal_ThirdWave_Regime
2024.08.26 22:44:58,XAUUSD,LONG,up,valid_higher_low,minor_high_reclaimed_quality_ok,REGIME_TREND_UP,trend_up swing=HH_HL strength=0.401 range_atr=8.47 vol=normal,HH_HL,2.29,0.4008,normal,true,,100.00,4.67,3.82,true,true,true,,,,true,true,true,true,true,0.1934,0.2000,true,false,21.0,1.09,2519.56,2515.41,2525.79,4.15,1.50,2526.89,2515.62,mid_fractal_low,DowFractal_ThirdWave_Regime
2024.09.04 04:14:59,XAUUSD,SHORT,down,valid_lower_high,minor_low_broken_quality_ok,REGIME_TREND_DOWN,trend_down swing=LL_LH strength=0.195 range_atr=4.09 vol=high,LL_LH,-1.61,0.1955,high,true,,100.00,15.16,1.74,true,true,true,,,,true,true,true,true,true,0.1383,0.2000,true,false,18.0,1.30,2492.88,2495.14,2489.49,2.26,1.50,2494.96,2473.47,mid_fractal_high,DowFractal_ThirdWave_Regime
2024.09.04 04:29:59,XAUUSD,SHORT,down,valid_lower_high,minor_low_broken_quality_ok,REGIME_TREND_DOWN,trend_down swing=LL_LH strength=0.195 range_atr=4.09 vol=high,LL_LH,-1.61,0.1955,high,true,,100.00,15.17,1.08,true,true,true,max_positions,,max_positions,true,true,true,true,true,0.1356,0.2000,true,false,18.0,1.33,2493.71,2495.14,2491.57,1.43,1.50,2494.96,2473.47,mid_fractal_high,DowFractal_ThirdWave_Regime
2024.09.04 15:29:59,XAUUSD,SHORT,down,valid_lower_high,minor_low_broken_quality_ok,REGIME_TREND_DOWN,trend_down swing=LL_LH strength=0.255 range_atr=6.53 vol=normal,LL_LH,-1.38,0.2554,normal,true,,100.00,5.29,2.63,true,true,true,,,,true,true,true,true,true,0.1032,0.2000,true,false,18.0,1.74,2486.81,2491.40,2479.93,4.59,1.50,2491.22,2471.86,mid_fractal_high,DowFractal_ThirdWave_Regime
2024.09.04 16:59:59,XAUUSD,SHORT,down,valid_lower_high,minor_low_broken_quality_ok,REGIME_TREND_DOWN,trend_down swing=LL_LH strength=0.212 range_atr=6.26 vol=normal,LL_LH,-1.20,0.2116,normal,true,,100.00,4.98,2.11,true,true,true,max_positions,,max_positions,true,true,true,true,true,0.1503,0.2000,true,false,43.0,2.86,2485.48,2491.51,2476.44,6.03,1.50,2491.08,2471.86,mid_fractal_high,DowFractal_ThirdWave_Regime
2024.09.05 19:29:59,XAUUSD,LONG,up,valid_higher_low,minor_high_reclaimed_quality_ok,REGIME_TREND_UP,trend_up swing=HH_HL strength=0.234 range_atr=8.53 vol=normal,HH_HL,1.42,0.2344,normal,true,,100.00,3.89,3.25,true,true,true,,,,true,true,true,true,true,0.0870,0.2000,true,false,18.0,2.07,2510.41,2503.69,2520.49,6.72,1.50,2523.39,2503.94,mid_fractal_low,DowFractal_ThirdWave_Regime
2024.09.05 19:44:57,XAUUSD,LONG,up,valid_higher_low,minor_high_reclaimed_quality_ok,REGIME_TREND_UP,trend_up swing=HH_HL strength=0.234 range_atr=8.53 vol=normal,HH_HL,1.42,0.2344,normal,true,,100.00,3.98,2.98,true,true,true,max_positions,,max_positions,true,true,true,true,true,0.0979,0.2000,true,false,18.0,1.84,2509.18,2503.70,2517.40,5.48,1.50,2523.39,2503.94,mid_fractal_low,DowFractal_ThirdWave_Regime
2024.09.05 19:59:59,XAUUSD,LONG,up,valid_higher_low,minor_high_reclaimed_quality_ok,REGIME_TREND_UP,trend_up swing=HH_HL strength=0.234 range_atr=8.53 vol=normal,HH_HL,1.42,0.2344,normal,true,,100.00,4.26,4.24,true,true,true,max_positions,,max_positions,true,true,true,true,true,0.1116,0.2000,true,false,18.0,1.61,2510.55,2503.71,2520.81,6.84,1.50,2523.39,2503.94,mid_fractal_low,DowFractal_ThirdWave_Regime
2024.09.05 20:29:59,XAUUSD,LONG,up,valid_higher_low,minor_high_reclaimed_quality_ok,REGIME_TREND_UP,trend_up swing=HH_HL strength=0.236 range_atr=8.27 vol=normal,HH_HL,1.47,0.2363,normal,true,,100.00,4.52,6.17,true,true,true,max_positions,,max_positions,true,true,true,true,true,0.1201,0.2000,true,false,18.0,1.50,2512.97,2503.72,2526.85,9.25,1.50,2523.39,2503.94,mid_fractal_low,DowFractal_ThirdWave_Regime
2024.09.13 18:29:59,USDJPY,SHORT,down,valid_lower_high,minor_low_broken_quality_ok,REGIME_TREND_DOWN,trend_down swing=LL_LH strength=0.261 range_atr=6.69 vol=normal,LL_LH,-0.108,0.2613,normal,true,,100.00,1.74,3.13,true,true,true,,,,true,true,true,true,true,0.1961,0.2000,true,false,23.0,0.117,140.416,140.783,139.866,0.367,1.50,140.760,140.272,mid_fractal_high,DowFractal_ThirdWave_Regime
2024.09.20 22:14:59,XAUUSD,LONG,up,valid_higher_low,minor_high_reclaimed_quality_ok,REGIME_TREND_UP,trend_up swing=HH_HL strength=0.588 range_atr=10.10 vol=normal,HH_HL,4.59,0.5876,normal,true,,100.00,2.25,3.18,true,true,true,,,,true,true,true,true,true,0.1320,0.2000,true,false,20.0,1.51,2622.45,2617.63,2629.68,4.82,1.50,2625.72,2617.83,mid_fractal_low,DowFractal_ThirdWave_Regime
2024.10.01 06:44:59,XAUUSD,SHORT,down,valid_lower_high,minor_low_broken_quality_ok,REGIME_TREND_DOWN,trend_down swing=LL_LH strength=0.591 range_atr=8.07 vol=normal,LL_LH,-3.63,0.5912,normal,true,,100.00,7.63,2.10,true,true,true,,,,true,true,true,true,true,0.1509,0.2000,true,false,19.0,1.26,2636.79,2639.43,2632.83,2.64,1.50,2639.24,2624.68,mid_fractal_high,DowFractal_ThirdWave_Regime
2024.10.01 23:44:59,XAUUSD,LONG,up,valid_higher_low,minor_high_reclaimed_quality_ok,REGIME_TREND_UP,trend_up swing=HH_HL strength=0.026 range_atr=5.96 vol=normal,HH_HL,0.21,0.0257,normal,true,,100.00,3.90,3.30,true,true,true,,,,true,true,true,true,true,0.1472,0.2000,true,false,18.0,1.22,2661.41,2657.38,2667.46,4.03,1.50,2673.13,2657.58,mid_fractal_low,DowFractal_ThirdWave_Regime
2024.10.09 19:29:59,XAUUSD,SHORT,down,valid_lower_high,minor_low_broken_quality_ok,REGIME_TREND_DOWN,trend_down swing=LL_LH strength=0.613 range_atr=7.35 vol=normal,LL_LH,-4.02,0.6126,normal,true,,100.00,1.99,3.59,true,true,true,,,,true,true,true,true,true,0.0935,0.2000,true,false,18.0,1.92,2611.15,2618.07,2600.77,6.92,1.50,2617.85,2605.34,mid_fractal_high,DowFractal_ThirdWave_Regime
2024.10.09 19:44:59,XAUUSD,SHORT,down,valid_lower_high,minor_low_broken_quality_ok,REGIME_TREND_DOWN,trend_down swing=LL_LH strength=0.613 range_atr=7.35 vol=normal,LL_LH,-4.02,0.6126,normal,true,,100.00,1.93,4.93,true,true,true,max_positions,,max_positions,true,true,true,true,true,0.1188,0.2000,true,false,21.0,1.77,2609.37,2618.08,2596.31,8.71,1.50,2617.85,2605.34,mid_fractal_high,DowFractal_ThirdWave_Regime
2024.10.16 08:59:59,XAUUSD,LONG,up,valid_higher_low,minor_high_reclaimed_quality_ok,REGIME_TREND_UP,trend_up swing=HH_HL strength=0.276 range_atr=6.10 vol=normal,HH_HL,1.45,0.2765,normal,true,,100.00,2.26,3.20,true,true,true,,,,true,true,true,true,true,0.1359,0.2000,true,false,18.0,1.32,2669.63,2665.39,2675.99,4.24,1.50,2670.07,2665.57,mid_fractal_low,DowFractal_ThirdWave_Regime
2024.10.16 19:59:59,XAUUSD,LONG,up,valid_higher_low,minor_high_reclaimed_quality_ok,REGIME_TREND_UP,trend_up swing=HH_HL strength=0.273 range_atr=7.08 vol=normal,HH_HL,1.82,0.2730,normal,true,,100.00,3.65,3.88,true,true,true,,,,true,true,true,true,true,0.0887,0.2000,true,false,18.0,2.03,2674.34,2666.46,2686.16,7.88,1.50,2685.29,2666.71,mid_fractal_low,DowFractal_ThirdWave_Regime
2024.10.18 08:14:58,XAUUSD,LONG,up,valid_higher_low,minor_high_reclaimed_quality_ok,REGIME_TREND_UP,trend_up swing=HH_HL strength=0.794 range_atr=8.46 vol=normal,HH_HL,4.37,0.7938,normal,true,,100.00,1.59,4.56,true,true,true,,,,true,true,true,true,true,0.1922,0.2000,true,false,19.0,0.99,2711.57,2707.06,2718.34,4.51,1.50,2711.91,2707.25,mid_fractal_low,DowFractal_ThirdWave_Regime
2024.10.18 12:00:00,XAUUSD,LONG,up,valid_higher_low,minor_high_reclaimed_quality_ok,REGIME_TREND_UP,trend_up swing=HH_HL strength=0.862 range_atr=9.83 vol=normal,HH_HL,4.15,0.8623,normal,true,,100.00,3.36,2.72,true,true,true,,,,true,true,true,true,true,0.1253,0.2000,true,false,18.0,1.44,2706.43,2702.53,2712.28,3.90,1.50,2714.02,2702.71,mid_fractal_low,DowFractal_ThirdWave_Regime
2024.10.18 12:14:59,XAUUSD,LONG,up,valid_higher_low,minor_high_reclaimed_quality_ok,REGIME_TREND_UP,trend_up swing=HH_HL strength=0.862 range_atr=9.83 vol=normal,HH_HL,4.15,0.8623,normal,true,,100.00,3.36,5.17,true,true,true,max_positions,,max_positions,true,true,true,true,true,0.1331,0.2000,true,false,18.0,1.35,2709.52,2702.53,2720.01,6.99,1.50,2714.02,2702.71,mid_fractal_low,DowFractal_ThirdWave_Regime
2024.10.18 20:14:59,XAUUSD,LONG,up,valid_higher_low,minor_high_reclaimed_quality_ok,REGIME_TREND_UP,trend_up swing=HH_HL strength=0.594 range_atr=8.86 vol=normal,HH_HL,3.58,0.5939,normal,true,,100.00,1.67,3.23,true,true,true,,,,true,true,true,true,true,0.1215,0.2000,true,false,19.0,1.56,2718.46,2713.40,2726.05,5.06,1.50,2720.11,2713.59,mid_fractal_low,DowFractal_ThirdWave_Regime
2024.10.18 21:44:59,XAUUSD,LONG,up,valid_higher_low,minor_high_reclaimed_quality_ok,REGIME_TREND_UP,trend_up swing=HH_HL strength=0.611 range_atr=8.60 vol=normal,HH_HL,3.80,0.6109,normal,true,,100.00,2.20,5.47,true,true,true,max_positions,,max_positions,true,true,true,true,true,0.1686,0.2000,true,false,19.0,1.13,2719.54,2713.37,2728.80,6.17,1.50,2720.11,2713.56,mid_fractal_low,DowFractal_ThirdWave_Regime
2024.10.31 23:44:59,XAUUSD,SHORT,down,valid_lower_high,minor_low_broken_quality_ok,REGIME_TREND_DOWN,trend_down swing=LL_LH strength=0.191 range_atr=6.86 vol=normal,LL_LH,-1.63,0.1907,normal,true,,100.00,6.28,3.55,true,true,true,,,,true,true,true,true,true,0.1461,0.2000,true,false,18.0,1.23,2745.49,2749.86,2738.94,4.37,1.50,2749.68,2731.52,mid_fractal_high,DowFractal_ThirdWave_Regime
2024.11.01 03:59:59,USDJPY,SHORT,down,valid_lower_high,minor_low_broken_quality_ok,REGIME_TREND_DOWN,trend_down swing=LL_LH strength=0.420 range_atr=5.54 vol=normal,LL_LH,-0.139,0.4197,normal,true,,100.00,2.51,1.12,true,true,true,max_positions,,max_positions,true,true,true,true,true,0.1985,0.2000,true,false,23.0,0.116,152.025,152.155,151.830,0.130,1.50,152.132,151.780,mid_fractal_high,DowFractal_ThirdWave_Regime
2024.11.05 07:59:59,XAUUSD,SHORT,down,valid_lower_high,minor_low_broken_quality_ok,REGIME_TREND_DOWN,trend_down swing=LL_LH strength=0.246 range_atr=7.36 vol=normal,LL_LH,-1.25,0.2457,normal,true,,100.00,4.20,3.47,true,true,true,,,,true,true,true,true,true,0.1650,0.2000,true,false,19.0,1.15,2732.53,2736.52,2726.55,3.99,1.50,2736.33,2724.72,mid_fractal_high,DowFractal_ThirdWave_Regime
2024.11.06 11:29:59,XAUUSD,SHORT,down,valid_lower_high,minor_low_broken_quality_ok,REGIME_TREND_DOWN,trend_down swing=LL_LH strength=0.110 range_atr=4.13 vol=high,LL_LH,-1.29,0.1097,high,true,,100.00,3.20,3.17,true,true,true,,,,true,true,true,true,true,0.0534,0.2000,true,false,20.0,3.75,2722.35,2734.23,2704.53,11.88,1.50,2733.73,2701.47,mid_fractal_high,DowFractal_ThirdWave_Regime
2024.11.06 11:44:59,XAUUSD,SHORT,down,valid_lower_high,minor_low_broken_quality_ok,REGIME_TREND_DOWN,trend_down swing=LL_LH strength=0.110 range_atr=4.13 vol=high,LL_LH,-1.29,0.1097,high,true,,100.00,3.11,4.83,true,true,true,max_positions,,max_positions,true,true,true,true,true,0.0531,0.2000,true,false,18.0,3.39,2717.88,2734.25,2693.33,16.37,1.50,2733.73,2701.47,mid_fractal_high,DowFractal_ThirdWave_Regime
2024.11.06 19:44:59,XAUUSD,SHORT,down,valid_lower_high,minor_low_broken_quality_ok,REGIME_TREND_DOWN,trend_down swing=LL_LH strength=0.368 range_atr=5.31 vol=high,LL_LH,-6.76,0.3683,high,true,,100.00,3.58,5.87,true,true,true,,,,true,true,true,true,true,0.0755,0.2000,true,false,18.0,2.38,2664.58,2678.57,2643.60,13.99,1.50,2678.21,2652.39,mid_fractal_high,DowFractal_ThirdWave_Regime
2024.11.07 02:14:59,XAUUSD,SHORT,down,valid_lower_high,minor_low_broken_quality_ok,REGIME_TREND_DOWN,trend_down swing=LL_LH strength=0.571 range_atr=7.39 vol=high,LL_LH,-7.53,0.5705,high,true,,100.00,4.90,1.43,true,true,true,max_positions,,max_positions,true,true,true,true,true,0.1310,0.2000,true,false,18.0,1.37,2662.49,2664.45,2659.55,1.96,1.50,2664.27,2652.39,mid_fractal_high,DowFractal_ThirdWave_Regime
2024.11.07 10:44:59,XAUUSD,SHORT,down,valid_lower_high,minor_low_broken_quality_ok,REGIME_TREND_DOWN,trend_down swing=LL_LH strength=1.029 range_atr=14.58 vol=normal,LL_LH,-7.52,1.0294,normal,true,,75.00,6.17,3.32,true,true,true,max_positions,,max_positions,true,true,true,true,true,0.0900,0.2000,true,false,18.0,2.00,2661.17,2667.82,2651.20,6.65,1.50,2667.62,2643.43,mid_fractal_high,DowFractal_ThirdWave_Regime
2024.11.13 13:44:58,XAUUSD,SHORT,down,valid_lower_high,minor_low_broken_quality_ok,REGIME_TREND_DOWN,trend_down swing=LL_LH strength=1.209 range_atr=16.17 vol=low,LL_LH,-6.40,1.2092,low,true,,100.00,3.14,2.16,true,true,true,,,,true,true,true,true,true,0.1129,0.2000,true,false,18.0,1.59,2608.42,2611.87,2603.25,3.45,1.50,2611.69,2601.05,mid_fractal_high,DowFractal_ThirdWave_Regime
2024.11.15 11:29:59,XAUUSD,SHORT,down,valid_lower_high,minor_low_broken_quality_ok,REGIME_TREND_DOWN,trend_down swing=LL_LH strength=0.708 range_atr=13.30 vol=normal,LL_LH,-4.37,0.7082,normal,true,,100.00,4.12,1.94,true,true,true,,,,true,true,true,true,true,0.0997,0.2000,true,false,19.0,1.91,2566.01,2569.70,2560.48,3.69,1.50,2569.51,2554.35,mid_fractal_high,DowFractal_ThirdWave_Regime
2024.11.18 13:29:59,XAUUSD,LONG,up,valid_higher_low,minor_high_reclaimed_quality_ok,REGIME_TREND_UP,trend_up swing=HH_HL strength=0.358 range_atr=7.51 vol=normal,HH_HL,2.88,0.3581,normal,true,,100.00,2.09,2.67,true,true,true,,,,true,true,true,true,true,0.1030,0.2000,true,false,19.0,1.84,2594.26,2589.34,2601.64,4.92,1.50,2597.23,2589.53,mid_fractal_low,DowFractal_ThirdWave_Regime
2024.11.18 21:14:59,XAUUSD,LONG,up,valid_higher_low,minor_high_reclaimed_quality_ok,REGIME_TREND_UP,trend_up swing=HH_HL strength=0.783 range_atr=8.35 vol=normal,HH_HL,5.69,0.7826,normal,true,,100.00,2.84,3.67,true,true,true,,,,true,true,true,true,true,0.1304,0.2000,true,false,18.0,1.38,2612.21,2607.14,2619.82,5.07,1.50,2615.02,2607.32,mid_fractal_low,DowFractal_ThirdWave_Regime
2024.11.19 20:59:59,XAUUSD,LONG,up,valid_higher_low,minor_high_reclaimed_quality_ok,REGIME_TREND_UP,trend_up swing=HH_HL strength=0.791 range_atr=10.52 vol=normal,HH_HL,6.01,0.7913,normal,true,,100.00,3.47,2.98,true,true,true,,,,true,true,true,true,true,0.1263,0.2000,true,false,18.0,1.42,2630.34,2626.09,2636.72,4.25,1.50,2639.42,2626.28,mid_fractal_low,DowFractal_ThirdWave_Regime
2024.11.20 17:59:59,USDJPY,LONG,up,valid_higher_low,minor_high_reclaimed_quality_ok,REGIME_TREND_UP,trend_up swing=HH_HL strength=0.307 range_atr=11.26 vol=normal,HH_HL,0.071,0.3067,normal,true,,75.00,2.63,1.18,true,true,true,,,,true,true,true,true,true,0.1470,0.2000,true,false,23.0,0.156,155.544,155.360,155.820,0.184,1.50,155.878,155.383,mid_fractal_low,DowFractal_ThirdWave_Regime
2024.11.20 23:29:59,XAUUSD,LONG,up,valid_higher_low,minor_high_reclaimed_quality_ok,REGIME_TREND_UP,trend_up swing=HH_HL strength=0.664 range_atr=7.16 vol=normal,HH_HL,4.38,0.6643,normal,true,,100.00,3.29,2.16,true,true,true,,,,true,true,true,true,true,0.1249,0.2000,true,false,18.0,1.44,2650.12,2647.01,2654.79,3.11,1.50,2655.40,2647.19,mid_fractal_low,DowFractal_ThirdWave_Regime
2024.11.21 22:59:59,XAUUSD,LONG,up,valid_higher_low,minor_high_reclaimed_quality_ok,REGIME_TREND_UP,trend_up swing=HH_HL strength=0.553 range_atr=7.78 vol=normal,HH_HL,3.89,0.5531,normal,true,,100.00,2.04,3.37,true,true,true,,,,true,true,true,true,true,0.1504,0.2000,true,false,18.0,1.20,2671.66,2667.63,2677.71,4.03,1.50,2673.48,2667.81,mid_fractal_low,DowFractal_ThirdWave_Regime
2024.11.21 23:14:59,XAUUSD,LONG,up,valid_higher_low,minor_high_reclaimed_quality_ok,REGIME_TREND_UP,trend_up swing=HH_HL strength=0.587 range_atr=7.97 vol=normal,HH_HL,4.03,0.5867,normal,true,,100.00,2.18,2.80,true,true,true,max_positions,,max_positions,true,true,true,true,true,0.1715,0.2000,true,false,18.0,1.05,2670.57,2667.63,2674.98,2.94,1.50,2673.48,2667.81,mid_fractal_low,DowFractal_ThirdWave_Regime
2024.11.22 20:29:59,XAUUSD,LONG,up,valid_higher_low,minor_high_reclaimed_quality_ok,REGIME_TREND_UP,trend_up swing=HH_HL strength=0.813 range_atr=7.30 vol=normal,HH_HL,7.21,0.8128,normal,true,,100.00,1.64,4.40,true,true,true,,,,true,true,true,true,true,0.1201,0.2000,true,false,18.0,1.50,2710.01,2703.42,2719.90,6.59,1.50,2710.10,2703.62,mid_fractal_low,DowFractal_ThirdWave_Regime
2024.11.27 15:59:59,USDJPY,SHORT,down,valid_lower_high,minor_low_broken_quality_ok,REGIME_TREND_DOWN,trend_down swing=LL_LH strength=0.887 range_atr=9.94 vol=normal,LL_LH,-0.294,0.8872,normal,true,,100.00,2.50,2.58,true,true,true,,,,true,true,true,true,true,0.1937,0.2000,true,false,23.0,0.119,151.323,151.629,150.864,0.306,1.50,151.606,151.214,mid_fractal_high,DowFractal_ThirdWave_Regime
2024.12.02 22:14:59,XAUUSD,SHORT,down,valid_lower_high,minor_low_broken_quality_ok,REGIME_TREND_DOWN,trend_down swing=LL_LH strength=0.070 range_atr=6.28 vol=normal,LL_LH,-0.50,0.0704,normal,true,,75.00,7.01,3.82,true,true,true,,,,true,true,true,true,true,0.1417,0.2000,true,false,18.0,1.27,2635.50,2640.35,2628.23,4.85,1.50,2640.17,2621.93,mid_fractal_high,DowFractal_ThirdWave_Regime
2024.12.03 19:59:59,USDJPY,SHORT,down,valid_lower_high,minor_low_broken_quality_ok,REGIME_TREND_DOWN,trend_down swing=LL_LH strength=0.247 range_atr=5.89 vol=normal,LL_LH,-0.088,0.2472,normal,true,,100.00,3.26,3.02,true,true,true,,,,true,true,true,true,true,0.1555,0.2000,true,false,17.0,0.109,149.201,149.531,148.706,0.330,1.50,149.514,148.637,mid_fractal_high,DowFractal_ThirdWave_Regime
2024.12.03 20:15:00,USDJPY,SHORT,down,valid_lower_high,minor_low_broken_quality_ok,REGIME_TREND_DOWN,trend_down swing=LL_LH strength=0.279 range_atr=5.74 vol=normal,LL_LH,-0.102,0.2786,normal,true,,100.00,3.18,3.36,true,true,true,max_positions,,max_positions,true,true,true,true,true,0.1407,0.2000,true,false,16.0,0.114,149.138,149.520,148.565,0.382,1.50,149.504,148.637,mid_fractal_high,DowFractal_ThirdWave_Regime
2024.12.03 20:59:59,USDJPY,SHORT,down,valid_lower_high,minor_low_broken_quality_ok,REGIME_TREND_DOWN,trend_down swing=LL_LH strength=0.279 range_atr=5.74 vol=normal,LL_LH,-0.102,0.2786,normal,true,,75.00,3.63,5.64,true,true,true,max_positions,,max_positions,true,true,true,true,true,0.1857,0.2000,true,false,16.0,0.086,149.034,149.520,148.305,0.486,1.50,149.504,148.637,mid_fractal_high,DowFractal_ThirdWave_Regime
2024.12.10 06:14:59,XAUUSD,LONG,up,valid_higher_low,minor_high_reclaimed_quality_ok,REGIME_TREND_UP,trend_up swing=HH_HL strength=0.563 range_atr=9.53 vol=normal,HH_HL,3.51,0.5633,normal,true,,100.00,2.95,3.50,true,true,true,,,,true,true,true,true,true,0.0890,0.2000,true,false,18.0,2.02,2672.38,2665.30,2683.00,7.08,1.50,2676.35,2665.48,mid_fractal_low,DowFractal_ThirdWave_Regime
2024.12.11 15:15:00,XAUUSD,LONG,up,valid_higher_low,minor_high_reclaimed_quality_ok,REGIME_TREND_UP,trend_up swing=HH_HL strength=0.592 range_atr=5.92 vol=normal,HH_HL,5.11,0.5918,normal,true,,100.00,1.85,2.27,true,true,true,,,,true,true,true,true,true,0.1362,0.2000,true,false,23.0,1.69,2697.31,2693.48,2703.06,3.83,1.50,2699.84,2693.71,mid_fractal_low,DowFractal_ThirdWave_Regime
2024.12.16 10:44:59,USDJPY,LONG,up,valid_higher_low,minor_high_reclaimed_quality_ok,REGIME_TREND_UP,trend_up swing=HH_HL strength=0.747 range_atr=11.49 vol=normal,HH_HL,0.141,0.7473,normal,true,,75.00,3.95,2.23,true,true,true,,,,true,true,true,true,true,0.1857,0.2000,true,false,16.0,0.086,153.714,153.522,154.002,0.192,1.50,153.965,153.538,mid_fractal_low,DowFractal_ThirdWave_Regime
2024.12.19 16:29:59,GBPJPY,LONG,up,valid_higher_low,minor_high_reclaimed_quality_ok,REGIME_TREND_UP,trend_up swing=HH_HL strength=0.379 range_atr=6.70 vol=high,HH_HL,0.277,0.3792,high,true,,100.00,5.50,3.48,true,true,true,,,,true,true,true,true,true,0.1980,0.2000,true,false,38.0,0.192,197.866,197.198,198.868,0.668,1.50,198.940,197.236,mid_fractal_low,DowFractal_ThirdWave_Regime
2024.12.30 15:44:59,XAUUSD,SHORT,down,valid_lower_high,minor_low_broken_quality_ok,REGIME_TREND_DOWN,trend_down swing=LL_LH strength=0.216 range_atr=5.45 vol=normal,LL_LH,-1.19,0.2163,normal,true,,75.00,2.90,2.55,true,true,true,,,,true,true,true,true,true,0.0895,0.2000,true,false,20.0,2.24,2613.19,2618.89,2604.64,5.70,1.50,2618.69,2609.34,mid_fractal_high,DowFractal_ThirdWave_Regime
