time,symbol,direction,higher_tf_trend,mid_tf_pullback_status,lower_tf_reversal_status,regime,regime_reason,higher_tf_swing_state,ema_slope,trend_strength,volatility_state,entry_allowed_by_regime,blocked_by_regime_reason,lower_reversal_quality,pullback_depth_atr,sl_atr,setup_pass,entry_pass,final_entry_pass,skip_reason,structure_stage_fail_reason,execution_block_reason,higher_tf_trend_pass,mid_tf_pullback_pass,lower_tf_reversal_pass,structure_sl_pass,rr_pass,v2_filter_pass,v2_filter_fail_reason,v3_filter_pass,v3_filter_fail_reason,v3_momentum_exhaustion_score,v3_momentum_exhausted,v3_recent_move_atr,v3_consecutive_directional_bars,v3_close_to_recent_extreme_atr,reversal_signal_type,v4_block_reason,bars_since_pullback_extreme,bars_since_reversal_signal,distance_from_reversal_signal_to_entry_atr,impulse_consumed_pct,pre_entry_momentum_score,reversal_strength_score,spread_atr,max_spread_atr,spread_guard_pass,spread_guard_blocked,spread_points,atr_value,entry_price,sl,tp,risk_r,rr,swing_high,swing_low,structure_sl_source,strategy_name
2025.02.05 11:00:00,USDJPY,SHORT,down,valid_lower_high,candle_reversal,REGIME_TREND_DOWN,trend_down swing=LL_LH strength=0.856 range_atr=9.67 vol=normal,LL_LH,-0.234,0.8560,normal,true,,85.00,1.57,2.90,true,true,true,all_score_passing_candidate,,,true,true,true,true,true,true,,true,,35.00,false,1.44,1,0.43,candle_reversal,,6,1,0.43,61.43,82.00,85.00,0.1678,0.2000,true,false,18.0,0.107,153.045,153.356,152.579,0.311,1.50,153.338,153.066,mid_fractal_high,DowFractal_ThirdWave_V4_EarlyReversal
2025.02.05 16:05:00,USDJPY,SHORT,down,valid_lower_high,candle_reversal,REGIME_TREND_DOWN,trend_down swing=LL_LH strength=0.646 range_atr=8.44 vol=normal,LL_LH,-0.227,0.6456,normal,true,,70.00,5.90,2.06,true,true,true,all_score_passing_candidate,,,true,true,true,true,true,true,,true,,0.00,false,0.00,1,3.31,candle_reversal,,1,1,2.14,20.41,18.00,70.00,0.1481,0.2000,true,false,16.0,0.108,153.180,153.403,152.846,0.223,1.50,153.387,152.545,mid_fractal_high,DowFractal_ThirdWave_V4_EarlyReversal
2025.02.06 05:19:59,XAUUSD,LONG,up,valid_higher_low,candle_reversal,REGIME_TREND_UP,trend_up swing=HH_HL strength=0.639 range_atr=9.19 vol=normal,HH_HL,5.21,0.6389,normal,true,,70.00,6.35,3.03,true,true,true,all_score_passing_candidate,,,true,true,true,true,true,true,,true,,0.00,false,0.00,1,2.94,candle_reversal,,24,1,2.70,19.61,18.00,70.00,0.1199,0.2000,true,false,18.0,1.50,2868.03,2863.48,2874.86,4.55,1.50,2882.22,2863.66,mid_fractal_low,DowFractal_ThirdWave_V4_EarlyReversal
2025.02.07 20:39:59,USDJPY,SHORT,down,valid_lower_high,candle_reversal,REGIME_TREND_DOWN,trend_down swing=LL_LH strength=0.317 range_atr=5.30 vol=normal,LL_LH,-0.117,0.3169,normal,true,,95.00,3.50,3.07,true,true,true,all_score_passing_candidate,,,true,true,true,true,true,true,,true,,0.00,false,0.96,1,0.63,candle_reversal,,16,1,0.60,18.82,64.00,95.00,0.1940,0.2000,true,false,18.0,0.093,151.582,151.867,151.155,0.285,1.50,151.849,150.921,mid_fractal_high,DowFractal_ThirdWave_V4_EarlyReversal
2025.02.10 22:19:59,XAUUSD,LONG,up,valid_higher_low,candle_reversal,REGIME_TREND_UP,trend_up swing=HH_HL strength=0.580 range_atr=7.40 vol=normal,HH_HL,4.86,0.5804,normal,true,,70.00,3.17,2.87,true,true,true,all_score_passing_candidate,,,true,true,true,true,true,true,,true,,0.00,false,0.15,1,0.26,candle_reversal,,9,1,0.65,19.79,18.00,70.00,0.1632,0.2000,true,false,18.0,1.10,2905.46,2902.30,2910.20,3.16,1.50,2911.71,2902.48,mid_fractal_low,DowFractal_ThirdWave_V4_EarlyReversal
2025.02.11 05:14:59,XAUUSD,LONG,up,valid_higher_low,candle_reversal,REGIME_TREND_UP,trend_up swing=HH_HL strength=0.623 range_atr=8.53 vol=normal,HH_HL,6.59,0.6235,normal,true,,70.00,1.07,2.03,true,true,true,all_score_passing_candidate,,,true,true,true,true,true,true,,true,,0.00,false,0.00,1,3.90,candle_reversal,,6,1,1.26,85.92,18.00,70.00,0.0274,0.2000,true,false,18.0,6.57,2915.85,2902.50,2935.88,13.35,1.50,2942.66,2902.91,mid_fractal_low,DowFractal_ThirdWave_V4_EarlyReversal
2025.02.14 10:44:59,XAUUSD,LONG,up,valid_higher_low,candle_reversal,REGIME_TREND_UP,trend_up swing=HH_HL strength=0.695 range_atr=13.60 vol=normal,HH_HL,3.69,0.6949,normal,true,,70.00,1.07,1.91,true,true,true,all_score_passing_candidate,,,true,true,true,true,true,true,,true,,0.00,false,0.00,1,1.77,candle_reversal,,16,1,1.77,38.14,18.00,70.00,0.0820,0.2000,true,false,18.0,2.20,2934.60,2930.40,2940.90,4.20,1.50,2936.81,2930.58,mid_fractal_low,DowFractal_ThirdWave_V4_EarlyReversal
2025.02.14 11:09:59,XAUUSD,LONG,up,valid_higher_low,candle_reversal,REGIME_TREND_UP,trend_up swing=HH_HL strength=0.764 range_atr=13.52 vol=normal,HH_HL,4.17,0.7641,normal,true,,95.00,0.93,3.18,true,true,true,existing_position,,existing_position,true,true,true,true,true,true,,true,,20.00,false,0.60,1,0.02,candle_reversal,,21,1,0.59,61.10,36.00,95.00,0.0864,0.2000,true,false,18.0,2.08,2937.24,2930.62,2947.17,6.62,1.50,2938.49,2930.80,mid_fractal_low,DowFractal_ThirdWave_V4_EarlyReversal
2025.02.19 09:49:59,XAUUSD,LONG,up,valid_higher_low,candle_reversal,REGIME_TREND_UP,trend_up swing=HH_HL strength=0.774 range_atr=8.29 vol=normal,HH_HL,4.81,0.7744,normal,true,,70.00,3.65,2.76,true,true,true,all_score_passing_candidate,,,true,true,true,true,true,true,,true,,0.00,false,0.00,1,0.65,candle_reversal,,9,1,0.33,26.87,18.00,70.00,0.1135,0.2000,true,false,18.0,1.59,2934.69,2930.31,2941.26,4.38,1.50,2939.69,2930.49,mid_fractal_low,DowFractal_ThirdWave_V4_EarlyReversal
2025.02.19 17:29:59,XAUUSD,LONG,up,valid_higher_low,candle_reversal,REGIME_TREND_UP,trend_up swing=HH_HL strength=0.499 range_atr=7.10 vol=normal,HH_HL,3.86,0.4991,normal,true,,70.00,3.09,1.52,true,true,true,all_score_passing_candidate,,,true,true,true,true,true,true,,true,,0.00,false,0.00,1,1.51,candle_reversal,,12,1,0.86,22.23,18.00,70.00,0.0511,0.2000,true,false,18.0,3.52,2935.27,2929.93,2943.28,5.34,1.50,2946.87,2930.20,mid_fractal_low,DowFractal_ThirdWave_V4_EarlyReversal
2025.02.20 15:19:59,XAUUSD,LONG,up,valid_higher_low,candle_reversal,REGIME_TREND_UP,trend_up swing=HH_HL strength=0.632 range_atr=7.37 vol=normal,HH_HL,3.86,0.6325,normal,true,,70.00,4.10,2.03,true,true,true,all_score_passing_candidate,,,true,true,true,true,true,true,,true,,0.00,false,0.00,1,0.74,candle_reversal,,11,1,0.74,29.44,18.00,70.00,0.0577,0.2000,true,false,18.0,3.12,2945.00,2938.66,2954.51,6.34,1.50,2954.82,2938.85,mid_fractal_low,DowFractal_ThirdWave_V4_EarlyReversal
2025.02.20 16:49:59,USDJPY,SHORT,down,valid_lower_high,candle_reversal,REGIME_TREND_DOWN,trend_down swing=LL_LH strength=0.548 range_atr=8.29 vol=high,LL_LH,-0.172,0.5479,high,true,,95.00,1.57,2.85,true,true,true,all_score_passing_candidate,,,true,true,true,true,true,true,,true,,35.00,false,1.42,1,0.47,candle_reversal,,8,1,0.08,66.87,82.00,95.00,0.1424,0.2000,true,false,17.0,0.119,149.889,150.229,149.379,0.340,1.50,150.212,149.698,mid_fractal_high,DowFractal_ThirdWave_V4_EarlyReversal
2025.02.24 03:39:59,USDJPY,SHORT,down,valid_lower_high,candle_reversal,REGIME_TREND_DOWN,trend_down swing=LL_LH strength=0.772 range_atr=7.18 vol=normal,LL_LH,-0.231,0.7718,normal,true,,70.00,2.84,3.07,true,true,true,all_score_passing_candidate,,,true,true,true,true,true,true,,true,,0.00,false,0.00,1,2.42,candle_reversal,,20,1,1.51,19.08,18.00,70.00,0.1991,0.2000,true,false,21.0,0.106,149.093,149.417,148.607,0.324,1.50,149.396,148.838,mid_fractal_high,DowFractal_ThirdWave_V4_EarlyReversal
2025.02.26 09:59:59,XAUUSD,SHORT,down,valid_lower_high,candle_reversal,REGIME_TREND_DOWN,trend_down swing=LL_LH strength=0.226 range_atr=7.99 vol=normal,LL_LH,-1.93,0.2263,normal,true,,70.00,7.95,2.82,true,true,true,all_score_passing_candidate,,,true,true,true,true,true,true,,true,,0.00,false,0.00,1,2.76,candle_reversal,,1,1,2.00,13.63,18.00,70.00,0.0857,0.2000,true,false,18.0,2.10,2915.38,2921.31,2906.49,5.93,1.50,2921.10,2888.20,mid_fractal_high,DowFractal_ThirdWave_V4_EarlyReversal
2025.02.26 10:19:59,XAUUSD,SHORT,down,valid_lower_high,candle_reversal,REGIME_TREND_DOWN,trend_down swing=LL_LH strength=0.268 range_atr=8.48 vol=normal,LL_LH,-2.15,0.2677,normal,true,,70.00,7.82,3.59,true,true,true,existing_position,,existing_position,true,true,true,true,true,true,,true,,0.00,false,0.53,1,0.85,candle_reversal,,5,1,0.02,18.99,18.00,70.00,0.0789,0.2000,true,false,18.0,2.28,2913.13,2921.31,2900.86,8.18,1.50,2921.10,2888.20,mid_fractal_high,DowFractal_ThirdWave_V4_EarlyReversal
2025.02.26 11:40:00,XAUUSD,SHORT,down,valid_lower_high,candle_reversal,REGIME_TREND_DOWN,trend_down swing=LL_LH strength=0.293 range_atr=9.01 vol=normal,LL_LH,-2.21,0.2930,normal,true,,70.00,6.93,1.42,true,true,true,existing_position,,existing_position,true,true,true,true,true,true,,true,,20.00,false,0.11,1,0.24,candle_reversal,,7,1,0.24,6.29,18.00,70.00,0.0898,0.2000,true,false,18.0,2.00,2914.89,2917.74,2910.62,2.85,1.50,2917.53,2888.20,mid_fractal_high,DowFractal_ThirdWave_V4_EarlyReversal
2025.02.27 17:20:00,GBPJPY,LONG,up,valid_higher_low,candle_reversal,REGIME_TREND_UP,trend_up swing=HH_HL strength=0.095 range_atr=4.56 vol=normal,HH_HL,0.041,0.0954,normal,true,,65.00,3.51,1.67,true,true,true,all_score_passing_candidate,,,true,true,true,true,true,true,,true,,0.00,false,0.81,1,2.17,candle_reversal,,3,1,0.73,19.11,18.00,65.00,0.1976,0.2000,true,false,38.0,0.192,189.264,188.943,189.746,0.321,1.50,190.092,188.981,mid_fractal_low,DowFractal_ThirdWave_V4_EarlyReversal
2025.02.27 17:30:00,GBPJPY,LONG,up,valid_higher_low,candle_reversal,REGIME_TREND_UP,trend_up swing=HH_HL strength=0.095 range_atr=4.56 vol=normal,HH_HL,0.041,0.0954,normal,true,,95.00,3.51,1.79,true,true,true,existing_position,,existing_position,true,true,true,true,true,true,,true,,35.00,false,2.24,1,1.10,candle_reversal,,5,1,0.08,23.30,64.00,95.00,0.1779,0.2000,true,false,38.0,0.214,189.326,188.943,189.901,0.383,1.50,190.092,188.981,mid_fractal_low,DowFractal_ThirdWave_V4_EarlyReversal
2025.02.27 17:45:00,GBPJPY,LONG,up,valid_higher_low,candle_reversal,REGIME_TREND_UP,trend_up swing=HH_HL strength=0.095 range_atr=4.56 vol=normal,HH_HL,0.041,0.0954,normal,true,,70.00,3.27,1.74,true,true,true,existing_position,,existing_position,true,true,true,true,true,true,,true,,0.00,false,0.02,1,0.88,candle_reversal,,8,1,0.88,25.19,18.00,70.00,0.1608,0.2000,true,false,38.0,0.236,189.354,188.943,189.971,0.411,1.50,190.092,188.981,mid_fractal_low,DowFractal_ThirdWave_V4_EarlyReversal
2025.02.27 18:40:00,GBPJPY,LONG,up,valid_higher_low,candle_reversal,REGIME_TREND_UP,trend_up swing=HH_HL strength=0.029 range_atr=4.35 vol=normal,HH_HL,0.013,0.0295,normal,true,,70.00,3.52,2.80,true,true,true,existing_position,,existing_position,true,true,true,true,true,true,,true,,0.00,false,0.00,1,0.64,candle_reversal,,19,1,0.64,36.60,18.00,70.00,0.1833,0.2000,true,false,38.0,0.207,189.397,188.817,190.267,0.580,1.50,190.092,188.855,mid_fractal_low,DowFractal_ThirdWave_V4_EarlyReversal
2025.02.27 21:30:00,XAUUSD,SHORT,down,valid_lower_high,candle_reversal,REGIME_TREND_DOWN,trend_down swing=LL_LH strength=0.542 range_atr=5.99 vol=normal,LL_LH,-5.65,0.5424,normal,true,,95.00,4.93,2.50,true,true,true,all_score_passing_candidate,,,true,true,true,true,true,true,,true,,0.00,false,0.83,1,0.86,candle_reversal,,5,1,1.35,15.41,36.00,95.00,0.1136,0.2000,true,false,18.0,1.58,2883.13,2887.09,2877.19,3.96,1.50,2886.90,2867.84,mid_fractal_high,DowFractal_ThirdWave_V4_EarlyReversal
