breakout_time,signal_time,direction,signal_hour,body_pips,body_to_range,body_vs_avg,breakout_close_location,slow_slope_pips,prior_touches,retest_delay_bars,retest_close_location,zone_range_pips_24,zone_range_pips_48,same_zone_24,same_zone_48,expectancy_r,win,hold_bars
2025-04-23 06:15:00,2025-04-23 06:45:00,buy,6,12.90000000000191,0.8775510204081751,1.0137524557957989,0.8775510204081751,5.357738711597904,3,2,0.9191176470588527,176.400000000001,255.80000000000211,0.0,0.0,-1.16,0.0,2
2025-04-23 08:30:00,2025-04-23 08:45:00,buy,8,18.10000000000116,0.721115537848638,1.932728243459824,0.9840637450199577,4.3843887559603445,6,1,0.41176470588240915,120.50000000000125,218.20000000000164,0.0,0.0,-1.16,0.0,1
2025-04-24 12:45:00,2025-04-24 14:00:00,sell,14,17.00000000000159,0.8374384236453865,3.0195381882772043,0.8522167487684694,0.4618299460474873,12,5,0.9781021897809175,45.899999999997476,83.9999999999975,0.0,0.0,-1.17,0.0,2
2025-04-24 15:30:00,2025-04-24 15:45:00,sell,15,7.800000000000296,0.39195979899502154,1.4003590664273724,0.8291457286432433,0.7045535756560639,15,1,0.4299516908212627,56.00000000000023,96.89999999999941,0.0,0.0,-1.16,0.0,3
2025-04-30 06:45:00,2025-04-30 09:00:00,buy,9,3.0000000000001137,0.45454545454545453,0.5333333333333535,0.8484848484845614,0.5021001978320783,16,9,0.7149321266967622,38.80000000000052,57.90000000000077,0.0,0.0,-1.16,0.0,1
2025-04-30 07:30:00,2025-04-30 09:00:00,buy,9,4.399999999998272,0.42307692307670236,0.8278457196610199,0.9519230769228536,1.0096516647593035,18,6,0.7149321266967622,39.09999999999911,54.39999999999827,0.0,0.0,-1.16,0.0,1
2025-04-30 09:00:00,2025-04-30 09:45:00,buy,9,15.399999999999636,0.6968325791854925,3.5000000000000484,0.7149321266967622,1.21900436719784,23,3,0.8775510204081751,38.700000000000045,42.30000000000018,0.0,0.0,1.04,1.0,1
2025-04-30 17:30:00,2025-05-01 04:00:00,buy,4,5.100000000001614,0.3090909090910218,0.7925407925410396,0.9030303030303521,2.030389884581041,9,42,0.6464646464646435,55.50000000000068,82.30000000000075,0.0,0.0,1.04,1.0,3
2025-04-30 23:00:00,2025-05-01 04:00:00,buy,4,14.700000000001978,0.7736842105264292,1.930400525279247,0.8210526315789883,1.8668312849030144,12,20,0.6464646464646435,53.600000000000136,64.50000000000102,0.0,0.0,1.04,1.0,3
2025-05-01 01:00:00,2025-05-01 04:00:00,buy,4,9.300000000001774,0.5886075949368694,1.668161434977968,0.7215189873418587,2.4410610671168342,17,12,0.6464646464646435,59.699999999998,68.39999999999975,0.0,0.0,1.04,1.0,3
2025-05-01 01:30:00,2025-05-01 04:00:00,buy,4,1.5999999999991132,0.2191780821916368,0.26556016597496634,0.3287671232876499,2.495621950674831,19,10,0.6464646464646435,59.699999999998,68.39999999999975,0.0,0.0,1.04,1.0,3
2025-05-01 04:00:00,2025-05-01 05:30:00,buy,5,5.500000000000682,0.5555555555556831,1.2820512820516048,0.6464646464646435,1.9594937205027918,28,6,0.6410256410257625,47.399999999998954,68.39999999999975,0.0,0.0,-1.16,0.0,2
2025-05-05 12:00:00,2025-05-05 13:45:00,sell,13,9.999999999999432,0.598802395209541,1.4970059880238846,0.7365269461077202,4.5707993659021895,10,7,0.3793103448274848,53.000000000000114,110.09999999999991,0.0,0.0,1.04,1.0,1
2025-05-06 16:45:00,2025-05-06 23:30:00,sell,23,17.300000000000182,0.6070175438596628,2.545989698307749,0.6105263157895041,9.80491001984376,1,27,0.7129629629629191,87.80000000000143,158.10000000000173,0.0,0.0,-1.28,0.0,6
2025-05-06 21:30:00,2025-05-06 23:30:00,sell,23,13.999999999998636,0.9523809523807314,1.6607354685645093,0.9727891156461322,7.507753751480095,6,8,0.7129629629629191,67.9000000000002,157.0999999999998,0.0,0.0,-1.28,0.0,6
2025-05-13 21:30:00,2025-05-14 00:45:00,sell,0,11.099999999999,0.7399999999999053,1.5091774303194583,0.7466666666666035,1.877927433372406,3,13,0.8703703703702826,82.20000000000027,82.20000000000027,0.0,0.0,1.04,1.0,1
2025-05-13 22:15:00,2025-05-14 00:45:00,sell,0,1.300000000000523,0.18309859154937472,0.20170674941824562,0.9295774647887944,2.610846452324722,6,10,0.8703703703702826,61.40000000000043,82.8000000000003,0.0,0.0,1.04,1.0,1
2025-05-19 17:30:00,2025-05-19 17:45:00,sell,17,12.600000000000477,0.7159090909090524,2.1000000000000996,0.7159090909090524,1.5492020046508514,21,1,0.5988372093023862,51.50000000000148,68.1999999999988,0.0,0.0,-1.16,0.0,4
2025-05-20 14:00:00,2025-05-21 00:30:00,sell,0,12.300000000001887,0.9111111111113123,1.5668789808919101,0.918518518518545,2.56233448766352,11,42,1.0,67.4999999999983,141.99999999999875,0.0,0.0,0.42999999999999994,1.0,2
2025-05-20 22:15:00,2025-05-21 00:30:00,sell,0,4.599999999999227,0.6052631578946877,0.7006854531606196,0.7105263157895623,2.2898917841644106,17,9,1.0,47.90000000000134,88.30000000000098,0.0,0.0,0.42999999999999994,1.0,2
2025-05-20 23:15:00,2025-05-21 00:30:00,sell,0,6.19999999999834,0.8051948051946086,1.0886742756801475,0.9610389610387741,2.41869780340096,19,5,1.0,45.39999999999793,76.70000000000243,0.0,0.0,0.42999999999999994,1.0,2
2025-05-20 23:45:00,2025-05-21 00:30:00,sell,0,3.4000000000020236,0.5862068965521465,0.5980650835535809,0.6724137931038031,2.1045051633279854,21,3,1.0,45.39999999999793,60.40000000000134,0.0,0.0,0.42999999999999994,1.0,2
2025-05-23 06:00:00,2025-05-23 08:15:00,sell,8,9.399999999999409,0.862385321100793,2.2926829268291433,0.8715596330274415,2.1711208216203204,18,9,0.8769230769229222,51.59999999999911,79.09999999999968,0.0,0.0,-1.15,0.0,1
2025-05-23 08:45:00,2025-05-23 09:15:00,sell,9,11.7999999999995,0.8489208633094291,2.9099876695437263,0.8705035971222801,2.4694711236776357,20,2,0.03821656050955302,65.70000000000107,93.39999999999975,0.0,0.0,1.05,1.0,3
2025-05-23 09:45:00,2025-05-23 10:00:00,sell,10,11.400000000000432,0.8085106382979538,2.5909090909092023,0.8794326241134967,2.353575591374124,19,1,0.9622641509434823,63.400000000001455,86.7999999999995,0.0,0.0,1.05,1.0,3
2025-05-27 13:15:00,2025-05-27 15:45:00,buy,15,8.600000000001273,0.7818181818182006,0.9652076318744819,0.8363636363636504,9.881920243333298,1,10,0.11811023622057994,164.40000000000055,193.00000000000068,0.0,0.0,-1.15,0.0,1
2025-05-30 11:15:00,2025-05-30 11:30:00,sell,11,11.700000000001864,0.6842105263159295,1.4268292682928727,0.9122807017544617,1.7065883137178162,20,1,0.8860759493672753,46.299999999999386,80.29999999999973,0.0,0.0,-1.15,0.0,1
2025-05-30 13:00:00,2025-05-30 13:45:00,sell,13,25.499999999999545,0.9409594095941257,2.999999999999716,0.9926199261993313,1.8950631066957158,26,3,0.37362637362625006,52.800000000002,78.30000000000155,0.0,0.0,-1.15,0.0,2
2025-06-02 10:30:00,2025-06-02 13:00:00,sell,13,2.400000000000091,0.2222222222222222,0.44444444444442105,0.796296296296384,6.6309552091667,1,10,0.31999999999984086,63.2000000000005,107.00000000000216,0.0,0.0,1.05,1.0,1
2025-06-03 08:45:00,2025-06-03 09:45:00,sell,9,6.399999999999295,0.31372549019603196,1.0322580645159605,0.8235294117647058,0.46059108174745234,8,4,0.9538461538461505,85.99999999999852,88.89999999999816,0.0,0.0,1.05,1.0,1
2025-06-03 09:15:00,2025-06-03 09:45:00,sell,9,16.600000000002524,0.7685185185187073,2.6839126919970626,0.8055555555556615,0.3400307021053095,10,2,0.9538461538461505,68.1999999999988,88.89999999999816,0.0,0.0,1.05,1.0,1
2025-06-04 10:45:00,2025-06-04 11:00:00,buy,11,17.40000000000066,0.9613259668509545,3.1071428571429625,0.9613259668509545,1.9562221974524618,23,1,0.3680981595091918,71.09999999999843,71.09999999999843,0.0,0.0,-1.15,0.0,2
2025-06-06 01:15:00,2025-06-06 02:45:00,buy,2,8.400000000000318,0.7924528301887501,1.8918918918918313,0.8773584905659821,1.099811750725621,11,6,0.4761904761903634,49.69999999999857,119.80000000000075,0.0,0.0,1.02,1.0,3
2025-06-06 02:30:00,2025-06-06 02:45:00,buy,2,2.800000000002001,0.3684210526318742,0.6930693069311458,0.8026315789475308,1.3730635542799519,16,1,0.4761904761903634,46.299999999999386,119.80000000000075,0.0,0.0,1.02,1.0,3
2025-06-06 09:30:00,2025-06-06 12:30:00,buy,12,8.599999999998431,0.6515151515150079,1.5852534562208558,0.6666666666665949,4.229491535954821,1,12,0.08053691275168041,43.99999999999977,67.40000000000066,0.0,0.0,1.05,1.0,1
2025-06-06 11:45:00,2025-06-06 12:30:00,buy,12,8.599999999998431,0.895833333333136,1.8859649122802276,0.895833333333136,3.3990120288365233,6,3,0.08053691275168041,42.40000000000066,74.89999999999952,0.0,0.0,1.05,1.0,1
2025-06-09 21:45:00,2025-06-10 02:30:00,buy,2,8.899999999999864,0.890000000000037,2.077012835472273,0.890000000000037,0.6356865221789576,14,19,0.9516129032255847,42.499999999998295,79.80000000000018,0.0,0.0,-1.16,0.0,2
2025-06-10 01:00:00,2025-06-10 02:30:00,buy,2,12.399999999999523,0.8732394366197098,3.9616613418526727,0.8732394366197098,0.7046669884431367,19,6,0.9516129032255847,27.299999999999613,73.99999999999807,0.0,0.0,-1.16,0.0,2
2025-06-11 05:00:00,2025-06-11 08:30:00,buy,8,7.800000000000296,0.5234899328859227,1.4843006660323033,0.5503355704697526,1.8918958706422018,15,14,0.5180722891567131,50.900000000001455,64.50000000000102,0.0,0.0,1.05,1.0,3
2025-06-11 06:15:00,2025-06-11 08:30:00,buy,8,7.699999999999818,0.5877862595419698,1.2664473684209845,0.9465648854961451,1.8161071716178867,18,9,0.5180722891567131,50.900000000001455,50.900000000001455,0.0,0.0,1.05,1.0,3
2025-06-11 06:45:00,2025-06-11 08:30:00,buy,8,5.299999999999727,0.7066666666667374,0.7834441980782827,0.7200000000001364,1.8542560914596606,20,7,0.5180722891567131,50.900000000001455,50.900000000001455,0.0,0.0,1.05,1.0,3
2025-06-11 07:45:00,2025-06-11 08:30:00,buy,8,5.799999999999272,0.6590909090908724,0.9747899159662662,0.8522727272726576,1.8374834601814882,24,3,0.5180722891567131,50.900000000001455,50.900000000001455,0.0,0.0,1.05,1.0,3
2025-06-11 09:00:00,2025-06-11 09:45:00,buy,9,12.09999999999809,0.7423312883433913,2.178217821781854,0.8711656441716957,2.214888306679086,28,3,0.7764705882352508,49.60000000000093,50.900000000001455,0.0,0.0,-1.15,0.0,7
2025-06-12 05:15:00,2025-06-12 07:45:00,sell,7,12.400000000002365,0.9185185185185621,1.775232641374687,1.0,6.622957153922471,3,10,0.4714285714284322,91.4999999999992,126.30000000000052,0.0,0.0,1.05,1.0,3
2025-06-12 07:30:00,2025-06-12 07:45:00,sell,7,6.89999999999884,0.6448598130840079,1.022979985173953,0.8878504672897146,5.405472222489038,9,1,0.4714285714284322,70.90000000000032,97.10000000000036,0.0,0.0,1.05,1.0,3
2025-06-12 10:45:00,2025-06-12 11:00:00,sell,11,22.400000000001796,0.7697594501718914,3.340790454884521,0.8934707903780831,4.239933785973449,12,1,0.5270270270270607,50.099999999997635,106.00000000000023,0.0,0.0,1.05,1.0,4
2025-06-12 23:45:00,2025-06-13 01:00:00,sell,1,6.000000000000227,0.714285714285956,1.6830294530154393,0.7380952380952623,3.183882817393169,12,5,0.7733333333333535,43.09999999999832,71.99999999999989,0.0,0.0,1.02,1.0,6
2025-06-13 23:00:00,2025-06-13 23:30:00,buy,23,9.999999999999432,0.6993006993006562,1.867413632119511,0.7622377622378206,0.34999820704229023,13,2,0.8750000000000404,35.80000000000041,81.60000000000025,0.0,0.0,-1.25,0.0,2
2025-06-18 10:45:00,2025-06-18 12:15:00,sell,12,5.60000000000116,0.47863247863261776,1.456436931079615,0.7863247863249628,0.5954414611466063,17,6,0.7666666666669825,46.80000000000177,58.10000000000173,0.0,0.0,1.05,1.0,5
2025-06-19 02:15:00,2025-06-19 06:30:00,buy,6,6.399999999999295,0.6336633663365696,1.1851851851851034,0.6336633663365696,0.48063936004894003,27,17,0.6199999999997613,89.99999999999773,89.99999999999773,0.0,0.0,1.05,1.0,9
2025-06-19 04:45:00,2025-06-19 06:30:00,buy,6,18.099999999998317,0.9282051282050744,4.366706875753773,0.9435897435897638,0.5187210031920131,32,7,0.6199999999997613,48.19999999999993,89.99999999999773,0.0,0.0,1.05,1.0,9
2025-06-24 05:30:00,2025-06-24 08:15:00,sell,8,8.400000000000318,0.9438202247191514,1.0017889087656955,0.9438202247191514,7.268985782008031,2,11,0.5000000000002089,70.19999999999982,139.7999999999996,0.0,0.0,1.05,1.0,2
2025-06-24 08:15:00,2025-06-24 08:30:00,sell,8,3.300000000001546,0.4852941176472002,0.5569620253167022,0.5000000000002089,7.06024905873619,7,1,0.5227272727273755,69.00000000000261,123.60000000000184,0.0,0.0,1.05,1.0,1
2025-06-27 15:00:00,2025-06-27 15:15:00,buy,15,8.29999999999984,0.5886524822695293,1.4055884843352684,0.6879432624112489,0.7111178710118793,28,1,0.26984126984119466,50.60000000000002,62.89999999999907,0.0,0.0,-1.15,0.0,1
2025-06-30 07:45:00,2025-06-30 09:30:00,sell,9,8.099999999998886,0.6279069767441451,1.1297071129705132,0.7286821705426425,4.008168019640834,1,7,0.8354430379746038,75.49999999999955,89.90000000000009,0.0,0.0,-1.15,0.0,1
2025-07-01 12:15:00,2025-07-01 14:30:00,sell,14,8.099999999998886,0.6750000000000415,1.4235500878732954,0.6750000000000415,8.542719123647657,4,9,0.8693181818182157,104.49999999999875,115.7999999999987,0.0,0.0,1.05,1.0,2
2025-07-03 17:30:00,2025-07-03 21:15:00,buy,21,14.100000000001955,0.661971830985938,1.2417437252313397,0.661971830985938,9.458754212010945,4,15,0.8656716417912663,149.60000000000093,158.29999999999984,0.0,0.0,-1.15,0.0,8
2025-07-03 19:00:00,2025-07-03 21:15:00,buy,21,4.600000000002069,0.32624113475194033,0.3456048084148841,0.48226950354621506,9.299179967825921,9,9,0.8656716417912663,149.60000000000093,156.20000000000118,0.0,0.0,-1.15,0.0,8
2025-07-04 17:30:00,2025-07-04 22:45:00,buy,22,7.200000000000273,0.8571428571428571,3.6000000000000854,0.9523809523810651,0.2865982595068317,7,21,0.9102564102566812,23.199999999999932,48.799999999999955,0.0,0.0,-1.15,0.0,1
2025-07-07 19:30:00,2025-07-07 22:00:00,buy,22,27.700000000001523,0.9822695035461161,8.075801749271498,0.9822695035461161,8.136314027032654,1,10,0.21874999999995837,64.09999999999911,122.10000000000036,0.0,0.0,-1.15,0.0,8
2025-07-08 08:00:00,2025-07-08 08:15:00,buy,8,6.900000000001683,0.4539473684211178,0.9343263371701644,0.7960526315789289,2.84941937477754,15,1,0.6000000000002067,61.19999999999948,61.19999999999948,0.0,0.0,-1.15,0.0,2
2025-07-09 05:30:00,2025-07-09 07:45:00,buy,7,15.900000000002024,0.9814814814817414,3.123772102161583,0.9876543209877691,4.309240782990287,1,9,0.17391304347822506,54.49999999999875,54.49999999999875,0.0,0.0,-1.15,0.0,3
2025-07-09 18:30:00,2025-07-09 20:00:00,sell,20,5.89999999999975,0.8676470588233389,1.1568627450979463,0.9117647058823652,1.4053362361920563,16,6,0.8141025641025945,50.69999999999766,88.70000000000005,0.0,0.0,-1.15,0.0,12
2025-07-09 19:00:00,2025-07-09 20:00:00,sell,20,14.100000000001955,0.9929577464788408,2.6553672316386145,0.9929577464788408,1.2328301588979684,18,4,0.8141025641025945,50.69999999999766,87.89999999999907,0.0,0.0,-1.15,0.0,12
2025-07-17 18:45:00,2025-07-17 20:00:00,buy,20,7.200000000000273,0.782608695652335,1.2565445026177386,0.8586956521738325,0.21935389208636025,16,5,0.3086419753086463,70.40000000000077,71.69999999999845,0.0,0.0,1.05,1.0,5
2025-07-17 19:30:00,2025-07-17 20:00:00,buy,20,12.199999999998568,0.7134502923976093,2.2488479262668237,0.7719298245614676,0.3616299141071977,19,2,0.3086419753086463,70.40000000000077,71.69999999999845,0.0,0.0,1.05,1.0,5
2025-07-18 03:30:00,2025-07-18 04:45:00,sell,4,9.400000000002251,0.6811594202899923,2.4164524421596347,0.7246376811595576,0.44181372206821834,27,5,0.11403508771933979,46.599999999997976,79.49999999999875,0.0,0.0,-1.15,0.0,6
2025-07-18 06:00:00,2025-07-18 15:45:00,sell,15,3.4000000000020236,0.36956521739158643,0.684793554884522,0.8586956521741413,0.3042216338315029,32,39,1.0,33.19999999999936,46.599999999997976,0.0,0.0,-1.15,0.0,1
2025-07-18 14:30:00,2025-07-18 15:45:00,sell,15,5.400000000000205,0.7012987012987444,1.2558139534883168,0.7012987012987444,0.6557772064354594,38,5,1.0,39.09999999999911,57.40000000000123,0.0,0.0,-1.15,0.0,1
2025-07-21 06:30:00,2025-07-21 06:45:00,sell,6,10.900000000000887,0.7898550724638025,2.2358974358975656,1.0,0.37857900132394207,45,1,0.24999999999978684,63.999999999998636,100.49999999999955,0.0,0.0,1.05,1.0,5
2025-07-21 15:00:00,2025-07-21 17:45:00,sell,17,11.199999999999477,0.6120218579234931,1.7679558011048562,0.639344262295054,7.044967699263793,1,11,0.5246913580247206,80.09999999999877,105.19999999999925,0.0,0.0,1.05,1.0,2
2025-07-21 17:00:00,2025-07-21 17:45:00,sell,17,16.499999999999204,0.6707317073170929,3.3367037411523124,0.7439024390244184,6.336800887851268,4,3,0.5246913580247206,79.6999999999997,122.20000000000084,0.0,0.0,1.05,1.0,2
2025-07-22 17:30:00,2025-07-22 20:00:00,sell,20,7.30000000000075,0.3613861386139018,1.0496046010065847,1.0,9.369842479586055,3,10,0.25000000000016154,130.79999999999927,149.7000000000014,0.0,0.0,-1.15,0.0,8
2025-07-23 17:00:00,2025-07-23 18:00:00,sell,18,7.200000000000273,0.35820895522390594,0.8309290248124662,0.3631840796018979,1.9424046218460944,29,4,0.919999999999948,79.6999999999997,110.59999999999945,0.0,0.0,-1.15,0.0,2
2025-07-23 17:30:00,2025-07-23 18:00:00,sell,18,22.999999999998977,0.8070175438596229,2.720283855706466,0.922807017543889,2.4433004312044204,31,2,0.919999999999948,79.6999999999997,110.59999999999945,0.0,0.0,-1.15,0.0,2
2025-07-23 21:00:00,2025-07-23 22:00:00,sell,22,8.29999999999984,0.8469387755103195,0.9684947491248524,0.9387755102040698,1.5723738099865159,40,4,0.34848484848520733,56.800000000001205,110.59999999999945,0.0,0.0,-1.15,0.0,2
2025-07-23 23:00:00,2025-07-23 23:30:00,sell,23,3.0000000000001137,0.44776119402981907,0.5102040816326777,0.4925373134330131,1.381340573979628,42,2,0.507692307692126,38.79999999999768,79.6999999999997,0.0,0.0,0.95,1.0,6
2025-07-24 01:15:00,2025-07-24 01:30:00,sell,1,8.29999999999984,0.8383838383836701,1.8672665916758642,0.8383838383836701,1.9398960387832176,47,1,0.13157894736901155,28.000000000000114,62.10000000000093,0.0,0.0,1.05,1.0,3
2025-07-25 00:15:00,2025-07-25 01:45:00,buy,1,6.60000000000025,0.6947368421052978,1.716514954486272,1.0,3.4972094994515146,1,6,0.30487804878047514,27.899999999999636,66.10000000000014,0.0,0.0,1.05,1.0,5
2025-07-28 20:30:00,2025-07-28 23:30:00,buy,23,5.19999999999925,0.8813559322033,0.9999999999998906,0.9830508474575455,4.800145311997994,5,12,1.0,58.40000000000032,79.09999999999968,0.0,0.0,-1.25,0.0,3
2025-07-28 23:30:00,2025-07-28 23:45:00,buy,23,2.7999999999991587,0.9333333333339018,1.812297734627802,1.0,4.265105591355223,9,1,0.8529411764699736,48.099999999999454,64.09999999999911,0.0,0.0,0.28,1.0,5
2025-07-29 00:15:00,2025-07-29 00:45:00,buy,0,5.89999999999975,0.3641975308641683,3.4104046242783967,0.8641975308640806,3.7836301140998785,10,2,0.7419354838707015,21.299999999999386,64.09999999999911,0.0,0.0,-1.15,0.0,9
2025-07-29 02:00:00,2025-07-29 02:15:00,buy,2,2.1000000000015007,0.5526315789476046,1.0421836228298447,0.8421052631579341,3.453052503752474,15,1,0.9805825242717535,20.199999999999818,64.79999999999961,0.0,0.0,-1.15,0.0,2
2025-07-29 11:45:00,2025-07-29 13:45:00,buy,13,9.100000000000819,0.8124999999999049,1.5166666666667816,0.8749999999999366,1.6531630306900524,30,8,0.7966101694915091,59.39999999999941,59.39999999999941,0.0,0.0,1.05,1.0,3
2025-07-29 12:45:00,2025-07-29 13:45:00,buy,13,6.60000000000025,0.7586206896550485,1.0068649885583416,0.7586206896550485,1.9035011071679264,34,4,0.7966101694915091,59.39999999999941,59.39999999999941,0.0,0.0,1.05,1.0,3
2025-07-29 13:45:00,2025-07-29 14:15:00,buy,14,4.400000000001114,0.7457627118646273,0.6294706723892757,0.7966101694915091,1.5603435148960898,37,2,0.964705882352776,59.39999999999941,59.39999999999941,0.0,0.0,1.05,1.0,1
2025-07-29 18:30:00,2025-07-29 18:45:00,buy,18,16.0000000000025,0.8040201005027034,2.92237442922428,0.9648241206031299,0.38507599181230034,42,1,0.5740740740738987,45.69999999999936,65.50000000000011,0.0,0.0,-1.15,0.0,4
2025-07-30 04:00:00,2025-07-30 09:45:00,sell,9,4.800000000000182,0.35820895522385526,1.2698412698415087,0.6492537313433437,2.358502192274159,2,23,0.724137931034557,48.69999999999948,77.40000000000009,0.0,0.0,-1.15,0.0,2
2025-07-30 06:00:00,2025-07-30 09:45:00,sell,9,12.20000000000141,0.6455026455026471,2.3529411764710395,0.6455026455026471,3.5184869411921227,2,15,0.724137931034557,57.69999999999982,67.70000000000209,0.0,0.0,-1.15,0.0,2
2025-07-30 08:15:00,2025-07-30 09:45:00,sell,9,13.100000000000023,0.7485714285713813,1.763122476446852,0.8685714285714592,2.715174972243517,6,6,0.724137931034557,67.79999999999973,71.20000000000175,0.0,0.0,-1.15,0.0,2
2025-07-30 09:15:00,2025-07-30 09:45:00,sell,9,8.699999999998909,0.5337423312883339,1.2125435540067906,0.7116564417177786,3.2783012942559253,8,2,0.724137931034557,58.799999999999386,70.0000000000017,0.0,0.0,-1.15,0.0,2
2025-08-04 16:00:00,2025-08-04 23:15:00,sell,23,20.79999999999984,0.7732342007434728,2.593516209476222,0.8884758364312249,8.919602483649669,1,29,0.6212121212120494,108.00000000000125,108.00000000000125,0.0,0.0,-1.15,0.0,1
2025-08-04 17:15:00,2025-08-04 23:15:00,sell,23,8.199999999999363,0.24404761904759084,1.0123456790122465,0.6071428571428572,9.039617115797682,5,24,0.6212121212120494,118.80000000000166,118.80000000000166,0.0,0.0,-1.15,0.0,1
2025-08-04 20:45:00,2025-08-04 23:15:00,sell,23,10.199999999997544,0.8499999999997632,1.6845582163498587,0.9083333333331359,7.2587681866821185,8,10,0.6212121212120494,71.0000000000008,122.90000000000134,0.0,0.0,-1.15,0.0,1
2025-08-04 23:15:00,2025-08-05 01:30:00,sell,1,3.7999999999982492,0.5757575757572887,1.1603053435110648,0.6212121212120494,6.3476402939812715,12,9,0.1639344262295731,49.200000000001864,122.90000000000134,0.0,0.0,1.05,1.0,2
2025-08-05 01:00:00,2025-08-05 01:30:00,sell,1,6.100000000000705,0.40939597315440723,2.182468694096974,0.6979865771812939,5.2657635177553175,16,2,0.1639344262295731,30.60000000000116,99.00000000000091,0.0,0.0,1.05,1.0,2
2025-08-05 19:45:00,2025-08-05 20:30:00,buy,20,4.2999999999977945,0.5374999999996403,0.8059981255852926,0.7249999999997957,0.7628220299466193,16,3,0.6067415730337402,52.50000000000057,82.8000000000003,0.0,0.0,1.05,1.0,7
2025-08-07 05:15:00,2025-08-07 06:30:00,buy,6,6.60000000000025,0.7096774193549471,1.2753623188407373,0.838709677419483,1.4553566125414363,35,5,0.671052631578844,53.49999999999966,70.59999999999889,0.0,0.0,-1.15,0.0,2
2025-08-11 17:15:00,2025-08-11 21:30:00,buy,21,3.7999999999982492,0.6129032258060524,1.0312075983712699,0.9677419354837231,2.984002131452712,1,17,0.7979797979799603,66.99999999999875,69.29999999999836,0.0,0.0,1.05,1.0,4
2025-08-11 17:45:00,2025-08-11 21:30:00,buy,21,6.19999999999834,0.704545454545315,1.7415730337074258,0.7159090909090065,3.3839040182670033,3,15,0.7979797979799603,55.699999999998795,69.29999999999836,0.0,0.0,1.05,1.0,4
2025-08-11 19:30:00,2025-08-11 21:30:00,buy,21,6.999999999999318,0.897435897436103,2.1671826625384383,0.923076923076895,2.8432269789050224,9,8,0.7979797979799603,44.10000000000025,76.49999999999864,0.0,0.0,1.05,1.0,4
2025-08-11 20:00:00,2025-08-11 21:30:00,buy,21,6.000000000000227,0.7407407407408707,1.646090534979456,0.9506172839507255,2.889095933753083,11,6,0.7979797979799603,39.30000000000007,76.49999999999864,0.0,0.0,1.05,1.0,4
2025-08-11 21:00:00,2025-08-11 21:30:00,buy,21,2.000000000001023,0.5128205128209427,0.5747126436784332,0.897435897436103,2.9503188580548567,14,2,0.7979797979799603,32.59999999999934,76.49999999999864,0.0,0.0,1.05,1.0,4
2025-08-13 07:00:00,2025-08-13 07:15:00,buy,7,2.200000000001978,0.2365591397851861,0.4814004376371711,0.5053763440860478,0.45668808542131956,19,1,0.8372093023254892,46.599999999997976,50.89999999999861,0.0,0.0,-1.15,0.0,2
2025-08-15 15:30:00,2025-08-15 16:00:00,sell,16,16.799999999997794,0.3122676579925342,4.380704041720602,0.75650557620817,2.2626035088222807,11,2,0.09625668449199076,46.60000000000082,91.50000000000205,0.0,0.0,-1.15,0.0,1
2025-08-20 12:00:00,2025-08-20 12:15:00,sell,12,10.599999999999454,0.8617886178860023,2.1610601427112317,0.9024390243902551,0.23983218059413502,26,1,0.416666666666864,55.400000000000205,67.50000000000114,0.0,0.0,1.05,1.0,5
2025-08-20 15:00:00,2025-08-20 15:15:00,sell,15,11.100000000001842,0.8283582089552713,3.0494505494509,0.8283582089552713,0.6863096947398617,32,1,0.16666666666682461,55.400000000000205,67.50000000000114,0.0,0.0,1.05,1.0,1
2025-08-22 10:30:00,2025-08-22 10:45:00,buy,10,13.100000000000023,0.856209150326846,2.9273743016759495,0.9150326797385232,2.7625287699635237,13,1,0.7866666666668334,36.7999999999995,57.79999999999745,0.0,0.0,1.05,1.0,9
2025-08-25 18:30:00,2025-08-25 19:45:00,buy,19,19.499999999999318,0.9750000000000213,5.11811023622029,0.9750000000000213,0.7203407132891471,9,5,0.35820895522385526,28.199999999998226,44.79999999999791,0.0,0.0,1.05,1.0,6
2025-08-26 14:30:00,2025-08-26 15:30:00,sell,15,14.500000000001023,0.8100558659218356,2.9322548028312525,0.8379888268156647,0.3551635091355365,19,4,0.27350427350414475,43.600000000000705,91.90000000000111,0.0,0.0,-1.15,0.0,2
2025-08-27 12:45:00,2025-08-27 15:15:00,buy,15,13.900000000001,0.9025974025974889,3.5686777920412216,0.9935064935064624,2.9096310622492183,0,10,0.9456521739130838,34.499999999999886,66.20000000000061,1.0,0.0,-1.15,0.0,2
2025-08-27 13:15:00,2025-08-27 15:15:00,buy,15,8.799999999999386,0.846153846153678,1.8863879957125802,0.923076923076839,3.2222227272910686,2,8,0.9456521739130838,42.69999999999925,72.49999999999943,0.0,0.0,-1.15,0.0,2
2025-08-27 19:30:00,2025-08-27 22:15:00,sell,22,14.699999999999136,0.8032786885244502,2.9847715736041027,0.8196721311474773,1.2523726169717975,18,11,0.5294117647060135,55.400000000000205,55.400000000000205,0.0,0.0,1.05,1.0,7
2025-08-29 22:30:00,2025-08-29 22:45:00,sell,22,2.7000000000015234,0.5869565217395603,0.9262435677534365,0.6521739130436126,0.29198324798187514,42,1,0.41666666666666663,51.50000000000148,64.00000000000148,0.0,0.0,-1.15,0.0,4
2025-09-01 00:00:00,2025-09-01 08:15:00,sell,8,10.099999999999909,0.8278688524589133,6.102719033231731,0.8278688524589133,0.41364815147915124,46,33,0.6944444444437865,34.40000000000225,64.00000000000148,0.0,0.0,1.05,1.0,3
2025-09-01 08:15:00,2025-09-01 08:30:00,sell,8,2.399999999997249,0.6666666666658772,0.5223068552768543,0.6944444444437865,0.5104551214600406,42,1,0.5280898876404243,54.49999999999875,54.49999999999875,0.0,0.0,1.05,1.0,2
2025-09-01 12:00:00,2025-09-01 12:45:00,buy,12,7.200000000000273,0.5333333333333895,1.3649289099526496,0.918518518518545,0.3377408255374803,46,3,0.8655462184874693,41.900000000001114,59.80000000000132,0.0,0.0,1.05,1.0,11
2025-09-02 12:00:00,2025-09-02 14:00:00,buy,14,9.999999999999432,0.5128205128205016,1.17994100294979,0.8769230769230679,9.403912017975813,4,8,0.4411764705882943,121.7000000000013,174.60000000000093,0.0,0.0,1.05,1.0,2
2025-09-08 21:45:00,2025-09-09 00:45:00,sell,0,9.200000000001296,0.7931034482760733,1.9491525423732385,0.8793103448277299,2.137054634832225,6,12,0.5757575757572886,33.40000000000032,51.80000000000007,1.0,0.0,1.05,1.0,5
2025-09-08 23:45:00,2025-09-09 00:45:00,sell,0,3.0000000000001137,0.6666666666668772,0.6864988558353147,0.7777777777779181,2.8896460227542775,8,4,0.5757575757572886,53.600000000000136,54.09999999999968,0.0,0.0,1.05,1.0,5
2025-09-15 06:00:00,2025-09-15 08:00:00,sell,8,3.900000000001569,0.8297872340429392,1.3356164383568243,0.8936170212766859,0.5999882415807178,17,8,0.8266666666665706,25.600000000000023,41.100000000000136,0.0,0.0,-1.15,0.0,3
2025-09-15 10:00:00,2025-09-15 10:15:00,sell,10,4.599999999999227,0.34328358208945725,1.5333333333330175,0.8656716417910543,0.1995630337461307,21,1,0.6438356164382495,27.200000000001978,42.199999999999704,0.0,0.0,1.05,1.0,9
2025-09-16 14:30:00,2025-09-16 14:45:00,sell,14,12.79999999999859,0.7314285714284433,2.7205100956427084,0.7828571428570946,1.3291081236076252,15,1,0.38281249999987166,42.600000000001614,85.09999999999991,0.0,0.0,-1.15,0.0,2
2025-09-16 19:00:00,2025-09-16 22:00:00,sell,22,8.199999999999363,0.9010989010987501,1.3247172859449703,0.945054945055,5.084069529712565,1,12,0.6119402985076083,75.09999999999764,75.09999999999764,0.0,0.0,-1.15,0.0,2
2025-09-17 06:30:00,2025-09-17 07:30:00,sell,7,2.000000000001023,0.43478260869594765,0.4175365344469412,0.5434782608697801,1.7751561628642776,15,4,0.33333333333333337,39.3999999999977,47.29999999999848,0.0,0.0,1.05,1.0,2
2025-09-17 07:15:00,2025-09-17 07:30:00,sell,7,3.6000000000001364,0.6792452830189286,0.7476635514018581,0.9245283018869644,1.7899171695205496,18,1,0.33333333333333337,39.3999999999977,39.3999999999977,0.0,0.0,1.05,1.0,2
2025-09-24 09:15:00,2025-09-24 11:00:00,buy,11,4.399999999998272,0.4271844660192139,1.5172413793094932,0.563106796116387,1.9213885158364974,1,7,0.8372093023254892,44.69999999999743,55.09999999999877,0.0,0.0,1.05,1.0,2
2025-09-26 20:30:00,2025-09-26 23:00:00,sell,23,1.300000000000523,0.3250000000001954,0.26887280248199946,0.32500000000019535,0.6291221680697845,9,10,0.289473684210546,41.499999999999204,53.000000000000114,0.0,0.0,1.05,1.0,8
2025-09-26 21:45:00,2025-09-26 23:00:00,sell,23,9.299999999998931,0.6503496503495725,2.5237449118041466,0.7552447552445816,0.7007867785745248,13,5,0.289473684210546,35.99999999999852,53.000000000000114,0.0,0.0,1.05,1.0,8
2025-09-26 22:30:00,2025-09-26 23:00:00,sell,23,4.200000000000159,0.5915492957746874,1.033210332103339,0.9577464788734368,0.8575667794815445,15,2,0.289473684210546,38.10000000000002,55.100000000001614,0.0,0.0,1.05,1.0,8
2025-09-26 23:00:00,2025-09-29 00:45:00,sell,0,0.30000000000143245,0.07894736842146596,0.08108108108146724,0.289473684210546,0.733968435028487,17,7,0.029850746268796025,33.30000000000268,55.100000000001614,0.0,0.0,1.05,1.0,6
2025-09-26 23:45:00,2025-09-29 00:45:00,sell,0,1.799999999997226,0.5294117647051939,0.6909788867550779,0.5882352941172537,0.61092402952454,20,4,0.029850746268796025,19.50000000000216,55.100000000001614,0.0,0.0,1.05,1.0,6
2025-09-29 05:15:00,2025-09-29 08:00:00,sell,8,8.29999999999984,0.6194029850745477,1.7849462365589834,0.6865671641791267,4.346344981777861,0,11,0.9016393442623027,53.20000000000107,67.40000000000066,0.0,0.0,1.05,1.0,2
2025-09-30 10:30:00,2025-09-30 12:45:00,sell,12,3.8000000000010914,0.197916666666716,0.8597285067875354,0.932291666666642,5.9086802251442805,1,9,0.15853658536592974,79.09999999999968,83.19999999999936,0.0,0.0,-1.15,0.0,5
2025-09-30 11:00:00,2025-09-30 12:45:00,sell,12,15.999999999999659,0.7881773399014496,3.551609322974244,1.0,6.159825006042752,3,7,0.15853658536592974,85.99999999999852,90.0999999999982,0.0,0.0,-1.15,0.0,5
2025-09-30 14:30:00,2025-09-30 15:00:00,sell,15,3.6999999999977717,0.8409090909089147,0.8476517754863259,0.8863636363636951,4.331127076528674,6,2,0.10526315789494156,51.80000000000007,101.09999999999957,0.0,0.0,1.05,1.0,7
2025-10-01 04:30:00,2025-10-01 04:45:00,sell,4,7.200000000000273,0.8089887640449869,1.5999999999998988,0.9213483146066842,0.10640760081059852,19,1,0.8095238095237666,47.100000000000364,57.40000000000123,0.0,0.0,1.05,1.0,11
2025-10-07 03:00:00,2025-10-07 10:15:00,buy,10,20.599999999998886,0.9321266968325135,4.916467780429198,0.9547511312216328,5.75452443927702,0,29,0.25000000000007105,23.799999999999955,64.19999999999959,1.0,0.0,1.05,1.0,5
2025-10-07 05:45:00,2025-10-07 10:15:00,buy,10,6.499999999999773,0.9154929577464732,1.3333333333332167,0.9577464788734368,5.199578630603696,8,18,0.25000000000007105,43.80000000000166,70.80000000000268,0.0,0.0,1.05,1.0,5
2025-10-07 09:00:00,2025-10-07 10:15:00,buy,10,12.800000000001432,0.7191011235955971,3.1761786600499375,0.7303370786516711,4.600228313071852,14,5,0.25000000000007105,37.000000000000455,46.000000000000796,0.0,0.0,1.05,1.0,5
2025-10-09 02:15:00,2025-10-09 02:30:00,buy,2,19.200000000000728,0.7710843373494416,4.507042253521127,0.8192771084337817,1.8068180017479563,23,1,0.5405405405403433,48.00000000000182,56.800000000001205,0.0,0.0,-1.15,0.0,2
2025-10-09 06:00:00,2025-10-09 07:00:00,buy,7,10.200000000000387,0.8947368421052632,1.6062992125984012,0.991228070175397,0.846903687030931,32,4,0.6279069767441169,35.99999999999852,53.80000000000109,0.0,0.0,-1.15,0.0,3
2025-10-09 08:15:00,2025-10-09 08:30:00,buy,8,3.8999999999987267,0.9285714285710902,0.6812227074233185,0.9285714285710902,0.7863938380552327,39,1,0.32558139534836067,35.99999999999852,53.80000000000109,0.0,0.0,1.05,1.0,2
2025-10-09 09:30:00,2025-10-09 19:00:00,buy,19,12.90000000000191,0.6649484536083856,2.2126929674102285,0.9175257731959171,3.6891363223645612,1,38,0.9905660377360717,62.10000000000093,62.10000000000093,0.0,0.0,-1.15,0.0,3
2025-10-09 10:15:00,2025-10-09 19:00:00,buy,19,14.6000000000015,0.8488372093024275,2.1052631578949095,0.9127906976744964,5.050085833613593,4,35,0.9905660377360717,73.19999999999993,73.19999999999993,0.0,0.0,-1.15,0.0,3
2025-10-09 17:15:00,2025-10-09 19:00:00,buy,19,17.099999999999227,0.6042402826855128,1.9084821428570549,0.8727915194346183,2.9297099499700607,7,7,0.9905660377360717,98.30000000000041,109.99999999999943,0.0,0.0,-1.15,0.0,3
2025-10-09 17:45:00,2025-10-09 19:00:00,buy,19,4.800000000000182,0.3664122137404713,0.5026178010471478,0.9236641221374742,3.7472098048851876,9,5,0.9905660377360717,106.29999999999882,109.99999999999943,0.0,0.0,-1.15,0.0,3
2025-10-09 20:00:00,2025-10-09 20:45:00,buy,20,3.7999999999982492,0.22891566265050134,0.3964527908188168,0.8192771084337246,3.4928696298578643,13,3,0.41558441558419507,111.69999999999902,111.69999999999902,0.0,0.0,1.05,1.0,4
2025-10-09 20:30:00,2025-10-09 20:45:00,buy,20,15.200000000001523,0.9382716049383301,1.5330307614727108,0.9629629629629629,3.0542118657223227,15,1,0.41558441558419507,111.69999999999902,111.69999999999902,0.0,0.0,1.05,1.0,4
2025-10-14 13:00:00,2025-10-14 13:45:00,sell,13,12.700000000000955,0.8141025641025945,1.8234027279254028,0.8846153846153846,0.8282310451818375,22,3,0.6597938144330531,53.600000000000136,99.10000000000139,0.0,0.0,-1.15,0.0,1
2025-10-14 13:30:00,2025-10-14 13:45:00,sell,13,6.100000000000705,0.7530864197530128,0.7973856209150799,0.888888888888733,1.2404364742479856,23,1,0.6597938144330531,53.600000000000136,99.10000000000139,0.0,0.0,-1.15,0.0,1
2025-10-14 15:15:00,2025-10-14 15:30:00,sell,15,12.20000000000141,0.6256410256411198,2.033333333333395,0.6358974358974336,0.8492871277837821,23,1,0.28666666666656304,48.099999999999454,99.10000000000139,0.0,0.0,-1.15,0.0,1
2025-10-23 07:00:00,2025-10-23 12:15:00,buy,12,4.099999999999682,0.4059405940593781,0.7735849056602949,0.4059405940593781,5.120360877441499,1,21,0.1574074074076267,68.30000000000211,100.30000000000143,0.0,0.0,1.05,1.0,5
2025-10-23 09:30:00,2025-10-23 12:15:00,buy,12,9.600000000000364,0.5889570552147068,2.6122448979593353,0.6932515337422821,3.7614754994194755,3,11,0.1574074074076267,45.599999999998886,80.00000000000114,0.0,0.0,1.05,1.0,5
2025-10-23 11:30:00,2025-10-23 12:15:00,buy,12,9.199999999998454,0.6715328467152134,1.9008264462807491,0.8905109489050019,4.089616129036244,9,3,0.1574074074076267,32.99999999999841,82.8000000000003,0.0,0.0,1.05,1.0,5
2025-10-27 00:45:00,2025-10-27 02:45:00,buy,2,20.999999999997954,0.929203539822922,7.636363636363129,0.9469026548672544,0.9606589315239944,9,8,0.6867469879516752,15.699999999998226,81.49999999999977,1.0,0.0,-1.15,0.0,1
2025-10-27 10:45:00,2025-10-27 19:00:00,buy,19,8.00000000000125,0.7272727272729387,1.685985247629224,0.8818181818183768,0.6511975657787161,25,33,0.6507936507937224,49.89999999999952,60.09999999999991,0.0,0.0,-1.15,0.0,4
2025-10-27 18:00:00,2025-10-27 19:00:00,buy,19,3.700000000000614,0.2983870967741862,0.6721162579474327,0.41935483870976614,1.59280781643929,29,4,0.6507936507937224,63.2000000000005,69.20000000000073,0.0,0.0,-1.15,0.0,4
2025-10-27 20:15:00,2025-10-27 21:15:00,buy,21,5.699999999998795,0.8028169014083041,1.177685950412918,0.9014084507041521,1.205431288718728,32,4,0.9249999999996803,63.2000000000005,69.20000000000073,0.0,0.0,-1.15,0.0,1
2025-10-28 11:15:00,2025-10-28 12:00:00,sell,12,9.800000000001319,0.6282051282051889,1.593495934959614,0.6282051282051889,4.670685768445537,4,3,0.2601626016258922,71.60000000000082,115.19999999999868,0.0,0.0,1.05,1.0,4
2025-10-28 12:30:00,2025-10-28 13:00:00,sell,13,16.30000000000109,0.8624338624339524,2.3778264040848023,0.8783068783068942,5.583336736768274,8,2,0.6803278688523673,71.60000000000082,109.00000000000034,0.0,0.0,-1.15,0.0,6
2025-10-31 18:30:00,2025-10-31 19:30:00,buy,19,10.300000000000864,0.9196428571429772,1.691297208538705,0.9464285714285668,0.2595697214047732,19,4,0.4888888888889942,36.49999999999807,57.800000000000296,0.0,0.0,1.05,1.0,23
2025-11-04 09:15:00,2025-11-04 16:00:00,sell,16,12.20000000000141,0.743902439024534,1.7655571635312757,0.7743902439025574,5.5939411936009265,3,27,0.33620689655181923,100.90000000000146,100.90000000000146,0.0,0.0,-1.17,0.0,4
2025-11-04 10:00:00,2025-11-04 16:00:00,sell,16,10.400000000001342,0.8000000000001312,1.3941018766757391,0.9615384615384952,5.825345162443796,5,24,0.33620689655181923,102.50000000000057,115.10000000000105,0.0,0.0,-1.17,0.0,4
2025-11-04 11:30:00,2025-11-04 16:00:00,sell,16,6.100000000000705,0.462121212121248,0.7147041593439396,0.8257575757576117,3.964671901601946,7,18,0.33620689655181923,82.59999999999934,115.10000000000105,0.0,0.0,-1.17,0.0,4
2025-11-04 13:00:00,2025-11-04 16:00:00,sell,16,11.699999999999022,0.8931297709922902,1.6537102473495948,0.992366412213704,4.648395625011403,10,12,0.33620689655181923,76.80000000000007,116.90000000000111,0.0,0.0,-1.17,0.0,4
2025-11-04 15:00:00,2025-11-04 16:00:00,sell,16,4.800000000000182,0.4173913043478089,0.9031044214487501,0.530434782608715,3.5972213705434797,14,4,0.33620689655181923,44.10000000000025,116.90000000000111,0.0,0.0,-1.17,0.0,4
2025-11-06 18:45:00,2025-11-07 01:45:00,sell,1,8.00000000000125,0.714285714285678,1.3050570962481658,0.9464285714285805,6.515017069639839,1,28,0.3032786885246055,75.60000000000002,101.59999999999911,0.0,0.0,-1.17,0.0,1
2025-11-06 20:00:00,2025-11-07 01:45:00,sell,1,6.900000000001683,0.40828402366878036,1.1111111111113654,0.8520710059172791,7.154277983826773,4,23,0.3032786885246055,90.89999999999918,117.4999999999983,0.0,0.0,-1.17,0.0,1
2025-11-07 01:00:00,2025-11-07 01:45:00,sell,1,6.499999999999773,0.7222222222221696,2.3381294964027473,0.9777777777779884,4.173703879229151,12,3,0.3032786885246055,32.69999999999982,93.39999999999975,0.0,0.0,-1.17,0.0,1
2025-11-10 07:00:00,2025-11-10 10:30:00,buy,10,15.000000000000568,0.914634146341569,6.072874493926659,1.0,3.9791462675850653,1,14,1.0,59.39999999999941,98.90000000000043,0.0,0.0,1.05,1.0,2
2025-11-10 08:45:00,2025-11-10 10:30:00,buy,10,6.499999999999773,0.5555555555555826,1.9490254872561332,0.5897435897435399,3.9704797285907034,5,7,1.0,32.30000000000075,92.59999999999877,0.0,0.0,1.05,1.0,2
2025-11-10 09:45:00,2025-11-10 10:30:00,buy,10,6.89999999999884,0.6160714285711975,1.5453527435607692,0.8571428571427121,4.3807963079700585,8,3,1.0,36.89999999999998,78.89999999999873,0.0,0.0,1.05,1.0,2
2025-11-10 10:15:00,2025-11-10 10:30:00,buy,10,2.400000000000091,0.2307692307692728,0.510638297872361,0.6250000000000683,3.931456191980942,10,1,1.0,36.299999999999955,78.89999999999873,0.0,0.0,1.05,1.0,2
2025-11-10 20:30:00,2025-11-10 22:15:00,buy,22,2.2999999999996135,0.7931034482758282,0.9181636726543713,0.8620689655175455,1.0547154021878669,21,7,0.4651162790699365,27.50000000000057,35.90000000000089,0.0,0.0,1.05,1.0,6
2025-11-10 21:45:00,2025-11-10 22:15:00,buy,22,7.599999999999341,0.7450980392155934,3.534883720929636,0.7745098039216151,1.1243296507188916,25,2,0.4651162790699365,27.50000000000057,35.90000000000089,0.0,0.0,1.05,1.0,6
2025-11-11 01:00:00,2025-11-11 01:30:00,buy,1,12.300000000001887,0.897810218978237,5.061728395061722,0.897810218978237,1.1611872226581,28,2,0.862745098039161,24.099999999998545,35.90000000000089,0.0,0.0,1.03,1.0,4
2025-11-11 17:15:00,2025-11-11 17:30:00,sell,17,10.900000000000887,0.8790322580646215,1.8427726120035868,0.8870967741934633,1.6537821165513833,32,1,0.5000000000001921,77.60000000000105,77.60000000000105,0.0,0.0,-1.17,0.0,7
2025-11-14 04:45:00,2025-11-14 07:15:00,sell,7,6.89999999999884,0.8625000000000267,1.691176470587828,0.8750000000000888,0.5156773249552771,23,10,0.019230769230858535,36.7999999999995,61.599999999998545,0.0,0.0,-1.17,0.0,6
2025-11-14 06:45:00,2025-11-14 07:15:00,sell,7,9.299999999998931,0.8857142857140305,1.7190388170052675,0.9904761904761467,0.49260542187425926,28,2,0.019230769230858535,43.199999999998795,49.39999999999998,0.0,0.0,-1.17,0.0,6
2025-11-17 01:00:00,2025-11-17 01:15:00,buy,1,3.1999999999982265,0.34408602150522516,1.5841584158410549,0.8602150537633686,0.03319658500515743,40,1,0.8160919540228008,32.99999999999841,113.10000000000002,0.0,0.0,-1.15,0.0,4
2025-11-18 08:45:00,2025-11-18 10:30:00,buy,10,18.299999999999272,0.7991266375545065,3.485714285714015,0.8384279475982359,0.718570533152274,7,7,0.8711340206185197,54.699999999999704,56.100000000000705,0.0,0.0,-1.17,0.0,1
2025-11-18 19:15:00,2025-11-18 21:30:00,buy,21,4.400000000001114,0.44000000000013645,0.6989674344720035,0.4800000000000455,3.478694833006557,3,9,0.5862068965516566,51.200000000000045,69.39999999999884,0.0,0.0,-1.17,0.0,10
2025-11-18 22:15:00,2025-11-18 22:30:00,buy,22,5.099999999998772,0.9444444444441813,1.0009813542686727,0.9629629629627875,2.8407327004146055,7,1,0.775000000000302,68.20000000000164,80.4000000000002,0.0,0.0,-1.17,0.0,6
2025-11-19 21:45:00,2025-11-20 01:15:00,buy,1,6.000000000000227,0.7792207792208271,1.0092514718251073,0.8831168831166913,9.28537385930781,0,14,0.6290322580641908,81.30000000000166,154.30000000000064,0.0,0.0,-1.15,0.0,3
2025-11-19 23:00:00,2025-11-20 01:15:00,buy,1,7.999999999998408,1.0,1.6718913270634193,1.0,9.0895417720958,4,9,0.6290322580641908,58.500000000000796,149.19999999999902,0.0,0.0,-1.15,0.0,3
2025-11-20 02:15:00,2025-11-20 03:00:00,buy,3,25.800000000000978,0.8628762541806156,6.5984654731457,0.9765886287625256,7.358331355709424,10,3,0.7831325301204696,49.00000000000091,113.900000000001,0.0,0.0,1.03,1.0,2
2025-11-26 13:00:00,2025-11-26 16:45:00,buy,16,6.19999999999834,0.5740740740738987,1.1051693404631204,1.0,1.9987414879437893,7,15,0.9322033898306636,48.099999999999454,86.099999999999,0.0,0.0,-1.17,0.0,1
2025-11-26 14:00:00,2025-11-26 16:45:00,buy,16,7.30000000000075,0.5703125000001215,1.3594040968343886,0.7031250000001041,2.4202514848525425,9,11,0.9322033898306636,52.79999999999916,92.4999999999983,0.0,0.0,-1.17,0.0,1
2025-11-26 14:30:00,2025-11-26 16:45:00,buy,16,5.000000000001137,0.3623188405797788,0.9560229445508677,0.4420289855072807,2.1543069113874935,11,9,0.9322033898306636,53.89999999999873,93.59999999999786,0.0,0.0,-1.17,0.0,1
2025-11-26 15:30:00,2025-11-26 16:45:00,buy,16,27.199999999999136,0.8447204968943759,4.759405074365432,0.8447204968943759,1.957633378131618,14,5,0.9322033898306636,26.99999999999818,93.59999999999786,0.0,0.0,-1.17,0.0,1
2025-12-02 11:00:00,2025-12-02 16:15:00,buy,16,1.4999999999986358,0.17441860465097833,0.3861003861000415,0.9069767441859466,3.549369053837381,2,21,0.07142857142857142,45.599999999998886,61.000000000001364,0.0,0.0,1.03,1.0,3
2025-12-02 12:15:00,2025-12-02 16:15:00,buy,16,6.60000000000025,0.6470588235294118,1.7483443708610698,0.8333333333333798,3.841123473713992,7,16,0.07142857142857142,50.80000000000098,68.90000000000214,0.0,0.0,1.03,1.0,3
2025-12-02 14:45:00,2025-12-02 16:15:00,buy,16,5.400000000000205,0.5744680851064409,1.4535666218036754,0.7978723404254612,2.7195283744191556,12,6,0.07142857142857142,37.10000000000093,53.49999999999966,0.0,0.0,1.03,1.0,3
2025-12-02 16:00:00,2025-12-02 16:15:00,buy,16,7.200000000000273,0.5714285714285714,2.1917808219179507,0.7063492063491688,2.9378442473642963,17,1,0.07142857142857142,32.099999999999795,53.49999999999966,0.0,0.0,1.03,1.0,3
2025-12-03 16:30:00,2025-12-03 16:45:00,sell,16,9.200000000001296,0.5542168674699682,1.6927322907085829,0.5662650602409391,2.2354138206566176,8,1,0.8396226415094643,53.90000000000157,56.60000000000025,0.0,0.0,-1.17,0.0,1
2025-12-05 03:15:00,2025-12-05 04:00:00,buy,4,11.499999999998067,0.8214285714283467,2.8220858895699874,0.9357142857141886,0.003252161954492294,17,3,0.8103448275862576,31.19999999999834,67.4999999999983,0.0,0.0,-1.17,0.0,9
2025-12-08 12:45:00,2025-12-08 15:30:00,buy,15,5.699999999998795,0.6951219512194192,1.128712871286932,0.7682926829267447,2.7381872791437445,3,11,0.8074074074075275,48.30000000000041,64.19999999999959,0.0,0.0,-1.17,0.0,3
2025-12-08 13:15:00,2025-12-08 15:30:00,buy,15,4.400000000001114,0.6666666666668102,0.8782435129743157,0.7121212121211403,2.8068202649649265,5,9,0.8074074074075275,47.100000000000364,67.4999999999983,0.0,0.0,-1.17,0.0,3
2025-12-09 02:45:00,2025-12-09 09:30:00,buy,9,11.099999999999,0.6809815950920363,2.6941747572811776,0.9263803680981488,2.743006421050609,0,27,0.8378378378378586,27.299999999999613,59.30000000000177,1.0,0.0,1.03,1.0,2
2025-12-09 07:00:00,2025-12-09 09:30:00,buy,9,9.700000000000841,0.5449438202247747,2.2247706422020643,0.5505617977528915,2.5725278060406254,2,10,0.8378378378378586,29.399999999998272,33.19999999999936,0.0,0.0,1.03,1.0,2
2025-12-09 07:45:00,2025-12-09 09:30:00,buy,9,6.700000000000728,0.4890510948906639,1.3400000000001073,0.9489051094892116,2.596952305853506,4,7,0.8378378378378586,36.99999999999761,40.799999999998704,0.0,0.0,1.03,1.0,2
2025-12-16 02:00:00,2025-12-16 03:45:00,sell,3,24.399999999999977,0.8052805280528118,8.106312292357979,0.8118811881188499,2.7214965323821616,19,7,0.939759036144632,41.59999999999968,56.09999999999786,0.0,0.0,1.03,1.0,5
2025-12-16 03:30:00,2025-12-16 03:45:00,sell,3,20.300000000000296,0.7574626865671733,4.185567010309099,0.7686567164178669,2.3752167227286236,23,1,0.939759036144632,66.10000000000014,66.29999999999825,0.0,0.0,1.03,1.0,5
2025-12-17 10:00:00,2025-12-17 16:30:00,buy,16,6.000000000000227,0.4109589041095624,1.3888888888889803,0.7602739726027877,5.606230945332413,3,26,0.4880000000000564,89.50000000000102,105.4000000000002,0.0,0.0,-1.17,0.0,1
2025-12-17 10:45:00,2025-12-17 16:30:00,buy,16,4.199999999997317,0.5384615384611741,0.9480812641077815,0.9871794871794265,5.41552660827449,6,23,0.4880000000000564,73.30000000000041,108.19999999999936,0.0,0.0,-1.17,0.0,1
2025-12-17 13:15:00,2025-12-17 16:30:00,buy,16,2.5999999999982037,0.5098039215683979,0.9059233449470899,0.5098039215683979,4.272524031890157,16,13,0.4880000000000564,52.50000000000057,108.19999999999936,0.0,0.0,-1.17,0.0,1
2025-12-17 15:00:00,2025-12-17 16:30:00,buy,16,11.400000000000432,0.7080745341615116,4.285714285714591,0.7639751552794373,4.029260074898389,21,6,0.4880000000000564,23.799999999999955,108.19999999999936,0.0,0.0,-1.17,0.0,1
2025-12-17 16:15:00,2025-12-17 16:30:00,buy,16,13.400000000001455,0.8072289156626156,4.233807266983017,0.8855421686746833,3.4480107194838183,24,1,0.4880000000000564,28.90000000000157,82.90000000000077,0.0,0.0,-1.17,0.0,1
2025-12-17 18:15:00,2025-12-17 20:00:00,buy,20,10.80000000000041,0.6067415730337402,2.457337883959084,0.8988764044943767,2.4243652680581818,31,7,0.953488372092808,28.90000000000157,67.1999999999997,0.0,0.0,1.03,1.0,2
2025-12-19 19:00:00,2025-12-19 22:45:00,buy,22,19.300000000001205,0.7909836065574272,3.397887323943972,0.8032786885245825,9.608134515931965,0,15,0.9477124183005965,55.70000000000164,164.00000000000148,0.0,0.0,-1.18,0.0,5
2025-12-19 20:45:00,2025-12-19 22:45:00,buy,22,3.499999999999659,0.6249999999998097,0.5135730007336151,0.8392857142854877,8.068247157760311,4,8,0.9477124183005965,73.40000000000089,169.5999999999998,0.0,0.0,-1.18,0.0,5
2025-12-22 01:00:00,2025-12-22 01:15:00,buy,1,12.899999999999068,0.8543046357614685,3.4217506631296395,0.8741721854304362,6.0271774862656,11,1,0.5,39.19999999999959,83.40000000000032,0.0,0.0,-1.16,0.0,7
2025-12-23 00:00:00,2025-12-23 01:15:00,sell,1,6.89999999999884,0.3080357142856769,1.957446808510196,0.3080357142856769,1.0738480734033828,20,5,0.8316831683168707,34.200000000001296,76.09999999999957,0.0,0.0,1.04,1.0,3
2025-12-24 16:15:00,2025-12-24 16:30:00,sell,16,5.89999999999975,0.602040816326424,1.9765494137353259,0.775510204081461,0.27744069300581486,35,1,0.975460122699271,38.2000000000005,45.90000000000032,0.0,0.0,1.04,1.0,1
2025-12-26 18:00:00,2025-12-26 20:00:00,buy,20,11.299999999999955,0.6686390532545036,2.9894179894178645,0.9822485207101408,2.0249137145697205,1,8,0.9726027397258994,31.099999999997863,54.299999999997794,0.0,0.0,-1.16,0.0,2
2025-12-26 20:45:00,2025-12-26 21:00:00,buy,21,7.900000000000773,0.9518072289157741,1.8308227114718512,0.9879518072288579,2.507709085011811,3,1,0.70967741935475,50.39999999999907,51.400000000001,0.0,0.0,-1.16,0.0,4
2025-12-26 23:00:00,2025-12-26 23:15:00,buy,23,3.499999999999659,0.6481481481480604,0.9708737864076292,0.7037037037033528,1.7127359066336112,9,1,0.7600000000000455,41.70000000000016,50.39999999999907,0.0,0.0,-1.16,0.0,3
2025-12-30 00:15:00,2025-12-30 11:00:00,sell,11,7.599999999999341,0.7450980392155934,2.4165341812401087,0.8725490196077967,1.9561127237494702,14,43,0.946428571428567,29.09999999999968,51.00000000000193,0.0,0.0,1.04,1.0,6
2025-12-30 00:45:00,2025-12-30 11:00:00,sell,11,3.100000000000591,0.9393939393944875,0.8551724137933738,0.9393939393944875,2.004044780457548,16,41,0.946428571428567,30.299999999999727,51.00000000000193,0.0,0.0,1.04,1.0,6
2025-12-30 01:45:00,2025-12-30 11:00:00,sell,11,8.500000000000796,0.8673469387757262,2.0910209102095476,0.9897959183675866,1.564182407830117,19,37,0.946428571428567,30.699999999998795,51.00000000000193,0.0,0.0,1.04,1.0,6
2025-12-30 08:30:00,2025-12-30 11:00:00,sell,11,3.499999999999659,0.3535353535353564,1.2302284710016627,1.0,1.6019747955198227,25,10,0.946428571428567,39.999999999997726,41.89999999999827,0.0,0.0,1.04,1.0,6
2025-12-30 09:00:00,2025-12-30 11:00:00,sell,11,3.900000000001569,0.6610169491528363,1.3471502590678814,0.8983050847457545,1.6532648731384825,27,8,0.946428571428567,39.999999999997726,41.89999999999827,0.0,0.0,1.04,1.0,6
2025-12-30 09:30:00,2025-12-30 11:00:00,sell,11,6.700000000000728,0.6907216494845512,2.3385689354276815,0.7835051546393323,1.5725761221091261,29,6,0.946428571428567,39.999999999997726,41.89999999999827,0.0,0.0,1.04,1.0,6
2025-12-31 06:00:00,2025-12-31 09:00:00,buy,9,2.899999999999636,0.9354838709683039,1.384248210023562,0.9677419354846103,1.9379442702927463,4,12,0.7499999999997632,20.400000000000773,30.19999999999925,1.0,0.0,-1.16,0.0,4
2026-01-06 03:45:00,2026-01-06 05:30:00,sell,5,10.099999999999909,0.87826086956514,1.9668938656279416,0.9739130434783855,0.6484061002623775,7,7,0.7480314960629268,65.39999999999964,84.699999999998,0.0,0.0,-1.18,0.0,9
2026-01-07 07:00:00,2026-01-07 09:30:00,sell,9,6.400000000002137,0.488549618320773,1.7181208053695598,0.49618320610685196,0.5391164234481494,13,10,0.967391304347675,29.90000000000066,29.90000000000066,1.0,1.0,-1.17,0.0,1
2026-01-07 11:15:00,2026-01-07 11:30:00,sell,11,5.699999999998795,0.6785714285712594,1.669106881405298,0.9761904761903634,0.18004109166440685,20,1,0.47826086956510994,34.899999999998954,51.200000000000045,0.0,0.0,-1.17,0.0,6
2026-01-07 15:15:00,2026-01-07 16:00:00,sell,16,11.499999999998067,0.7324840764330807,4.693877551019532,0.7324840764330807,0.14647959526712384,31,3,0.07526881720434053,22.199999999998,45.09999999999934,0.0,0.0,-1.17,0.0,4
2026-01-09 09:30:00,2026-01-09 13:15:00,buy,13,5.999999999997385,0.6249999999997039,2.0100502512552816,0.656249999999852,4.582418609948036,0,15,0.30555555555542396,45.20000000000266,81.1000000000007,1.0,0.0,-1.17,0.0,9
2026-01-09 10:00:00,2026-01-09 13:15:00,buy,13,10.599999999999454,0.7737226277371839,3.3124999999999,0.9489051094890147,4.974814704058872,2,13,0.30555555555542396,45.09999999999934,88.59999999999957,0.0,0.0,-1.17,0.0,9
2026-01-09 17:00:00,2026-01-09 20:00:00,buy,20,18.199999999998795,0.5909090909090657,3.312101910828009,0.954545454545421,6.882019779018833,1,12,0.4558823529411826,68.00000000000068,89.40000000000055,0.0,0.0,-1.17,0.0,2
2026-01-09 18:15:00,2026-01-09 20:00:00,buy,20,10.80000000000041,0.7659574468085878,1.374045801526792,0.9929078014184054,6.488194871687369,3,7,0.4558823529411826,81.60000000000025,99.2999999999995,0.0,0.0,-1.17,0.0,2
2026-01-12 18:00:00,2026-01-12 21:30:00,buy,21,9.399999999999409,0.6811594202897864,2.1099887766552645,0.8840579710145614,1.3353740989998641,28,14,0.9791666666665679,33.799999999999386,50.99999999999909,0.0,0.0,-1.17,0.0,10
2026-01-13 02:00:00,2026-01-13 02:15:00,buy,2,9.899999999998954,0.9000000000000259,3.108320251177202,1.0,1.0511577944527062,33,1,0.47692307692318453,30.800000000002115,49.10000000000139,0.0,0.0,1.03,1.0,2
2026-01-13 17:30:00,2026-01-13 20:00:00,buy,20,2.7999999999991587,0.2204724409448484,0.588235294117489,0.4881889763778946,4.141252064928835,4,10,0.67901234567919,48.49999999999852,48.49999999999852,0.0,0.0,1.03,1.0,20
2026-01-13 18:00:00,2026-01-13 20:00:00,buy,20,21.299999999999386,0.9025423728812595,4.264264264264404,0.9745762711864417,4.439938387255893,6,8,0.67901234567919,50.89999999999861,50.89999999999861,0.0,0.0,1.03,1.0,20
2026-01-14 23:30:00,2026-01-14 23:45:00,sell,23,4.899999999997817,0.8596491228068164,1.165279429250322,0.9824561403507898,1.2533605020365712,7,1,0.6933333333334546,49.70000000000141,78.60000000000014,0.0,0.0,0.39,1.0,3
2026-01-15 02:45:00,2026-01-15 03:00:00,sell,3,15.000000000000568,0.7653061224490166,4.225352112676169,0.8571428571428985,1.201990787859586,12,1,0.9210526315788227,41.100000000000136,64.00000000000148,0.0,0.0,-1.17,0.0,2
2026-01-15 07:15:00,2026-01-15 07:45:00,sell,7,4.599999999999227,0.6388888888890095,0.7431340872373723,0.9166666666666338,0.11475607437887447,20,2,0.5984251968502967,41.89999999999827,45.899999999997476,0.0,0.0,-1.17,0.0,2
2026-01-15 20:00:00,2026-01-15 20:15:00,sell,20,0.7000000000005002,0.14893617021288175,0.1359223300971806,0.4468085106380405,0.86128075712395,42,1,0.7714285714290818,46.50000000000034,57.60000000000218,0.0,0.0,-1.17,0.0,8
2026-01-19 15:00:00,2026-01-19 16:00:00,sell,16,7.600000000002183,0.7676767676770693,2.0348058902280455,0.8585858585860296,0.23212009647295417,23,4,0.3124999999997039,42.199999999999704,73.99999999999807,0.0,0.0,-1.15,0.0,6
2026-01-20 03:15:00,2026-01-20 03:30:00,buy,3,20.09999999999934,1.0,4.383860414394478,1.0,0.3472010275658022,29,1,1.0,43.39999999999975,43.39999999999975,0.0,0.0,-1.15,0.0,1
2026-01-20 18:45:00,2026-01-20 19:30:00,sell,19,11.599999999998545,0.773333333333207,2.7358490566033877,0.9533333333333017,0.4995674864062494,39,3,0.9354838709677321,64.30000000000007,113.59999999999957,0.0,0.0,-1.15,0.0,2
2026-01-21 13:15:00,2026-01-21 13:30:00,sell,13,11.50000000000091,0.8273381294964087,2.356557377049232,0.9136690647482044,0.1951422745975151,39,1,0.6666666666666667,43.899999999999295,46.299999999999386,0.0,0.0,1.05,1.0,4
2026-01-23 02:30:00,2026-01-23 04:45:00,buy,4,5.89999999999975,0.5566037735849108,2.157221206581161,0.8301886792452678,0.5974476545674179,8,9,0.8771929824560573,28.20000000000107,62.599999999997635,0.0,0.0,1.02,1.0,1
2026-01-26 16:00:00,2026-01-26 16:15:00,sell,16,5.799999999999272,0.3815789473683349,0.5837946653245549,0.8749999999999767,9.536309305715918,20,1,0.5605095541401516,103.90000000000157,117.69999999999925,0.0,0.0,1.0,1.0,1
2026-01-27 08:00:00,2026-01-27 09:15:00,buy,9,2.7000000000015234,0.3552631578949681,0.5449041372354315,0.828947368421343,0.6651569042503525,9,5,0.6803278688523674,55.60000000000116,78.20000000000107,0.0,0.0,1.0,1.0,2
2026-01-27 08:45:00,2026-01-27 09:15:00,buy,9,7.800000000000296,0.4406779661017303,1.3254035683942813,0.9265536723165121,0.5542670336495803,12,2,0.6803278688523674,55.60000000000116,78.20000000000107,0.0,0.0,1.0,1.0,2
2026-02-04 17:15:00,2026-02-04 17:30:00,buy,17,8.70000000000175,0.7016129032259747,1.6461684011357272,0.7096774193548165,3.0275540722726646,8,1,0.396825396825472,51.09999999999957,62.299999999999045,0.0,0.0,-1.2,0.0,7
2026-02-04 19:30:00,2026-02-04 19:45:00,buy,19,17.00000000000159,0.8762886597939489,3.102189781022178,0.9432989690721838,2.933326561654326,10,1,0.7741935483872151,47.70000000000039,62.299999999999045,0.0,0.0,1.0,1.0,5
2026-02-05 09:00:00,2026-02-05 10:15:00,buy,10,3.900000000001569,0.2932330827068633,0.9363745498203704,0.977443609022664,3.0493456479518954,2,5,0.5842696629215923,37.80000000000143,46.20000000000175,0.0,0.0,1.0,1.0,4
2026-02-05 22:30:00,2026-02-06 00:15:00,buy,0,12.199999999998568,0.8905109489050019,3.2751677852343697,0.9854014598539449,0.8313639839855114,10,7,0.9189189189193133,46.79999999999893,80.60000000000116,0.0,0.0,-1.84,0.0,4
2026-02-06 00:15:00,2026-02-06 00:45:00,buy,0,2.7000000000015234,0.7297297297300204,0.7860262008737599,0.9189189189193133,1.744219652158563,14,2,0.5000000000005466,34.40000000000225,76.59999999999911,0.0,0.0,-1.18,0.0,2
2026-02-06 11:00:00,2026-02-06 15:00:00,buy,15,6.30000000000166,0.649484536082589,1.2663316582917852,0.7628865979382048,1.104060843795196,19,16,0.6375000000001021,39.49999999999818,58.10000000000173,1.0,0.0,-1.2,0.0,3
2026-02-06 13:00:00,2026-02-06 15:00:00,buy,15,10.799999999997567,0.8709677419353212,2.142857142856579,0.9274193548385895,1.4574986026616443,25,8,0.6375000000001021,48.49999999999852,56.60000000000025,0.0,0.0,-1.2,0.0,3
2026-02-06 17:15:00,2026-02-06 19:45:00,buy,19,10.099999999999909,0.7537313432834934,2.110762800417905,0.9104477611940361,0.43812456113414555,30,10,0.9215686274511443,37.39999999999952,55.999999999997385,0.0,0.0,1.0,1.0,15
2026-02-06 18:30:00,2026-02-06 19:45:00,buy,19,10.000000000002274,0.6993006993008549,1.6652789342218304,0.965034965034997,0.8540209581184399,34,5,0.9215686274511443,37.39999999999952,55.999999999997385,0.0,0.0,1.0,1.0,15
2026-02-06 19:45:00,2026-02-06 20:00:00,buy,20,4.599999999999227,0.901960784313791,0.7647547797172428,0.9215686274511443,1.5840785915173683,36,1,0.853658536585349,35.000000000002274,48.19999999999993,0.0,0.0,1.0,1.0,14
2026-02-09 19:45:00,2026-02-09 20:30:00,sell,20,4.699999999999704,0.5529411764705017,0.4778851042195906,0.8941176470586623,4.832654503110234,7,3,0.7282608695651099,103.39999999999918,125.79999999999814,0.0,0.0,1.0,1.0,4
2026-02-10 02:45:00,2026-02-10 03:00:00,sell,3,23.699999999999477,0.7429467084638942,5.837438423644902,0.937304075235081,1.1058815414543233,12,1,0.8806818181818861,65.39999999999964,99.79999999999905,0.0,0.0,-1.2,0.0,1
2026-02-10 11:00:00,2026-02-10 11:15:00,sell,11,19.400000000001683,0.9282296650719629,4.181034482758868,0.9330143540670657,3.7351596750426097,7,1,0.876470588235364,54.59999999999923,120.59999999999889,0.0,0.0,1.0,1.0,3
2026-02-12 09:15:00,2026-02-12 11:15:00,sell,11,13.2000000000005,0.7586206896552963,1.2890625000001192,0.798850574712638,0.18527264775229924,17,8,0.43589743589749663,127.89999999999964,127.89999999999964,0.0,0.0,-1.2,0.0,3
2026-02-12 10:00:00,2026-02-12 11:15:00,sell,11,17.500000000001137,0.8293838862560398,1.774847870182766,0.834123222748819,2.2006852995787085,20,5,0.43589743589749663,127.89999999999964,127.89999999999964,0.0,0.0,-1.2,0.0,3
2026-02-12 10:45:00,2026-02-12 11:15:00,sell,11,11.299999999999955,0.46502057613169495,1.0526315789473963,0.6131687242798518,2.5562878668466738,22,2,0.43589743589749663,127.89999999999964,127.89999999999964,0.0,0.0,-1.2,0.0,3
2026-02-17 07:15:00,2026-02-17 09:00:00,sell,9,19.999999999998863,0.9478672985782156,2.987303958177641,0.9857819905213928,2.495747971630635,13,7,0.9074074074073197,75.99999999999909,75.99999999999909,0.0,0.0,-1.2,0.0,1
2026-02-18 04:00:00,2026-02-18 07:15:00,buy,7,14.900000000000091,0.9430379746834577,3.581730769231308,0.9430379746834577,1.6675934604563736,27,13,0.5263157894738154,39.699999999999136,85.30000000000086,1.0,0.0,-1.2,0.0,2
2026-02-18 05:30:00,2026-02-18 07:15:00,buy,7,0.49999999999954525,0.056818181818134104,0.09823182711190036,0.40909090909095314,2.27713114795165,31,7,0.5263157894738154,63.39999999999861,85.30000000000086,0.0,0.0,-1.2,0.0,2
2026-02-19 19:45:00,2026-02-19 23:15:00,buy,23,2.899999999999636,0.4393939393938676,0.36295369211508893,0.8333333333334051,2.293906603077289,15,14,0.7818181818182006,74.20000000000186,80.10000000000161,0.0,0.0,-1.18,0.0,3
2026-02-19 21:30:00,2026-02-19 23:15:00,buy,23,13.79999999999768,0.6764705882351548,2.7544910179635047,0.6862745098038286,1.5100429443322128,17,7,0.7818181818182006,48.90000000000043,74.20000000000186,0.0,0.0,-1.18,0.0,3
2026-02-26 04:45:00,2026-02-26 05:45:00,sell,5,8.899999999999864,0.6592592592592935,1.5213675213676252,0.7851851851851976,2.68984830576926,14,4,0.712499999999738,73.19999999999993,86.49999999999807,0.0,0.0,-1.2,0.0,2
2026-02-26 06:45:00,2026-02-26 07:30:00,sell,7,12.899999999999068,0.7724550898202961,2.313901345291353,0.9101796407184752,1.5267279874592532,14,3,0.9607843137255722,56.89999999999884,78.69999999999777,0.0,0.0,1.0,1.0,1
2026-02-27 16:45:00,2026-02-27 18:15:00,buy,18,21.399999999999864,0.8806584362140043,3.569641367806531,0.8847736625514726,0.9610422608631097,47,6,0.8064516129031962,40.099999999998204,69.39999999999884,0.0,0.0,-1.2,0.0,1
2026-02-27 17:45:00,2026-02-27 18:15:00,buy,18,10.400000000001342,0.4541484716157525,1.444444444444633,0.5109170305677371,0.8600873229653416,48,2,0.8064516129031962,39.30000000000007,69.39999999999884,0.0,0.0,-1.2,0.0,1
2026-02-27 19:45:00,2026-02-27 20:00:00,buy,20,7.900000000000773,0.7979797979797313,1.1064425770308566,0.9191919191918351,0.41272630692219536,49,1,0.9855072463767459,39.30000000000007,48.49999999999852,0.0,0.0,-1.2,0.0,4
2026-02-27 22:45:00,2026-02-27 23:15:00,buy,23,17.69999999999925,0.9779005524860838,4.16961130742009,0.9889502762430419,0.35139233907557355,50,2,0.09923664122141379,32.29999999999791,40.099999999998204,0.0,0.0,-1.18,0.0,3
2026-03-04 18:00:00,2026-03-05 02:00:00,sell,2,17.799999999999727,0.9780219780220278,2.003376477208763,0.9835164835165598,2.229774471561541,2,32,0.9758454106280405,55.999999999997385,80.29999999999973,0.0,0.0,1.0,1.0,3
2026-03-04 18:30:00,2026-03-05 02:00:00,sell,2,7.299999999997908,0.447852760736038,0.7757704569604675,0.7239263803680189,3.3422232718152145,4,30,0.9758454106280405,47.399999999998954,80.29999999999973,0.0,0.0,1.0,1.0,3
2026-03-04 19:45:00,2026-03-05 02:00:00,sell,2,4.899999999997817,0.8305084745759365,0.6261980830668373,0.8644067796608454,3.727718803077096,7,25,0.9758454106280405,52.899999999999636,80.29999999999973,0.0,0.0,1.0,1.0,3
2026-03-04 21:15:00,2026-03-05 02:00:00,sell,2,8.500000000000796,0.8095238095239642,1.3754045307445713,0.9904761904761441,2.098458435352768,9,19,0.9758454106280405,52.899999999999636,68.39999999999975,0.0,0.0,1.0,1.0,3
2026-03-04 21:45:00,2026-03-05 02:00:00,sell,2,4.999999999998295,0.43478260869557694,0.7930214115779164,0.704347826086978,2.457032754128363,11,17,0.9758454106280405,52.899999999999636,68.39999999999975,0.0,0.0,1.0,1.0,3
2026-03-05 00:00:00,2026-03-05 02:00:00,sell,2,3.1999999999982265,0.8648648648642421,0.80706179066801,0.8648648648642421,2.21031617168137,16,8,0.9758454106280405,28.80000000000109,55.999999999997385,0.0,0.0,1.0,1.0,3
2026-03-05 01:45:00,2026-03-05 02:00:00,sell,2,8.29999999999984,0.9120879120878126,2.5937500000003513,0.945054945055,2.0689367362876965,21,1,0.9758454106280405,20.599999999998886,52.899999999999636,0.0,0.0,1.0,1.0,3
2026-03-06 01:00:00,2026-03-06 01:15:00,buy,1,6.499999999999773,0.4850746268657049,1.4084507042252568,0.6194029850746791,0.9813372257355013,14,1,0.9230769230772594,44.70000000000027,60.69999999999993,0.0,0.0,-1.18,0.0,2
2026-03-06 03:15:00,2026-03-06 06:15:00,buy,6,8.400000000000318,0.7368421052631579,2.3076923076921876,0.9824561403510434,0.7126002106247142,22,12,0.7647058823530067,46.700000000001296,46.700000000001296,0.0,0.0,1.0,1.0,2
2026-03-06 04:00:00,2026-03-06 06:15:00,buy,6,5.49999999999784,0.7971014492751832,1.3698630136979513,0.8260869565217033,0.8118096282316856,25,9,0.7647058823530067,46.700000000001296,46.700000000001296,0.0,0.0,1.0,1.0,2
2026-03-06 06:00:00,2026-03-06 06:15:00,buy,6,2.199999999999136,0.48888888888883275,0.6060606060603452,0.5111111111111672,0.4814050930349367,33,1,0.7647058823530067,22.20000000000084,46.700000000001296,0.0,0.0,1.0,1.0,2
2026-03-09 09:15:00,2026-03-09 10:00:00,buy,10,17.500000000001137,0.7918552036200498,3.0250648228178747,0.8868778280543889,3.2141459461513477,2,3,0.7033898305084909,57.69999999999982,114.99999999999773,0.0,0.0,-1.2,0.0,1
2026-03-09 09:45:00,2026-03-09 10:00:00,buy,10,12.299999999999045,0.7784810126582312,1.7596566523603474,0.8860759493670749,3.5771438504326625,4,1,0.7033898305084909,57.69999999999982,112.89999999999907,0.0,0.0,-1.2,0.0,1
2026-03-10 22:30:00,2026-03-11 02:15:00,buy,2,7.799999999997453,0.5064935064933531,1.232227488151182,0.5129870129868908,1.5341642480876772,5,15,0.9624999999998268,58.60000000000127,71.7000000000013,0.0,0.0,-1.2,0.0,2
2026-03-11 03:30:00,2026-03-11 03:45:00,buy,3,5.599999999998317,0.43410852713158826,1.5491009681877943,0.612403100775163,1.6858174773460632,10,1,0.8156424581004744,42.10000000000207,78.80000000000109,0.0,0.0,1.0,1.0,3
2026-03-12 02:00:00,2026-03-12 06:00:00,buy,6,6.099999999997863,0.45522388059680596,2.2803738317750377,0.7910447761192764,4.553535598927283,0,16,0.5142857142855751,22.49999999999943,74.79999999999905,1.0,0.0,1.0,1.0,7
2026-03-12 05:30:00,2026-03-12 06:00:00,buy,6,9.600000000000364,0.6956521739130435,1.7407071622848203,0.8043478260868535,2.86118240547637,2,2,0.5142857142855751,46.399999999999864,68.20000000000164,0.0,0.0,1.0,1.0,7
2026-03-12 06:45:00,2026-03-12 07:00:00,buy,7,3.700000000000614,0.5211267605634817,0.7142857142858514,0.7042253521128565,3.5257247839354022,6,1,0.8499999999999645,46.399999999999864,46.80000000000177,0.0,0.0,-1.2,0.0,10
2026-03-13 18:30:00,2026-03-16 01:00:00,buy,1,12.5,0.9259259259259883,2.455795677799674,0.9259259259259883,1.602263027567119,7,26,0.7149321266967622,50.0,68.29999999999927,0.0,0.0,-1.18,0.0,3
2026-03-16 05:15:00,2026-03-16 06:15:00,buy,6,8.400000000000318,0.7706422018348289,1.6326530612246026,0.7798165137614774,0.34423473189235665,20,4,0.15517241379288377,49.19999999999902,64.59999999999866,0.0,0.0,-1.2,0.0,8
2026-03-16 07:00:00,2026-03-16 07:15:00,buy,7,1.8999999999977035,0.30158730158699365,0.4428904428899055,0.4444444444443943,0.727066634141238,24,1,0.8834951456310411,49.19999999999902,49.19999999999902,0.0,0.0,-1.2,0.0,3
2026-03-17 19:15:00,2026-03-17 19:30:00,sell,19,12.5,0.8445945945946166,2.642706131078071,0.925675675675703,1.401466942627394,28,1,0.21100917431187394,49.60000000000093,77.29999999999961,0.0,0.0,-1.2,0.0,10
2026-03-17 23:30:00,2026-03-18 01:00:00,sell,1,4.200000000000159,0.9130434782604935,1.4788732394363484,0.9347826086953701,0.7761608921555307,35,6,0.9770114942527685,27.299999999999613,49.70000000000141,0.0,0.0,1.02,1.0,8
2026-03-18 05:15:00,2026-03-18 06:45:00,sell,6,4.800000000000182,0.6956521739131868,1.2451361867702673,1.0,0.47212752882046516,42,6,0.916666666666864,34.30000000000177,34.30000000000177,0.0,0.0,1.0,1.0,4
2026-03-23 05:30:00,2026-03-23 09:30:00,buy,9,9.999999999999432,0.7142857142857433,1.0095911155981137,0.7142857142857433,4.715862952636485,4,16,0.9677419354839449,51.30000000000052,55.89999999999975,0.0,0.0,-1.2,0.0,1
2026-03-23 08:30:00,2026-03-23 09:30:00,buy,9,4.699999999999704,0.7966101694915091,0.7395751376867724,1.0,3.705642884008853,9,4,0.9677419354839449,60.49999999999898,60.49999999999898,0.0,0.0,-1.2,0.0,1
2026-03-25 09:00:00,2026-03-25 17:30:00,buy,17,3.6000000000001364,0.49315068493166686,1.3235294117645906,0.8904109589043336,1.9143148135498222,7,34,0.9350649350649926,44.49999999999932,80.19999999999925,0.0,0.0,-1.2,0.0,1
2026-03-25 10:30:00,2026-03-25 17:30:00,buy,17,7.599999999999341,0.5801526717556739,2.5894378194203562,0.5877862595419698,2.0989620850343726,13,28,0.9350649350649926,40.800000000001546,67.9000000000002,0.0,0.0,-1.2,0.0,1
2026-03-25 15:30:00,2026-03-25 17:30:00,buy,17,4.300000000000637,0.4526315789474408,0.7325383304941773,0.8315789473685123,0.6612414707575454,16,8,0.9350649350649926,47.800000000000864,62.60000000000048,0.0,0.0,-1.2,0.0,1
2026-03-25 16:15:00,2026-03-25 17:30:00,buy,17,5.999999999997385,0.5607476635511611,1.2875536480681644,0.8785046728971466,1.711830560034855,19,5,0.9350649350649926,47.800000000000864,56.20000000000118,0.0,0.0,-1.2,0.0,1
2026-03-26 05:45:00,2026-03-26 15:30:00,buy,15,3.499999999999659,0.7291666666665679,1.2477718360071193,0.916666666666864,3.040903651884719,4,39,0.9923076923076553,20.49999999999841,54.09999999999968,0.0,0.0,-1.2,0.0,2
2026-03-26 14:00:00,2026-03-26 15:30:00,buy,15,4.400000000001114,0.6470588235297314,1.6117216117219588,0.9264705882353433,1.7809383343433183,13,6,0.9923076923076553,26.599999999999113,26.599999999999113,0.0,0.0,-1.2,0.0,2
2026-03-30 14:15:00,2026-03-30 19:30:00,sell,19,3.7999999999982492,0.24675324675309335,0.8251900108574155,0.3961038961038781,2.834398340445432,8,21,1.0,36.89999999999998,94.99999999999886,0.0,0.0,-1.2,0.0,2
2026-03-30 15:00:00,2026-03-30 19:30:00,sell,19,2.400000000000091,0.2823529411764549,0.5811138014528512,0.2823529411764548,3.1122536766758913,11,18,1.0,44.60000000000264,84.00000000000034,0.0,0.0,-1.2,0.0,2
2026-03-30 15:30:00,2026-03-30 19:30:00,sell,19,5.699999999998795,0.7402597402596013,1.587743732590343,0.7402597402596012,3.110185107846064,13,16,1.0,44.60000000000264,61.20000000000232,0.0,0.0,-1.2,0.0,2
2026-03-30 18:30:00,2026-03-30 19:30:00,sell,19,16.799999999997794,0.7777777777777486,3.9069767441857297,0.8888888888888743,2.128760025360066,13,4,1.0,34.39999999999941,52.800000000002,0.0,0.0,-1.2,0.0,2
