cohort,entry_clock,direction,exit_horizon_seconds,episodes,gross_mid_mean,spread_only_mean,spread_125x_mean,prob_positive_spread_only,break_even_additional_cost_mean,formal_net_status
ALL,CAUSAL_STATE_TRANSITION,LONG,5,1131,0.00022186118479221932,-0.0071657117595048635,-0.008078524535809019,0.026525198938992044,0.00023451812555260834,UNAVAILABLE_COMMISSION_SLIPPAGE_INCOMPLETE
ALL,CAUSAL_STATE_TRANSITION,LONG,10,1304,0.00011436349693251542,-0.007239547546012271,-0.008150574194785277,0.03834355828220859,0.0003591180981595092,UNAVAILABLE_COMMISSION_SLIPPAGE_INCOMPLETE
ALL,CAUSAL_STATE_TRANSITION,LONG,30,1368,0.00012854166666666662,-0.007254780701754386,-0.00816311769005848,0.08406432748538012,0.0011192397660818713,UNAVAILABLE_COMMISSION_SLIPPAGE_INCOMPLETE
ALL,CAUSAL_STATE_TRANSITION,LONG,60,1375,0.00042872363636363637,-0.006971745454545455,-0.007885005454545456,0.1330909090909091,0.0019052000000000001,UNAVAILABLE_COMMISSION_SLIPPAGE_INCOMPLETE
ALL,CAUSAL_STATE_TRANSITION,LONG,120,1375,0.0003934545454545454,-0.007035214545454546,-0.007955524545454546,0.16945454545454544,0.0030496436363636366,UNAVAILABLE_COMMISSION_SLIPPAGE_INCOMPLETE
ALL,CAUSAL_STATE_TRANSITION,LONG,180,1375,0.0003334400000000003,-0.007060167272727272,-0.007971711818181819,0.20581818181818182,0.0040568290909090915,UNAVAILABLE_COMMISSION_SLIPPAGE_INCOMPLETE
ALL,CAUSAL_STATE_TRANSITION,LONG,300,1375,7.092727272727255e-05,-0.007310610909090909,-0.008219138181818181,0.248,0.006451381818181819,UNAVAILABLE_COMMISSION_SLIPPAGE_INCOMPLETE
ALL,CAUSAL_STATE_TRANSITION,LONG,600,1375,-0.0003155527272727273,-0.007689338181818182,-0.008595927272727271,0.31272727272727274,0.010158123636363637,UNAVAILABLE_COMMISSION_SLIPPAGE_INCOMPLETE
ALL,CAUSAL_STATE_TRANSITION,LONG,900,1375,-0.0009453709090909095,-0.008300814545454546,-0.009202818181818182,0.3396363636363636,0.011749658181818182,UNAVAILABLE_COMMISSION_SLIPPAGE_INCOMPLETE
ALL,CAUSAL_STATE_TRANSITION,SHORT,5,1131,-0.00010211317418213973,-0.007076003536693192,-0.007942848143236075,0.01856763925729443,6.53580901856764e-05,UNAVAILABLE_COMMISSION_SLIPPAGE_INCOMPLETE
ALL,CAUSAL_STATE_TRANSITION,SHORT,10,1299,-0.0004511277906081601,-0.007481039260969977,-0.008354917244033871,0.03387220939183987,0.00013880677444187836,UNAVAILABLE_COMMISSION_SLIPPAGE_INCOMPLETE
ALL,CAUSAL_STATE_TRANSITION,SHORT,30,1356,-0.0002299262536873156,-0.007382286135693216,-0.008264850663716813,0.08112094395280237,0.0006640560471976401,UNAVAILABLE_COMMISSION_SLIPPAGE_INCOMPLETE
ALL,CAUSAL_STATE_TRANSITION,SHORT,60,1359,-0.00024452170713760106,-0.007334746136865342,-0.00820364974245769,0.12214863870493009,0.0013938778513612952,UNAVAILABLE_COMMISSION_SLIPPAGE_INCOMPLETE
ALL,CAUSAL_STATE_TRANSITION,SHORT,120,1359,0.00026955849889624716,-0.006819985283296542,-0.00768871872700515,0.199411331861663,0.0025867328918322296,UNAVAILABLE_COMMISSION_SLIPPAGE_INCOMPLETE
ALL,CAUSAL_STATE_TRANSITION,SHORT,180,1359,0.0002842384105960265,-0.006775496688741722,-0.007636777961736571,0.24429727740986018,0.003714908020603385,UNAVAILABLE_COMMISSION_SLIPPAGE_INCOMPLETE
ALL,CAUSAL_STATE_TRANSITION,SHORT,300,1359,0.00024883370125091975,-0.006790242825607063,-0.0076463594554819735,0.2766740250183959,0.005517799852832965,UNAVAILABLE_COMMISSION_SLIPPAGE_INCOMPLETE
ALL,CAUSAL_STATE_TRANSITION,SHORT,600,1359,0.0011618285504047096,-0.005926475349521708,-0.006794898822663724,0.3370125091979397,0.009464061810154526,UNAVAILABLE_COMMISSION_SLIPPAGE_INCOMPLETE
ALL,CAUSAL_STATE_TRANSITION,SHORT,900,1359,0.000984021339220015,-0.006218013245033112,-0.007114869389256807,0.3465783664459161,0.011423245033112584,UNAVAILABLE_COMMISSION_SLIPPAGE_INCOMPLETE
ALL,CONFIRMED,LONG,5,2415,0.00016078053830227742,-0.006876790890269151,-0.007750664596273292,0.02401656314699793,0.0001831511387163561,UNAVAILABLE_COMMISSION_SLIPPAGE_INCOMPLETE
ALL,CONFIRMED,LONG,10,2637,0.00028660219946909365,-0.006848972317026924,-0.007735882631778535,0.04057641259006447,0.0003257413727720895,UNAVAILABLE_COMMISSION_SLIPPAGE_INCOMPLETE
ALL,CONFIRMED,LONG,30,2726,0.00019558143800440207,-0.007057369772560528,-0.007952240920763022,0.08290535583272193,0.000933558327219369,UNAVAILABLE_COMMISSION_SLIPPAGE_INCOMPLETE
ALL,CONFIRMED,LONG,60,2734,0.0003537893196781272,-0.006882264081931237,-0.007773475676664227,0.13752743233357717,0.0016836649597659107,UNAVAILABLE_COMMISSION_SLIPPAGE_INCOMPLETE
ALL,CONFIRMED,LONG,120,2734,8.051572787125097e-05,-0.007169381858083394,-0.008064054498902707,0.18361375274323335,0.00278008412582297,UNAVAILABLE_COMMISSION_SLIPPAGE_INCOMPLETE
ALL,CONFIRMED,LONG,180,2734,4.303584491587409e-05,-0.00717441111923921,-0.008060971104608633,0.21653255303584493,0.0037703145574250183,UNAVAILABLE_COMMISSION_SLIPPAGE_INCOMPLETE
ALL,CONFIRMED,LONG,300,2734,-7.138990490124377e-05,-0.007272498171177761,-0.00815497348207754,0.2556693489392831,0.005767962692026336,UNAVAILABLE_COMMISSION_SLIPPAGE_INCOMPLETE
ALL,CONFIRMED,LONG,600,2734,-0.0007195866861741038,-0.007941265544989027,-0.008828883504023409,0.3196781272860278,0.009555120702267739,UNAVAILABLE_COMMISSION_SLIPPAGE_INCOMPLETE
ALL,CONFIRMED,LONG,900,2734,-0.0009479553767373808,-0.008216942209217263,-0.009116387161667886,0.34162399414776884,0.011304389173372347,UNAVAILABLE_COMMISSION_SLIPPAGE_INCOMPLETE
ALL,CONFIRMED,SHORT,5,2415,-0.00016078053830227742,-0.007198351966873706,-0.008072225672877846,0.02360248447204969,0.00011523395445134574,UNAVAILABLE_COMMISSION_SLIPPAGE_INCOMPLETE
ALL,CONFIRMED,SHORT,10,2637,-0.00028660219946909365,-0.007422176715965112,-0.008309087030716724,0.04247250663632916,0.00022536973833902163,UNAVAILABLE_COMMISSION_SLIPPAGE_INCOMPLETE
ALL,CONFIRMED,SHORT,30,2726,-0.00019558143800440207,-0.007448532648569331,-0.008343403796771828,0.08730741012472487,0.0007711078503301541,UNAVAILABLE_COMMISSION_SLIPPAGE_INCOMPLETE
ALL,CONFIRMED,SHORT,60,2734,-0.0003537893196781272,-0.007589842721287491,-0.008481054316020482,0.13130943672275056,0.00150853328456474,UNAVAILABLE_COMMISSION_SLIPPAGE_INCOMPLETE
ALL,CONFIRMED,SHORT,120,2734,-8.051572787125097e-05,-0.007330413313825897,-0.008225085954645208,0.18983174835406,0.002647373811265545,UNAVAILABLE_COMMISSION_SLIPPAGE_INCOMPLETE
ALL,CONFIRMED,SHORT,180,2734,-4.303584491587409e-05,-0.007260482809070958,-0.00814704279444038,0.23664959765910754,0.0038253986832479884,UNAVAILABLE_COMMISSION_SLIPPAGE_INCOMPLETE
ALL,CONFIRMED,SHORT,300,2734,7.138990490124377e-05,-0.007129718361375274,-0.008012193672275054,0.2801755669348939,0.005985797366495976,UNAVAILABLE_COMMISSION_SLIPPAGE_INCOMPLETE
ALL,CONFIRMED,SHORT,600,2734,0.0007195866861741038,-0.006502092172640819,-0.007389710131675201,0.33284564740307243,0.010131806876371618,UNAVAILABLE_COMMISSION_SLIPPAGE_INCOMPLETE
ALL,CONFIRMED,SHORT,900,2734,0.0009479553767373808,-0.006321031455742502,-0.007220476408193124,0.35003657644476954,0.012291089978054132,UNAVAILABLE_COMMISSION_SLIPPAGE_INCOMPLETE
ALL,CONFIRMED_PLUS_120S,LONG,5,0,,,,,,UNAVAILABLE_COMMISSION_SLIPPAGE_INCOMPLETE
ALL,CONFIRMED_PLUS_120S,LONG,10,0,,,,,,UNAVAILABLE_COMMISSION_SLIPPAGE_INCOMPLETE
ALL,CONFIRMED_PLUS_120S,LONG,30,0,,,,,,UNAVAILABLE_COMMISSION_SLIPPAGE_INCOMPLETE
ALL,CONFIRMED_PLUS_120S,LONG,60,0,,,,,,UNAVAILABLE_COMMISSION_SLIPPAGE_INCOMPLETE
ALL,CONFIRMED_PLUS_120S,LONG,120,0,,,,,,UNAVAILABLE_COMMISSION_SLIPPAGE_INCOMPLETE
ALL,CONFIRMED_PLUS_120S,LONG,180,2727,-3.991199119911989e-05,-0.00712979464613128,-0.008014143747708105,0.11697836450311698,0.001285196186285295,UNAVAILABLE_COMMISSION_SLIPPAGE_INCOMPLETE
ALL,CONFIRMED_PLUS_120S,LONG,300,2729,-0.00015451813851227565,-0.007223136680102601,-0.008102783070721875,0.20190545987541225,0.003932707951630634,UNAVAILABLE_COMMISSION_SLIPPAGE_INCOMPLETE
ALL,CONFIRMED_PLUS_120S,LONG,600,2729,-0.0008039025283986808,-0.007893129351410772,-0.00877792781238549,0.2997434957860022,0.008058809087577867,UNAVAILABLE_COMMISSION_SLIPPAGE_INCOMPLETE
ALL,CONFIRMED_PLUS_120S,LONG,900,2729,-0.0010326896299010628,-0.00816931110296812,-0.009065958226456578,0.3360205203371198,0.010221040674239647,UNAVAILABLE_COMMISSION_SLIPPAGE_INCOMPLETE
ALL,CONFIRMED_PLUS_120S,SHORT,5,0,,,,,,UNAVAILABLE_COMMISSION_SLIPPAGE_INCOMPLETE
ALL,CONFIRMED_PLUS_120S,SHORT,10,0,,,,,,UNAVAILABLE_COMMISSION_SLIPPAGE_INCOMPLETE
ALL,CONFIRMED_PLUS_120S,SHORT,30,0,,,,,,UNAVAILABLE_COMMISSION_SLIPPAGE_INCOMPLETE
ALL,CONFIRMED_PLUS_120S,SHORT,60,0,,,,,,UNAVAILABLE_COMMISSION_SLIPPAGE_INCOMPLETE
ALL,CONFIRMED_PLUS_120S,SHORT,120,0,,,,,,UNAVAILABLE_COMMISSION_SLIPPAGE_INCOMPLETE
ALL,CONFIRMED_PLUS_120S,SHORT,180,2727,3.991199119911989e-05,-0.007049970663733041,-0.007934319765309865,0.12284561789512284,0.0014164833149981665,UNAVAILABLE_COMMISSION_SLIPPAGE_INCOMPLETE
ALL,CONFIRMED_PLUS_120S,SHORT,300,2729,0.00015451813851227565,-0.006914100403078051,-0.007793746793697325,0.21766214730670574,0.0040422169292781245,UNAVAILABLE_COMMISSION_SLIPPAGE_INCOMPLETE
ALL,CONFIRMED_PLUS_120S,SHORT,600,2729,0.0008039025283986808,-0.006285324294613412,-0.007170122755588127,0.30157566874312935,0.008810216196408942,UNAVAILABLE_COMMISSION_SLIPPAGE_INCOMPLETE
ALL,CONFIRMED_PLUS_120S,SHORT,900,2729,0.0010326896299010628,-0.0061039318431659936,-0.007000578966654453,0.3301575668743129,0.01120906925613778,UNAVAILABLE_COMMISSION_SLIPPAGE_INCOMPLETE
ALL,CONFIRMED_PLUS_30S,LONG,5,0,,,,,,UNAVAILABLE_COMMISSION_SLIPPAGE_INCOMPLETE
ALL,CONFIRMED_PLUS_30S,LONG,10,0,,,,,,UNAVAILABLE_COMMISSION_SLIPPAGE_INCOMPLETE
ALL,CONFIRMED_PLUS_30S,LONG,30,0,,,,,,UNAVAILABLE_COMMISSION_SLIPPAGE_INCOMPLETE
ALL,CONFIRMED_PLUS_30S,LONG,60,2717,0.00015567905778432096,-0.007014357747515642,-0.00790873849834376,0.07839528892160472,0.000802661023187339,UNAVAILABLE_COMMISSION_SLIPPAGE_INCOMPLETE
ALL,CONFIRMED_PLUS_30S,LONG,120,2730,-0.00011776373626373628,-0.00728391575091575,-0.008179576007326009,0.14945054945054945,0.002192835164835165,UNAVAILABLE_COMMISSION_SLIPPAGE_INCOMPLETE
ALL,CONFIRMED_PLUS_30S,LONG,180,2730,-0.0001552985347985348,-0.007288952380952381,-0.008176488095238096,0.1967032967032967,0.0032821501831501836,UNAVAILABLE_COMMISSION_SLIPPAGE_INCOMPLETE
ALL,CONFIRMED_PLUS_30S,LONG,300,2730,-0.00026989194139194153,-0.007387183150183151,-0.008270628205128205,0.24615384615384617,0.0053155274725274725,UNAVAILABLE_COMMISSION_SLIPPAGE_INCOMPLETE
ALL,CONFIRMED_PLUS_30S,LONG,600,2730,-0.0009190384615384614,-0.008056930402930405,-0.008945525641025642,0.31062271062271063,0.009187956043956044,UNAVAILABLE_COMMISSION_SLIPPAGE_INCOMPLETE
ALL,CONFIRMED_PLUS_30S,LONG,900,2730,-0.0011477417582417579,-0.008333010989010988,-0.00923345054945055,0.3432234432234432,0.011130912087912087,UNAVAILABLE_COMMISSION_SLIPPAGE_INCOMPLETE
ALL,CONFIRMED_PLUS_30S,SHORT,5,0,,,,,,UNAVAILABLE_COMMISSION_SLIPPAGE_INCOMPLETE
ALL,CONFIRMED_PLUS_30S,SHORT,10,0,,,,,,UNAVAILABLE_COMMISSION_SLIPPAGE_INCOMPLETE
ALL,CONFIRMED_PLUS_30S,SHORT,30,0,,,,,,UNAVAILABLE_COMMISSION_SLIPPAGE_INCOMPLETE
ALL,CONFIRMED_PLUS_30S,SHORT,60,2717,-0.00015567905778432096,-0.007325715863084285,-0.008220096613912401,0.07029812292970188,0.0008100772911299227,UNAVAILABLE_COMMISSION_SLIPPAGE_INCOMPLETE
ALL,CONFIRMED_PLUS_30S,SHORT,120,2730,0.00011776373626373628,-0.007048388278388279,-0.007944048534798534,0.16227106227106228,0.00220596336996337,UNAVAILABLE_COMMISSION_SLIPPAGE_INCOMPLETE
ALL,CONFIRMED_PLUS_30S,SHORT,180,2730,0.0001552985347985348,-0.006978355311355311,-0.007865891025641026,0.2153846153846154,0.003365805860805861,UNAVAILABLE_COMMISSION_SLIPPAGE_INCOMPLETE
ALL,CONFIRMED_PLUS_30S,SHORT,300,2730,0.00026989194139194153,-0.006847399267399267,-0.007730844322344323,0.26666666666666666,0.005672934065934065,UNAVAILABLE_COMMISSION_SLIPPAGE_INCOMPLETE
ALL,CONFIRMED_PLUS_30S,SHORT,600,2730,0.0009190384615384614,-0.00621885347985348,-0.0071074487179487176,0.3311355311355311,0.009965197802197802,UNAVAILABLE_COMMISSION_SLIPPAGE_INCOMPLETE
ALL,CONFIRMED_PLUS_30S,SHORT,900,2730,0.0011477417582417579,-0.006037527472527473,-0.006937967032967033,0.34798534798534797,0.012249373626373626,UNAVAILABLE_COMMISSION_SLIPPAGE_INCOMPLETE
ALL,CONFIRMED_PLUS_60S,LONG,5,0,,,,,,UNAVAILABLE_COMMISSION_SLIPPAGE_INCOMPLETE
ALL,CONFIRMED_PLUS_60S,LONG,10,0,,,,,,UNAVAILABLE_COMMISSION_SLIPPAGE_INCOMPLETE
ALL,CONFIRMED_PLUS_60S,LONG,30,0,,,,,,UNAVAILABLE_COMMISSION_SLIPPAGE_INCOMPLETE
ALL,CONFIRMED_PLUS_60S,LONG,60,0,,,,,,UNAVAILABLE_COMMISSION_SLIPPAGE_INCOMPLETE
ALL,CONFIRMED_PLUS_60S,LONG,120,2729,-0.00024153352876511545,-0.007368460974716014,-0.008260327042872849,0.1150604617075852,0.0013799926713081716,UNAVAILABLE_COMMISSION_SLIPPAGE_INCOMPLETE
ALL,CONFIRMED_PLUS_60S,LONG,180,2729,-0.00027908208134847927,-0.007373499450348112,-0.008257237999267131,0.17112495419567608,0.0026087944301942108,UNAVAILABLE_COMMISSION_SLIPPAGE_INCOMPLETE
ALL,CONFIRMED_PLUS_60S,LONG,300,2729,-0.0003937174789300111,-0.007471766214730671,-0.008351412605349945,0.23928178820080614,0.004699256137779406,UNAVAILABLE_COMMISSION_SLIPPAGE_INCOMPLETE
ALL,CONFIRMED_PLUS_60S,LONG,600,2729,-0.0010431018688164162,-0.008141758886038842,-0.009026557347013558,0.3129351410773177,0.00867238548919018,UNAVAILABLE_COMMISSION_SLIPPAGE_INCOMPLETE
ALL,CONFIRMED_PLUS_60S,LONG,900,2729,-0.0012718889703187978,-0.008417940637596188,-0.009314587761084644,0.33272260901429096,0.010578559912055696,UNAVAILABLE_COMMISSION_SLIPPAGE_INCOMPLETE
ALL,CONFIRMED_PLUS_60S,SHORT,5,0,,,,,,UNAVAILABLE_COMMISSION_SLIPPAGE_INCOMPLETE
ALL,CONFIRMED_PLUS_60S,SHORT,10,0,,,,,,UNAVAILABLE_COMMISSION_SLIPPAGE_INCOMPLETE
ALL,CONFIRMED_PLUS_60S,SHORT,30,0,,,,,,UNAVAILABLE_COMMISSION_SLIPPAGE_INCOMPLETE
ALL,CONFIRMED_PLUS_60S,SHORT,60,0,,,,,,UNAVAILABLE_COMMISSION_SLIPPAGE_INCOMPLETE
ALL,CONFIRMED_PLUS_60S,SHORT,120,2729,0.00024153352876511545,-0.006885393917185782,-0.0077772599853426164,0.11982411139611579,0.001491429094906559,UNAVAILABLE_COMMISSION_SLIPPAGE_INCOMPLETE
ALL,CONFIRMED_PLUS_60S,SHORT,180,2729,0.00027908208134847927,-0.006815335287651155,-0.007699073836570173,0.19311102968120192,0.0027440857456943937,UNAVAILABLE_COMMISSION_SLIPPAGE_INCOMPLETE
ALL,CONFIRMED_PLUS_60S,SHORT,300,2729,0.0003937174789300111,-0.006684331256870649,-0.007563977647489922,0.2576035177720777,0.005150721876145108,UNAVAILABLE_COMMISSION_SLIPPAGE_INCOMPLETE
ALL,CONFIRMED_PLUS_60S,SHORT,600,2729,0.0010431018688164162,-0.0060555551484060095,-0.0069403536093807245,0.32502748259435693,0.009563917185782337,UNAVAILABLE_COMMISSION_SLIPPAGE_INCOMPLETE
ALL,CONFIRMED_PLUS_60S,SHORT,900,2729,0.0012718889703187978,-0.005874162696958593,-0.00677080982044705,0.3426163429827776,0.011869574935873949,UNAVAILABLE_COMMISSION_SLIPPAGE_INCOMPLETE
ALL,CAUSAL_STATE_TRANSITION,SHOCK_DIRECTION,5,2262,5.9874005305039776e-05,-0.007120857648099027,-0.008010686339522547,0.022546419098143235,0.00014993810786914237,UNAVAILABLE_COMMISSION_SLIPPAGE_INCOMPLETE
ALL,CAUSAL_STATE_TRANSITION,SHOCK_DIRECTION,10,2603,-0.0001678390318862851,-0.007360061467537457,-0.008252549462159047,0.03611217825585863,0.00024917402996542447,UNAVAILABLE_COMMISSION_SLIPPAGE_INCOMPLETE
ALL,CAUSAL_STATE_TRANSITION,SHOCK_DIRECTION,30,2724,-4.990271659324526e-05,-0.007318252569750367,-0.00821376009544787,0.08259911894273128,0.0008926505139500735,UNAVAILABLE_COMMISSION_SLIPPAGE_INCOMPLETE
ALL,CAUSAL_STATE_TRANSITION,SHOCK_DIRECTION,60,2734,9.407095830285295e-05,-0.007152183613752744,-0.008043395208485736,0.1276517922457937,0.0016510351133869788,UNAVAILABLE_COMMISSION_SLIPPAGE_INCOMPLETE
ALL,CAUSAL_STATE_TRANSITION,SHOCK_DIRECTION,120,2734,0.00033186905632772486,-0.006928229700073153,-0.007822902340892465,0.18434528163862474,0.00281954279444038,UNAVAILABLE_COMMISSION_SLIPPAGE_INCOMPLETE
ALL,CAUSAL_STATE_TRANSITION,SHOCK_DIRECTION,180,2734,0.0003089831748354061,-0.0069186649597659106,-0.007805224945135334,0.22494513533284566,0.003886869056327725,UNAVAILABLE_COMMISSION_SLIPPAGE_INCOMPLETE
ALL,CAUSAL_STATE_TRANSITION,SHOCK_DIRECTION,300,2734,0.00015935991221653265,-0.007051949524506218,-0.007934424835405999,0.2622531089978054,0.0059873226042428665,UNAVAILABLE_COMMISSION_SLIPPAGE_INCOMPLETE
ALL,CAUSAL_STATE_TRANSITION,SHOCK_DIRECTION,600,2734,0.0004188149231894656,-0.006813065106071689,-0.007700683065106071,0.3247988295537674,0.009813123628383321,UNAVAILABLE_COMMISSION_SLIPPAGE_INCOMPLETE
ALL,CAUSAL_STATE_TRANSITION,SHOCK_DIRECTION,900,2734,1.36795903438187e-05,-0.007265508412582298,-0.00816495336503292,0.34308705193855155,0.011587406730065837,UNAVAILABLE_COMMISSION_SLIPPAGE_INCOMPLETE
ALL,CONFIRMED,SHOCK_DIRECTION,5,2415,0.00010634575569358177,-0.006931225672877847,-0.007805099378881988,0.02443064182194617,0.00020682401656314702,UNAVAILABLE_COMMISSION_SLIPPAGE_INCOMPLETE
ALL,CONFIRMED,SHOCK_DIRECTION,10,2637,-9.159271899886229e-05,-0.00722716723549488,-0.008114077550246492,0.03830109973454683,0.00029116040955631404,UNAVAILABLE_COMMISSION_SLIPPAGE_INCOMPLETE
ALL,CONFIRMED,SHOCK_DIRECTION,30,2726,1.3365737344093868e-05,-0.007239585473220837,-0.008134456621423331,0.08253851797505503,0.0009462802641232574,UNAVAILABLE_COMMISSION_SLIPPAGE_INCOMPLETE
ALL,CONFIRMED,SHOCK_DIRECTION,60,2734,0.0001571470373079737,-0.0070789063643013905,-0.007970117959034384,0.12948061448427212,0.0016907168983174834,UNAVAILABLE_COMMISSION_SLIPPAGE_INCOMPLETE
ALL,CONFIRMED,SHOCK_DIRECTION,120,2734,0.0003949451353328458,-0.006854952450621799,-0.007749625091441111,0.18653986832479882,0.0028481309436722757,UNAVAILABLE_COMMISSION_SLIPPAGE_INCOMPLETE
ALL,CONFIRMED,SHOCK_DIRECTION,180,2734,0.00037205925384052667,-0.0068453877103145586,-0.00773194769568398,0.22348207754206292,0.003953163862472567,UNAVAILABLE_COMMISSION_SLIPPAGE_INCOMPLETE
ALL,CONFIRMED,SHOCK_DIRECTION,300,2734,0.00022243599122165315,-0.006978672275054864,-0.007861147585954645,0.2640819312362838,0.006068094367227506,UNAVAILABLE_COMMISSION_SLIPPAGE_INCOMPLETE
ALL,CONFIRMED,SHOCK_DIRECTION,600,2734,0.00048189100219458677,-0.006739787856620337,-0.007627405815654718,0.32553035844915873,0.009865091441111924,UNAVAILABLE_COMMISSION_SLIPPAGE_INCOMPLETE
ALL,CONFIRMED,SHOCK_DIRECTION,900,2734,7.67556693489394e-05,-0.007192231163130944,-0.008091676115581564,0.3467446964155084,0.011640775420629116,UNAVAILABLE_COMMISSION_SLIPPAGE_INCOMPLETE
ALL,CONFIRMED_PLUS_120S,SHOCK_DIRECTION,5,0,,,,,,UNAVAILABLE_COMMISSION_SLIPPAGE_INCOMPLETE
ALL,CONFIRMED_PLUS_120S,SHOCK_DIRECTION,10,0,,,,,,UNAVAILABLE_COMMISSION_SLIPPAGE_INCOMPLETE
ALL,CONFIRMED_PLUS_120S,SHOCK_DIRECTION,30,0,,,,,,UNAVAILABLE_COMMISSION_SLIPPAGE_INCOMPLETE
ALL,CONFIRMED_PLUS_120S,SHOCK_DIRECTION,60,0,,,,,,UNAVAILABLE_COMMISSION_SLIPPAGE_INCOMPLETE
ALL,CONFIRMED_PLUS_120S,SHOCK_DIRECTION,120,0,,,,,,UNAVAILABLE_COMMISSION_SLIPPAGE_INCOMPLETE
ALL,CONFIRMED_PLUS_120S,SHOCK_DIRECTION,180,2727,3.6567656765676475e-05,-0.007053314998166482,-0.007937664099743308,0.11404473780711405,0.0014293619361936195,UNAVAILABLE_COMMISSION_SLIPPAGE_INCOMPLETE
ALL,CONFIRMED_PLUS_120S,SHOCK_DIRECTION,300,2729,-0.00011335654085745679,-0.007181975082447782,-0.00806162147306706,0.2026383290582631,0.0039338035910589965,UNAVAILABLE_COMMISSION_SLIPPAGE_INCOMPLETE
ALL,CONFIRMED_PLUS_120S,SHOCK_DIRECTION,600,2729,0.00014657383657017218,-0.00694265298644192,-0.007827451447416636,0.30414071088310735,0.008317519237816049,UNAVAILABLE_COMMISSION_SLIPPAGE_INCOMPLETE
ALL,CONFIRMED_PLUS_120S,SHOCK_DIRECTION,900,2729,-0.0002593037742762917,-0.00739592524734335,-0.008292572370831808,0.33272260901429096,0.010521923781604983,UNAVAILABLE_COMMISSION_SLIPPAGE_INCOMPLETE
ALL,CONFIRMED_PLUS_30S,SHOCK_DIRECTION,5,0,,,,,,UNAVAILABLE_COMMISSION_SLIPPAGE_INCOMPLETE
ALL,CONFIRMED_PLUS_30S,SHOCK_DIRECTION,10,0,,,,,,UNAVAILABLE_COMMISSION_SLIPPAGE_INCOMPLETE
ALL,CONFIRMED_PLUS_30S,SHOCK_DIRECTION,30,0,,,,,,UNAVAILABLE_COMMISSION_SLIPPAGE_INCOMPLETE
ALL,CONFIRMED_PLUS_30S,SHOCK_DIRECTION,60,2717,0.00020495031284504972,-0.006965086492454914,-0.007859467243283031,0.07397865292602135,0.0008458041958041958,UNAVAILABLE_COMMISSION_SLIPPAGE_INCOMPLETE
ALL,CONFIRMED_PLUS_30S,SHOCK_DIRECTION,120,2730,0.000440529304029304,-0.006725622710622711,-0.007621282967032968,0.15384615384615385,0.0023912087912087913,UNAVAILABLE_COMMISSION_SLIPPAGE_INCOMPLETE
ALL,CONFIRMED_PLUS_30S,SHOCK_DIRECTION,180,2730,0.0004176098901098899,-0.006716043956043956,-0.007603579670329671,0.20036630036630038,0.003517952380952381,UNAVAILABLE_COMMISSION_SLIPPAGE_INCOMPLETE
ALL,CONFIRMED_PLUS_30S,SHOCK_DIRECTION,300,2730,0.00026776739926739917,-0.00684952380952381,-0.007732968864468864,0.2512820512820513,0.005687556776556776,UNAVAILABLE_COMMISSION_SLIPPAGE_INCOMPLETE
ALL,CONFIRMED_PLUS_30S,SHOCK_DIRECTION,600,2730,0.0005276025641025639,-0.006610289377289379,-0.007498884615384616,0.3183150183150183,0.009702659340659342,UNAVAILABLE_COMMISSION_SLIPPAGE_INCOMPLETE
ALL,CONFIRMED_PLUS_30S,SHOCK_DIRECTION,900,2730,0.00012187362637362632,-0.007063395604395605,-0.007963835164835165,0.34175824175824177,0.011609989010989011,UNAVAILABLE_COMMISSION_SLIPPAGE_INCOMPLETE
ALL,CONFIRMED_PLUS_60S,SHOCK_DIRECTION,5,0,,,,,,UNAVAILABLE_COMMISSION_SLIPPAGE_INCOMPLETE
ALL,CONFIRMED_PLUS_60S,SHOCK_DIRECTION,10,0,,,,,,UNAVAILABLE_COMMISSION_SLIPPAGE_INCOMPLETE
ALL,CONFIRMED_PLUS_60S,SHOCK_DIRECTION,30,0,,,,,,UNAVAILABLE_COMMISSION_SLIPPAGE_INCOMPLETE
ALL,CONFIRMED_PLUS_60S,SHOCK_DIRECTION,60,0,,,,,,UNAVAILABLE_COMMISSION_SLIPPAGE_INCOMPLETE
ALL,CONFIRMED_PLUS_60S,SHOCK_DIRECTION,120,2729,0.00027833089043605716,-0.006848596555514841,-0.007740462623671674,0.11652620007328691,0.0015404983510443385,UNAVAILABLE_COMMISSION_SLIPPAGE_INCOMPLETE
ALL,CONFIRMED_PLUS_60S,SHOCK_DIRECTION,180,2729,0.0002554030780505679,-0.006839014290949065,-0.007722752839868083,0.17515573470135581,0.0028174752656650788,UNAVAILABLE_COMMISSION_SLIPPAGE_INCOMPLETE
ALL,CONFIRMED_PLUS_60S,SHOCK_DIRECTION,300,2729,0.00010550567973616698,-0.006972543056064492,-0.007852189446683769,0.24038109197508245,0.004997442286551851,UNAVAILABLE_COMMISSION_SLIPPAGE_INCOMPLETE
ALL,CONFIRMED_PLUS_60S,SHOCK_DIRECTION,600,2729,0.00036543605716379634,-0.0067332209600586305,-0.0076180194210333455,0.3151337486258703,0.009165657750091608,UNAVAILABLE_COMMISSION_SLIPPAGE_INCOMPLETE
ALL,CONFIRMED_PLUS_60S,SHOCK_DIRECTION,900,2729,-4.044155368266758e-05,-0.007186493220960059,-0.008083140344448516,0.337852693294247,0.011041927445950898,UNAVAILABLE_COMMISSION_SLIPPAGE_INCOMPLETE
SR-CLEAN-001,CAUSAL_STATE_TRANSITION,LONG,5,361,0.000275180055401662,-0.006963850415512466,-0.007862596952908588,0.030470914127423823,8.224376731301939e-05,UNAVAILABLE_COMMISSION_SLIPPAGE_INCOMPLETE
SR-CLEAN-001,CAUSAL_STATE_TRANSITION,LONG,10,441,0.0005986734693877551,-0.006619115646258504,-0.0075193735827664395,0.05215419501133787,0.00022387755102040816,UNAVAILABLE_COMMISSION_SLIPPAGE_INCOMPLETE
SR-CLEAN-001,CAUSAL_STATE_TRANSITION,LONG,30,462,0.0009219155844155842,-0.0064872077922077925,-0.007407142857142857,0.09307359307359307,0.0010707359307359306,UNAVAILABLE_COMMISSION_SLIPPAGE_INCOMPLETE
SR-CLEAN-001,CAUSAL_STATE_TRANSITION,LONG,60,465,0.0011659354838709677,-0.006248193548387097,-0.007169844086021507,0.12688172043010754,0.0017270322580645162,UNAVAILABLE_COMMISSION_SLIPPAGE_INCOMPLETE
SR-CLEAN-001,CAUSAL_STATE_TRANSITION,LONG,120,465,0.0009761935483870967,-0.0064966236559139785,-0.0074329462365591405,0.15483870967741936,0.00259105376344086,UNAVAILABLE_COMMISSION_SLIPPAGE_INCOMPLETE
SR-CLEAN-001,CAUSAL_STATE_TRANSITION,LONG,180,465,0.0007482473118279566,-0.006719161290322581,-0.007654131720430109,0.2,0.0036601935483870965,UNAVAILABLE_COMMISSION_SLIPPAGE_INCOMPLETE
SR-CLEAN-001,CAUSAL_STATE_TRANSITION,LONG,300,465,-0.0009172473118279572,-0.008311354838709678,-0.009227999999999998,0.24516129032258063,0.005574752688172043,UNAVAILABLE_COMMISSION_SLIPPAGE_INCOMPLETE
SR-CLEAN-001,CAUSAL_STATE_TRANSITION,LONG,600,465,-0.0003373763440860219,-0.007775548387096775,-0.008703209677419355,0.3333333333333333,0.009251827956989245,UNAVAILABLE_COMMISSION_SLIPPAGE_INCOMPLETE
SR-CLEAN-001,CAUSAL_STATE_TRANSITION,LONG,900,465,-0.0029857956989247313,-0.010400387096774195,-0.011322153225806451,0.3655913978494624,0.010279290322580646,UNAVAILABLE_COMMISSION_SLIPPAGE_INCOMPLETE
SR-CLEAN-001,CAUSAL_STATE_TRANSITION,SHORT,5,320,0.001050890625,-0.0060315625000000005,-0.0069144609375,0.021875,0.00011115625000000001,UNAVAILABLE_COMMISSION_SLIPPAGE_INCOMPLETE
SR-CLEAN-001,CAUSAL_STATE_TRANSITION,SHORT,10,372,0.0008338978494623657,-0.005958521505376345,-0.006807116935483871,0.04838709677419355,0.00017833333333333332,UNAVAILABLE_COMMISSION_SLIPPAGE_INCOMPLETE
SR-CLEAN-001,CAUSAL_STATE_TRANSITION,SHORT,30,398,0.0006882035175879397,-0.006716984924623115,-0.007632346105527639,0.09296482412060302,0.0007911055276381909,UNAVAILABLE_COMMISSION_SLIPPAGE_INCOMPLETE
SR-CLEAN-001,CAUSAL_STATE_TRANSITION,SHORT,60,400,0.0009589625000000001,-0.006215299999999999,-0.007077271875,0.13,0.0016415500000000003,UNAVAILABLE_COMMISSION_SLIPPAGE_INCOMPLETE
SR-CLEAN-001,CAUSAL_STATE_TRANSITION,SHORT,120,400,0.0015875875,-0.005529575,-0.006377271875,0.23,0.0032809500000000004,UNAVAILABLE_COMMISSION_SLIPPAGE_INCOMPLETE
SR-CLEAN-001,CAUSAL_STATE_TRANSITION,SHORT,180,400,0.0011218374999999996,-0.005972999999999999,-0.0068151156250000015,0.2825,0.0039729000000000006,UNAVAILABLE_COMMISSION_SLIPPAGE_INCOMPLETE
SR-CLEAN-001,CAUSAL_STATE_TRANSITION,SHORT,300,400,0.0005861999999999999,-0.006478500000000001,-0.00731308125,0.3025,0.006110575,UNAVAILABLE_COMMISSION_SLIPPAGE_INCOMPLETE
SR-CLEAN-001,CAUSAL_STATE_TRANSITION,SHORT,600,400,0.0014295875000000001,-0.0056028499999999995,-0.006429365625,0.34,0.009627325,UNAVAILABLE_COMMISSION_SLIPPAGE_INCOMPLETE
SR-CLEAN-001,CAUSAL_STATE_TRANSITION,SHORT,900,400,-0.0008243624999999998,-0.00783555,-0.008656753125000001,0.3475,0.0111398,UNAVAILABLE_COMMISSION_SLIPPAGE_INCOMPLETE
SR-CLEAN-001,CONFIRMED,LONG,5,739,-0.00027179296346414064,-0.0072530852503382955,-0.008123991880920162,0.018944519621109608,8.047361299052774e-05,UNAVAILABLE_COMMISSION_SLIPPAGE_INCOMPLETE
SR-CLEAN-001,CONFIRMED,LONG,10,824,1.204490291262138e-05,-0.006968725728155339,-0.007842868628640776,0.044902912621359224,0.00022194174757281552,UNAVAILABLE_COMMISSION_SLIPPAGE_INCOMPLETE
SR-CLEAN-001,CONFIRMED,LONG,30,862,0.00026932134570765667,-0.007101032482598609,-0.008016786542923433,0.07192575406032482,0.0008444547563805103,UNAVAILABLE_COMMISSION_SLIPPAGE_INCOMPLETE
SR-CLEAN-001,CONFIRMED,LONG,60,865,0.00027588439306358385,-0.007007109826589595,-0.007901163294797689,0.10751445086705202,0.0013436878612716762,UNAVAILABLE_COMMISSION_SLIPPAGE_INCOMPLETE
SR-CLEAN-001,CONFIRMED,LONG,120,865,-0.00011680924855491306,-0.007404947976878613,-0.008300287572254336,0.15953757225433526,0.002366,UNAVAILABLE_COMMISSION_SLIPPAGE_INCOMPLETE
SR-CLEAN-001,CONFIRMED,LONG,180,865,-2.3971098265895893e-05,-0.0072988786127167644,-0.008190910404624278,0.1976878612716763,0.0033562774566473987,UNAVAILABLE_COMMISSION_SLIPPAGE_INCOMPLETE
SR-CLEAN-001,CONFIRMED,LONG,300,865,-0.0006716011560693638,-0.007893167630057804,-0.008771864161849711,0.2323699421965318,0.005374554913294797,UNAVAILABLE_COMMISSION_SLIPPAGE_INCOMPLETE
SR-CLEAN-001,CONFIRMED,LONG,600,865,-0.0007498843930635838,-0.007980219653179191,-0.00886110838150289,0.315606936416185,0.00912113294797688,UNAVAILABLE_COMMISSION_SLIPPAGE_INCOMPLETE
SR-CLEAN-001,CONFIRMED,LONG,900,865,-0.0011313121387283237,-0.00833914450867052,-0.009214407514450866,0.34104046242774566,0.01135885549132948,UNAVAILABLE_COMMISSION_SLIPPAGE_INCOMPLETE
SR-CLEAN-001,CONFIRMED,SHORT,5,739,0.00027179296346414064,-0.006709499323410014,-0.00758040595399188,0.028416779431664412,0.0001414614343707713,UNAVAILABLE_COMMISSION_SLIPPAGE_INCOMPLETE
SR-CLEAN-001,CONFIRMED,SHORT,10,824,-1.204490291262138e-05,-0.006992815533980582,-0.007866958434466019,0.038834951456310676,0.0002449635922330097,UNAVAILABLE_COMMISSION_SLIPPAGE_INCOMPLETE
SR-CLEAN-001,CONFIRMED,SHORT,30,862,-0.00026932134570765667,-0.007639675174013921,-0.008555429234338746,0.07540603248259861,0.0007176798143851509,UNAVAILABLE_COMMISSION_SLIPPAGE_INCOMPLETE
SR-CLEAN-001,CONFIRMED,SHORT,60,865,-0.00027588439306358385,-0.007558878612716763,-0.008452932080924855,0.11791907514450867,0.0012603815028901734,UNAVAILABLE_COMMISSION_SLIPPAGE_INCOMPLETE
SR-CLEAN-001,CONFIRMED,SHORT,120,865,0.00011680924855491306,-0.007171329479768786,-0.008066669075144507,0.19421965317919074,0.002527317919075144,UNAVAILABLE_COMMISSION_SLIPPAGE_INCOMPLETE
SR-CLEAN-001,CONFIRMED,SHORT,180,865,2.3971098265895893e-05,-0.0072509364161849705,-0.008142968208092485,0.24508670520231213,0.00339849710982659,UNAVAILABLE_COMMISSION_SLIPPAGE_INCOMPLETE
SR-CLEAN-001,CONFIRMED,SHORT,300,865,0.0006716011560693638,-0.006549965317919075,-0.007428661849710983,0.2832369942196532,0.006237213872832369,UNAVAILABLE_COMMISSION_SLIPPAGE_INCOMPLETE
SR-CLEAN-001,CONFIRMED,SHORT,600,865,0.0007498843930635838,-0.006480450867052023,-0.007361339595375723,0.3236994219653179,0.009664601156069364,UNAVAILABLE_COMMISSION_SLIPPAGE_INCOMPLETE
SR-CLEAN-001,CONFIRMED,SHORT,900,865,0.0011313121387283237,-0.006076520231213873,-0.00695178323699422,0.34566473988439306,0.012311040462427744,UNAVAILABLE_COMMISSION_SLIPPAGE_INCOMPLETE
SR-CLEAN-001,CONFIRMED_PLUS_120S,LONG,5,0,,,,,,UNAVAILABLE_COMMISSION_SLIPPAGE_INCOMPLETE
SR-CLEAN-001,CONFIRMED_PLUS_120S,LONG,10,0,,,,,,UNAVAILABLE_COMMISSION_SLIPPAGE_INCOMPLETE
SR-CLEAN-001,CONFIRMED_PLUS_120S,LONG,30,0,,,,,,UNAVAILABLE_COMMISSION_SLIPPAGE_INCOMPLETE
SR-CLEAN-001,CONFIRMED_PLUS_120S,LONG,60,0,,,,,,UNAVAILABLE_COMMISSION_SLIPPAGE_INCOMPLETE
SR-CLEAN-001,CONFIRMED_PLUS_120S,LONG,120,0,,,,,,UNAVAILABLE_COMMISSION_SLIPPAGE_INCOMPLETE
SR-CLEAN-001,CONFIRMED_PLUS_120S,LONG,180,865,0.0001495895953757225,-0.007002658959537572,-0.007894690751445086,0.11791907514450867,0.001265849710982659,UNAVAILABLE_COMMISSION_SLIPPAGE_INCOMPLETE
SR-CLEAN-001,CONFIRMED_PLUS_120S,LONG,300,865,-0.0004980404624277456,-0.007596947976878613,-0.00847564450867052,0.19884393063583816,0.0037397572254335263,UNAVAILABLE_COMMISSION_SLIPPAGE_INCOMPLETE
SR-CLEAN-001,CONFIRMED_PLUS_120S,LONG,600,865,-0.0005763236994219651,-0.007683999999999999,-0.0085648887283237,0.3017341040462428,0.007745364161849711,UNAVAILABLE_COMMISSION_SLIPPAGE_INCOMPLETE
SR-CLEAN-001,CONFIRMED_PLUS_120S,LONG,900,865,-0.0009577514450867054,-0.00804292485549133,-0.008918187861271677,0.33179190751445087,0.010045167630057805,UNAVAILABLE_COMMISSION_SLIPPAGE_INCOMPLETE
SR-CLEAN-001,CONFIRMED_PLUS_120S,SHORT,5,0,,,,,,UNAVAILABLE_COMMISSION_SLIPPAGE_INCOMPLETE
SR-CLEAN-001,CONFIRMED_PLUS_120S,SHORT,10,0,,,,,,UNAVAILABLE_COMMISSION_SLIPPAGE_INCOMPLETE
SR-CLEAN-001,CONFIRMED_PLUS_120S,SHORT,30,0,,,,,,UNAVAILABLE_COMMISSION_SLIPPAGE_INCOMPLETE
SR-CLEAN-001,CONFIRMED_PLUS_120S,SHORT,60,0,,,,,,UNAVAILABLE_COMMISSION_SLIPPAGE_INCOMPLETE
SR-CLEAN-001,CONFIRMED_PLUS_120S,SHORT,120,0,,,,,,UNAVAILABLE_COMMISSION_SLIPPAGE_INCOMPLETE
SR-CLEAN-001,CONFIRMED_PLUS_120S,SHORT,180,865,-0.0001495895953757225,-0.007301838150289018,-0.008193869942196532,0.11907514450867052,0.0010667976878612718,UNAVAILABLE_COMMISSION_SLIPPAGE_INCOMPLETE
SR-CLEAN-001,CONFIRMED_PLUS_120S,SHORT,300,865,0.0004980404624277456,-0.006600867052023121,-0.007479563583815028,0.21965317919075145,0.004138763005780347,UNAVAILABLE_COMMISSION_SLIPPAGE_INCOMPLETE
SR-CLEAN-001,CONFIRMED_PLUS_120S,SHORT,600,865,0.0005763236994219651,-0.00653135260115607,-0.007412241329479769,0.28901734104046245,0.008142728323699423,UNAVAILABLE_COMMISSION_SLIPPAGE_INCOMPLETE
SR-CLEAN-001,CONFIRMED_PLUS_120S,SHORT,900,865,0.0009577514450867054,-0.0061274219653179186,-0.0070026849710982655,0.3063583815028902,0.011015421965317919,UNAVAILABLE_COMMISSION_SLIPPAGE_INCOMPLETE
SR-CLEAN-001,CONFIRMED_PLUS_30S,LONG,5,0,,,,,,UNAVAILABLE_COMMISSION_SLIPPAGE_INCOMPLETE
SR-CLEAN-001,CONFIRMED_PLUS_30S,LONG,10,0,,,,,,UNAVAILABLE_COMMISSION_SLIPPAGE_INCOMPLETE
SR-CLEAN-001,CONFIRMED_PLUS_30S,LONG,30,0,,,,,,UNAVAILABLE_COMMISSION_SLIPPAGE_INCOMPLETE
SR-CLEAN-001,CONFIRMED_PLUS_30S,LONG,60,858,-8.496503496503518e-06,-0.007277738927738928,-0.008175743006993008,0.0675990675990676,0.0006132867132867133,UNAVAILABLE_COMMISSION_SLIPPAGE_INCOMPLETE
SR-CLEAN-001,CONFIRMED_PLUS_30S,LONG,120,865,-0.0003970635838150291,-0.007639722543352601,-0.008535062138728323,0.12947976878612716,0.0016880115606936416,UNAVAILABLE_COMMISSION_SLIPPAGE_INCOMPLETE
SR-CLEAN-001,CONFIRMED_PLUS_30S,LONG,180,865,-0.00030422543352601173,-0.007533653179190751,-0.008425684971098265,0.17803468208092485,0.002660890173410405,UNAVAILABLE_COMMISSION_SLIPPAGE_INCOMPLETE
SR-CLEAN-001,CONFIRMED_PLUS_30S,LONG,300,865,-0.0009518554913294799,-0.008127942196531792,-0.0090066387283237,0.223121387283237,0.004777260115606936,UNAVAILABLE_COMMISSION_SLIPPAGE_INCOMPLETE
SR-CLEAN-001,CONFIRMED_PLUS_30S,LONG,600,865,-0.001030138728323699,-0.00821499421965318,-0.009095882947976879,0.3109826589595376,0.0087274450867052,UNAVAILABLE_COMMISSION_SLIPPAGE_INCOMPLETE
SR-CLEAN-001,CONFIRMED_PLUS_30S,LONG,900,865,-0.0014115664739884392,-0.008573919075144508,-0.009449182080924856,0.33410404624277457,0.01096271676300578,UNAVAILABLE_COMMISSION_SLIPPAGE_INCOMPLETE
SR-CLEAN-001,CONFIRMED_PLUS_30S,SHORT,5,0,,,,,,UNAVAILABLE_COMMISSION_SLIPPAGE_INCOMPLETE
SR-CLEAN-001,CONFIRMED_PLUS_30S,SHORT,10,0,,,,,,UNAVAILABLE_COMMISSION_SLIPPAGE_INCOMPLETE
SR-CLEAN-001,CONFIRMED_PLUS_30S,SHORT,30,0,,,,,,UNAVAILABLE_COMMISSION_SLIPPAGE_INCOMPLETE
SR-CLEAN-001,CONFIRMED_PLUS_30S,SHORT,60,858,8.496503496503518e-06,-0.007260745920745921,-0.00815875,0.06293706293706294,0.000742051282051282,UNAVAILABLE_COMMISSION_SLIPPAGE_INCOMPLETE
SR-CLEAN-001,CONFIRMED_PLUS_30S,SHORT,120,865,0.0003970635838150291,-0.006845595375722543,-0.007740934971098266,0.15491329479768787,0.0021954913294797685,UNAVAILABLE_COMMISSION_SLIPPAGE_INCOMPLETE
SR-CLEAN-001,CONFIRMED_PLUS_30S,SHORT,180,865,0.00030422543352601173,-0.006925202312138728,-0.007817234104046241,0.21502890173410405,0.002739826589595376,UNAVAILABLE_COMMISSION_SLIPPAGE_INCOMPLETE
SR-CLEAN-001,CONFIRMED_PLUS_30S,SHORT,300,865,0.0009518554913294799,-0.006224231213872833,-0.007102927745664739,0.2658959537572254,0.005795919075144509,UNAVAILABLE_COMMISSION_SLIPPAGE_INCOMPLETE
SR-CLEAN-001,CONFIRMED_PLUS_30S,SHORT,600,865,0.001030138728323699,-0.006154716763005779,-0.00703560549132948,0.3260115606936416,0.009444751445086705,UNAVAILABLE_COMMISSION_SLIPPAGE_INCOMPLETE
SR-CLEAN-001,CONFIRMED_PLUS_30S,SHORT,900,865,0.0014115664739884392,-0.00575078612716763,-0.0066260491329479775,0.3398843930635838,0.012119988439306357,UNAVAILABLE_COMMISSION_SLIPPAGE_INCOMPLETE
SR-CLEAN-001,CONFIRMED_PLUS_60S,LONG,5,0,,,,,,UNAVAILABLE_COMMISSION_SLIPPAGE_INCOMPLETE
SR-CLEAN-001,CONFIRMED_PLUS_60S,LONG,10,0,,,,,,UNAVAILABLE_COMMISSION_SLIPPAGE_INCOMPLETE
SR-CLEAN-001,CONFIRMED_PLUS_60S,LONG,30,0,,,,,,UNAVAILABLE_COMMISSION_SLIPPAGE_INCOMPLETE
SR-CLEAN-001,CONFIRMED_PLUS_60S,LONG,60,0,,,,,,UNAVAILABLE_COMMISSION_SLIPPAGE_INCOMPLETE
SR-CLEAN-001,CONFIRMED_PLUS_60S,LONG,120,865,-0.0004085260115606936,-0.007545803468208092,-0.008441143063583815,0.10173410404624278,0.001095063583815029,UNAVAILABLE_COMMISSION_SLIPPAGE_INCOMPLETE
SR-CLEAN-001,CONFIRMED_PLUS_60S,LONG,180,865,-0.00031568786127167636,-0.007439734104046243,-0.008331765895953759,0.15838150289017341,0.002234277456647399,UNAVAILABLE_COMMISSION_SLIPPAGE_INCOMPLETE
SR-CLEAN-001,CONFIRMED_PLUS_60S,LONG,300,865,-0.0009633179190751449,-0.008034023121387283,-0.008912719653179193,0.21271676300578035,0.0042909017341040455,UNAVAILABLE_COMMISSION_SLIPPAGE_INCOMPLETE
SR-CLEAN-001,CONFIRMED_PLUS_60S,LONG,600,865,-0.001041601156069364,-0.00812107514450867,-0.00900196387283237,0.31445086705202313,0.008343630057803468,UNAVAILABLE_COMMISSION_SLIPPAGE_INCOMPLETE
SR-CLEAN-001,CONFIRMED_PLUS_60S,LONG,900,865,-0.001423028901734104,-0.00848,-0.009355263005780348,0.32947976878612717,0.010399965317919075,UNAVAILABLE_COMMISSION_SLIPPAGE_INCOMPLETE
SR-CLEAN-001,CONFIRMED_PLUS_60S,SHORT,5,0,,,,,,UNAVAILABLE_COMMISSION_SLIPPAGE_INCOMPLETE
SR-CLEAN-001,CONFIRMED_PLUS_60S,SHORT,10,0,,,,,,UNAVAILABLE_COMMISSION_SLIPPAGE_INCOMPLETE
SR-CLEAN-001,CONFIRMED_PLUS_60S,SHORT,30,0,,,,,,UNAVAILABLE_COMMISSION_SLIPPAGE_INCOMPLETE
SR-CLEAN-001,CONFIRMED_PLUS_60S,SHORT,60,0,,,,,,UNAVAILABLE_COMMISSION_SLIPPAGE_INCOMPLETE
SR-CLEAN-001,CONFIRMED_PLUS_60S,SHORT,120,865,0.0004085260115606936,-0.006728751445086706,-0.007624091040462429,0.12138728323699421,0.0012899306358381503,UNAVAILABLE_COMMISSION_SLIPPAGE_INCOMPLETE
SR-CLEAN-001,CONFIRMED_PLUS_60S,SHORT,180,865,0.00031568786127167636,-0.0068083583815028905,-0.0077003901734104055,0.18959537572254334,0.002110878612716763,UNAVAILABLE_COMMISSION_SLIPPAGE_INCOMPLETE
SR-CLEAN-001,CONFIRMED_PLUS_60S,SHORT,300,865,0.0009633179190751449,-0.006107387283236994,-0.006986083815028902,0.26705202312138726,0.00516728323699422,UNAVAILABLE_COMMISSION_SLIPPAGE_INCOMPLETE
SR-CLEAN-001,CONFIRMED_PLUS_60S,SHORT,600,865,0.001041601156069364,-0.006037872832369941,-0.006918761560693642,0.3040462427745665,0.00912121387283237,UNAVAILABLE_COMMISSION_SLIPPAGE_INCOMPLETE
SR-CLEAN-001,CONFIRMED_PLUS_60S,SHORT,900,865,0.001423028901734104,-0.005633942196531792,-0.006509205202312139,0.33179190751445087,0.011742820809248555,UNAVAILABLE_COMMISSION_SLIPPAGE_INCOMPLETE
SR-CLEAN-001,CAUSAL_STATE_TRANSITION,SHOCK_DIRECTION,5,681,0.0006396842878120411,-0.006525770925110132,-0.0074170704845814995,0.02643171806167401,9.582966226138035e-05,UNAVAILABLE_COMMISSION_SLIPPAGE_INCOMPLETE
SR-CLEAN-001,CAUSAL_STATE_TRANSITION,SHOCK_DIRECTION,10,813,0.0007063038130381303,-0.006316851168511686,-0.007193470172201722,0.05043050430504305,0.00020303813038130382,UNAVAILABLE_COMMISSION_SLIPPAGE_INCOMPLETE
SR-CLEAN-001,CAUSAL_STATE_TRANSITION,SHOCK_DIRECTION,30,860,0.0008137558139534885,-0.006593546511627906,-0.007511364825581395,0.09302325581395349,0.0009413255813953489,UNAVAILABLE_COMMISSION_SLIPPAGE_INCOMPLETE
SR-CLEAN-001,CAUSAL_STATE_TRANSITION,SHOCK_DIRECTION,60,865,0.0010702254335260115,-0.006232982658959537,-0.0071270361271676295,0.1283236994219653,0.0016875028901734107,UNAVAILABLE_COMMISSION_SLIPPAGE_INCOMPLETE
SR-CLEAN-001,CAUSAL_STATE_TRANSITION,SHOCK_DIRECTION,120,865,0.0012589190751445087,-0.0060494335260115615,-0.006944773121387283,0.18959537572254334,0.0029100809248554915,UNAVAILABLE_COMMISSION_SLIPPAGE_INCOMPLETE
SR-CLEAN-001,CAUSAL_STATE_TRANSITION,SHOCK_DIRECTION,180,865,0.0009210057803468207,-0.006374115606936416,-0.007266147398843931,0.23815028901734103,0.003804797687861272,UNAVAILABLE_COMMISSION_SLIPPAGE_INCOMPLETE
SR-CLEAN-001,CAUSAL_STATE_TRANSITION,SHOCK_DIRECTION,300,865,-0.00022201156069364186,-0.007463791907514451,-0.008342488439306357,0.27167630057803466,0.005822531791907515,UNAVAILABLE_COMMISSION_SLIPPAGE_INCOMPLETE
SR-CLEAN-001,CAUSAL_STATE_TRANSITION,SHOCK_DIRECTION,600,865,0.0004797167630057802,-0.006770832369942197,-0.0076517210982658965,0.33641618497109826,0.009425468208092487,UNAVAILABLE_COMMISSION_SLIPPAGE_INCOMPLETE
SR-CLEAN-001,CAUSAL_STATE_TRANSITION,SHOCK_DIRECTION,900,865,-0.00198628901734104,-0.009214335260115607,-0.010089598265895955,0.35722543352601155,0.010677213872832372,UNAVAILABLE_COMMISSION_SLIPPAGE_INCOMPLETE
SR-CLEAN-001,CONFIRMED,SHOCK_DIRECTION,5,739,0.0007755818673883626,-0.006205710419485792,-0.0070766170500676595,0.028416779431664412,0.00015499323410013535,UNAVAILABLE_COMMISSION_SLIPPAGE_INCOMPLETE
SR-CLEAN-001,CONFIRMED,SHOCK_DIRECTION,10,824,0.0009100546116504855,-0.006070716019417475,-0.006944858919902913,0.05339805825242718,0.00028986650485436893,UNAVAILABLE_COMMISSION_SLIPPAGE_INCOMPLETE
SR-CLEAN-001,CONFIRMED,SHOCK_DIRECTION,30,862,0.0009878016241299304,-0.006382552204176334,-0.007298306264501161,0.08932714617169374,0.001070522041763341,UNAVAILABLE_COMMISSION_SLIPPAGE_INCOMPLETE
SR-CLEAN-001,CONFIRMED,SHOCK_DIRECTION,60,865,0.0012456416184971097,-0.0060373526011560695,-0.006931406069364162,0.130635838150289,0.0017600578034682082,UNAVAILABLE_COMMISSION_SLIPPAGE_INCOMPLETE
SR-CLEAN-001,CONFIRMED,SHOCK_DIRECTION,120,865,0.001434335260115607,-0.005853803468208092,-0.006749143063583815,0.19537572254335261,0.002973271676300578,UNAVAILABLE_COMMISSION_SLIPPAGE_INCOMPLETE
SR-CLEAN-001,CONFIRMED,SHOCK_DIRECTION,180,865,0.0010964219653179191,-0.006178485549132948,-0.007070517341040463,0.24161849710982658,0.0038790635838150287,UNAVAILABLE_COMMISSION_SLIPPAGE_INCOMPLETE
SR-CLEAN-001,CONFIRMED,SHOCK_DIRECTION,300,865,-4.65953757225432e-05,-0.007268161849710981,-0.008146858381502888,0.27398843930635836,0.005867156069364162,UNAVAILABLE_COMMISSION_SLIPPAGE_INCOMPLETE
SR-CLEAN-001,CONFIRMED,SHOCK_DIRECTION,600,865,0.0006551329479768785,-0.0065752023121387285,-0.007456091040462427,0.3398843930635838,0.009481976878612717,UNAVAILABLE_COMMISSION_SLIPPAGE_INCOMPLETE
SR-CLEAN-001,CONFIRMED,SHOCK_DIRECTION,900,865,-0.0018108728323699423,-0.009018705202312141,-0.009893968208092487,0.3653179190751445,0.010751780346820809,UNAVAILABLE_COMMISSION_SLIPPAGE_INCOMPLETE
SR-CLEAN-001,CONFIRMED_PLUS_120S,SHOCK_DIRECTION,5,0,,,,,,UNAVAILABLE_COMMISSION_SLIPPAGE_INCOMPLETE
SR-CLEAN-001,CONFIRMED_PLUS_120S,SHOCK_DIRECTION,10,0,,,,,,UNAVAILABLE_COMMISSION_SLIPPAGE_INCOMPLETE
SR-CLEAN-001,CONFIRMED_PLUS_120S,SHOCK_DIRECTION,30,0,,,,,,UNAVAILABLE_COMMISSION_SLIPPAGE_INCOMPLETE
SR-CLEAN-001,CONFIRMED_PLUS_120S,SHOCK_DIRECTION,60,0,,,,,,UNAVAILABLE_COMMISSION_SLIPPAGE_INCOMPLETE
SR-CLEAN-001,CONFIRMED_PLUS_120S,SHOCK_DIRECTION,120,0,,,,,,UNAVAILABLE_COMMISSION_SLIPPAGE_INCOMPLETE
SR-CLEAN-001,CONFIRMED_PLUS_120S,SHOCK_DIRECTION,180,865,-0.00025579768786127173,-0.007408046242774566,-0.00830007803468208,0.10982658959537572,0.0011592485549132949,UNAVAILABLE_COMMISSION_SLIPPAGE_INCOMPLETE
SR-CLEAN-001,CONFIRMED_PLUS_120S,SHOCK_DIRECTION,300,865,-0.0013988150289017342,-0.008497722543352602,-0.009376419075144507,0.18728323699421964,0.003530115606936417,UNAVAILABLE_COMMISSION_SLIPPAGE_INCOMPLETE
SR-CLEAN-001,CONFIRMED_PLUS_120S,SHOCK_DIRECTION,600,865,-0.0006970867052023117,-0.007804763005780347,-0.008685651734104047,0.30057803468208094,0.007548809248554915,UNAVAILABLE_COMMISSION_SLIPPAGE_INCOMPLETE
SR-CLEAN-001,CONFIRMED_PLUS_120S,SHOCK_DIRECTION,900,865,-0.0031630924855491336,-0.010248265895953757,-0.011123528901734103,0.3202312138728324,0.009103826589595377,UNAVAILABLE_COMMISSION_SLIPPAGE_INCOMPLETE
SR-CLEAN-001,CONFIRMED_PLUS_30S,SHOCK_DIRECTION,5,0,,,,,,UNAVAILABLE_COMMISSION_SLIPPAGE_INCOMPLETE
SR-CLEAN-001,CONFIRMED_PLUS_30S,SHOCK_DIRECTION,10,0,,,,,,UNAVAILABLE_COMMISSION_SLIPPAGE_INCOMPLETE
SR-CLEAN-001,CONFIRMED_PLUS_30S,SHOCK_DIRECTION,30,0,,,,,,UNAVAILABLE_COMMISSION_SLIPPAGE_INCOMPLETE
SR-CLEAN-001,CONFIRMED_PLUS_30S,SHOCK_DIRECTION,60,858,0.00021665501165501165,-0.007052587412587413,-0.007950591491841491,0.0675990675990676,0.0007467016317016317,UNAVAILABLE_COMMISSION_SLIPPAGE_INCOMPLETE
SR-CLEAN-001,CONFIRMED_PLUS_30S,SHOCK_DIRECTION,120,865,0.00039952601156069374,-0.006843132947976878,-0.007738472543352601,0.14335260115606938,0.002187606936416185,UNAVAILABLE_COMMISSION_SLIPPAGE_INCOMPLETE
SR-CLEAN-001,CONFIRMED_PLUS_30S,SHOCK_DIRECTION,180,865,6.161271676300572e-05,-0.007167815028901734,-0.00805984682080925,0.18959537572254334,0.002816312138728324,UNAVAILABLE_COMMISSION_SLIPPAGE_INCOMPLETE
SR-CLEAN-001,CONFIRMED_PLUS_30S,SHOCK_DIRECTION,300,865,-0.0010814046242774566,-0.008257491329479769,-0.009136187861271676,0.24046242774566473,0.004996393063583815,UNAVAILABLE_COMMISSION_SLIPPAGE_INCOMPLETE
SR-CLEAN-001,CONFIRMED_PLUS_30S,SHOCK_DIRECTION,600,865,-0.0003796763005780346,-0.007564531791907515,-0.008445420520231214,0.31676300578034683,0.008808543352601157,UNAVAILABLE_COMMISSION_SLIPPAGE_INCOMPLETE
SR-CLEAN-001,CONFIRMED_PLUS_30S,SHOCK_DIRECTION,900,865,-0.0028456820809248553,-0.010008034682080924,-0.010883297687861272,0.33641618497109826,0.010128265895953758,UNAVAILABLE_COMMISSION_SLIPPAGE_INCOMPLETE
SR-CLEAN-001,CONFIRMED_PLUS_60S,SHOCK_DIRECTION,5,0,,,,,,UNAVAILABLE_COMMISSION_SLIPPAGE_INCOMPLETE
SR-CLEAN-001,CONFIRMED_PLUS_60S,SHOCK_DIRECTION,10,0,,,,,,UNAVAILABLE_COMMISSION_SLIPPAGE_INCOMPLETE
SR-CLEAN-001,CONFIRMED_PLUS_60S,SHOCK_DIRECTION,30,0,,,,,,UNAVAILABLE_COMMISSION_SLIPPAGE_INCOMPLETE
SR-CLEAN-001,CONFIRMED_PLUS_60S,SHOCK_DIRECTION,60,0,,,,,,UNAVAILABLE_COMMISSION_SLIPPAGE_INCOMPLETE
SR-CLEAN-001,CONFIRMED_PLUS_60S,SHOCK_DIRECTION,120,865,0.0002274508670520232,-0.006909826589595376,-0.007805166184971098,0.11445086705202312,0.0012872023121387286,UNAVAILABLE_COMMISSION_SLIPPAGE_INCOMPLETE
SR-CLEAN-001,CONFIRMED_PLUS_60S,SHOCK_DIRECTION,180,865,-0.00011046242774566471,-0.007234508670520232,-0.008126540462427747,0.17803468208092485,0.0021371098265895953,UNAVAILABLE_COMMISSION_SLIPPAGE_INCOMPLETE
SR-CLEAN-001,CONFIRMED_PLUS_60S,SHOCK_DIRECTION,300,865,-0.0012534797687861273,-0.008324184971098264,-0.009202881502890175,0.22658959537572254,0.004374578034682081,UNAVAILABLE_COMMISSION_SLIPPAGE_INCOMPLETE
SR-CLEAN-001,CONFIRMED_PLUS_60S,SHOCK_DIRECTION,600,865,-0.0005517514450867048,-0.007631225433526012,-0.00851211416184971,0.315606936416185,0.008389086705202312,UNAVAILABLE_COMMISSION_SLIPPAGE_INCOMPLETE
SR-CLEAN-001,CONFIRMED_PLUS_60S,SHOCK_DIRECTION,900,865,-0.003017757225433526,-0.010074728323699421,-0.01094999132947977,0.3329479768786127,0.009585618497109828,UNAVAILABLE_COMMISSION_SLIPPAGE_INCOMPLETE
SR-REV-001,CAUSAL_STATE_TRANSITION,LONG,5,509,0.0001247937131630648,-0.0071373280943025546,-0.0080425221021611,0.021611001964636542,0.0003103339882121808,UNAVAILABLE_COMMISSION_SLIPPAGE_INCOMPLETE
SR-REV-001,CAUSAL_STATE_TRANSITION,LONG,10,564,-0.00019364361702127656,-0.0074112943262411345,-0.008307112145390072,0.030141843971631204,0.0004598758865248227,UNAVAILABLE_COMMISSION_SLIPPAGE_INCOMPLETE
SR-REV-001,CAUSAL_STATE_TRANSITION,LONG,30,591,5.594754653130292e-05,-0.0071696615905245354,-0.0080561230964467,0.07106598984771574,0.0011787140439932318,UNAVAILABLE_COMMISSION_SLIPPAGE_INCOMPLETE
SR-REV-001,CAUSAL_STATE_TRANSITION,LONG,60,594,4.181818181818187e-05,-0.007183619528619529,-0.008069499158249158,0.12457912457912458,0.0018572895622895622,UNAVAILABLE_COMMISSION_SLIPPAGE_INCOMPLETE
SR-REV-001,CAUSAL_STATE_TRANSITION,LONG,120,594,-0.0004105471380471382,-0.007643619528619528,-0.008531407828282829,0.16835016835016836,0.0031575925925925925,UNAVAILABLE_COMMISSION_SLIPPAGE_INCOMPLETE
SR-REV-001,CAUSAL_STATE_TRANSITION,LONG,180,594,-0.0004701010101010102,-0.007660555555555554,-0.008537689393939394,0.20202020202020202,0.004252087542087542,UNAVAILABLE_COMMISSION_SLIPPAGE_INCOMPLETE
SR-REV-001,CAUSAL_STATE_TRANSITION,LONG,300,594,0.0004226262626262618,-0.006783164983164982,-0.007664132996632997,0.24579124579124578,0.006910252525252525,UNAVAILABLE_COMMISSION_SLIPPAGE_INCOMPLETE
SR-REV-001,CAUSAL_STATE_TRANSITION,LONG,600,594,-0.00036721380471380495,-0.007516599326599326,-0.008383465909090908,0.29292929292929293,0.010449208754208754,UNAVAILABLE_COMMISSION_SLIPPAGE_INCOMPLETE
SR-REV-001,CAUSAL_STATE_TRANSITION,LONG,900,594,-0.0012716329966329962,-0.008401127946127946,-0.009263021885521886,0.31986531986531985,0.012109377104377103,UNAVAILABLE_COMMISSION_SLIPPAGE_INCOMPLETE
SR-REV-001,CAUSAL_STATE_TRANSITION,SHORT,5,533,-0.0008086022514071296,-0.007265159474671669,-0.00806328799249531,0.01876172607879925,5.9549718574108814e-05,UNAVAILABLE_COMMISSION_SLIPPAGE_INCOMPLETE
SR-REV-001,CAUSAL_STATE_TRANSITION,SHORT,10,593,-0.001215581787521079,-0.007957521079258009,-0.008794036677908937,0.026981450252951095,0.00011571669477234399,UNAVAILABLE_COMMISSION_SLIPPAGE_INCOMPLETE
SR-REV-001,CAUSAL_STATE_TRANSITION,SHORT,30,612,-0.0007951960784313726,-0.007470800653594772,-0.008293619281045751,0.08006535947712418,0.0005442320261437909,UNAVAILABLE_COMMISSION_SLIPPAGE_INCOMPLETE
SR-REV-001,CAUSAL_STATE_TRANSITION,SHORT,60,613,-0.0012034257748776505,-0.00790500815660685,-0.00873564233278956,0.10440456769983687,0.0011386296900489396,UNAVAILABLE_COMMISSION_SLIPPAGE_INCOMPLETE
SR-REV-001,CAUSAL_STATE_TRANSITION,SHORT,120,613,-0.0007984665579119086,-0.007489037520391518,-0.008316918841761826,0.17455138662316477,0.001727259380097879,UNAVAILABLE_COMMISSION_SLIPPAGE_INCOMPLETE
SR-REV-001,CAUSAL_STATE_TRANSITION,SHORT,180,613,-0.0005362887438825446,-0.0072167210440456766,-0.008042067699836867,0.22838499184339314,0.0034671778140293636,UNAVAILABLE_COMMISSION_SLIPPAGE_INCOMPLETE
SR-REV-001,CAUSAL_STATE_TRANSITION,SHORT,300,613,-0.0005093311582381727,-0.0071504893964110935,-0.007966017536704732,0.2463295269168026,0.004977243066884177,UNAVAILABLE_COMMISSION_SLIPPAGE_INCOMPLETE
SR-REV-001,CAUSAL_STATE_TRANSITION,SHORT,600,613,0.0005269657422512237,-0.006153230016313214,-0.006978517536704731,0.32463295269168024,0.008240505709624795,UNAVAILABLE_COMMISSION_SLIPPAGE_INCOMPLETE
SR-REV-001,CAUSAL_STATE_TRANSITION,SHORT,900,613,0.0009621778140293636,-0.005754045676998369,-0.00658834013050571,0.34094616639477976,0.009819804241435562,UNAVAILABLE_COMMISSION_SLIPPAGE_INCOMPLETE
SR-REV-001,CONFIRMED,LONG,5,1089,0.0003373186409550047,-0.006400899908172636,-0.007241166207529843,0.024793388429752067,0.0002217447199265381,UNAVAILABLE_COMMISSION_SLIPPAGE_INCOMPLETE
SR-REV-001,CONFIRMED,LONG,10,1172,0.00040723122866894205,-0.006487986348122868,-0.007346764078498294,0.03583617747440273,0.0004018600682593857,UNAVAILABLE_COMMISSION_SLIPPAGE_INCOMPLETE
SR-REV-001,CONFIRMED,LONG,30,1203,0.00032068994181213634,-0.00660139650872818,-0.007455481088944305,0.08811305070656691,0.0010627348295926848,UNAVAILABLE_COMMISSION_SLIPPAGE_INCOMPLETE
SR-REV-001,CONFIRMED,LONG,60,1207,0.0005207995028997514,-0.006414946147473074,-0.007272768227009114,0.14664457332228667,0.0017934382767191386,UNAVAILABLE_COMMISSION_SLIPPAGE_INCOMPLETE
SR-REV-001,CONFIRMED,LONG,120,1207,9.251035625517812e-05,-0.006841400165700082,-0.007698763463131731,0.18972659486329743,0.0028546147473073736,UNAVAILABLE_COMMISSION_SLIPPAGE_INCOMPLETE
SR-REV-001,CONFIRMED,LONG,180,1207,-6.995028997514499e-05,-0.006977738193869096,-0.007828570836785419,0.231980115990058,0.004000994200497101,UNAVAILABLE_COMMISSION_SLIPPAGE_INCOMPLETE
SR-REV-001,CONFIRMED,LONG,300,1207,0.0003556959403479701,-0.006539693454846727,-0.007387426470588235,0.2659486329743165,0.006024739022369511,UNAVAILABLE_COMMISSION_SLIPPAGE_INCOMPLETE
SR-REV-001,CONFIRMED,LONG,600,1207,-0.0005593123446561723,-0.007446768848384425,-0.00829251864125932,0.323943661971831,0.009266992543496272,UNAVAILABLE_COMMISSION_SLIPPAGE_INCOMPLETE
SR-REV-001,CONFIRMED,LONG,900,1207,-0.0012254349627174813,-0.008121400165700081,-0.008969277133388565,0.34134217067108535,0.010542444076222039,UNAVAILABLE_COMMISSION_SLIPPAGE_INCOMPLETE
SR-REV-001,CONFIRMED,SHORT,5,1089,-0.0003373186409550047,-0.007075537190082646,-0.007915803489439852,0.02203856749311295,0.00012267217630853995,UNAVAILABLE_COMMISSION_SLIPPAGE_INCOMPLETE
SR-REV-001,CONFIRMED,SHORT,10,1172,-0.00040723122866894205,-0.007302448805460751,-0.008161226535836178,0.04692832764505119,0.00022321672354948805,UNAVAILABLE_COMMISSION_SLIPPAGE_INCOMPLETE
SR-REV-001,CONFIRMED,SHORT,30,1203,-0.00032068994181213634,-0.007242776392352453,-0.00809686097256858,0.09060681629260182,0.0007576807980049874,UNAVAILABLE_COMMISSION_SLIPPAGE_INCOMPLETE
SR-REV-001,CONFIRMED,SHORT,60,1207,-0.0005207995028997514,-0.007456545153272578,-0.008314367232808617,0.1251035625517813,0.0015549710024855014,UNAVAILABLE_COMMISSION_SLIPPAGE_INCOMPLETE
SR-REV-001,CONFIRMED,SHORT,120,1207,-9.251035625517812e-05,-0.0070264208782104395,-0.007883784175642089,0.18475559237779618,0.00261036454018227,UNAVAILABLE_COMMISSION_SLIPPAGE_INCOMPLETE
SR-REV-001,CONFIRMED,SHORT,180,1207,6.995028997514499e-05,-0.0068378376139188075,-0.007688670256835129,0.23446561723280862,0.004189320629660315,UNAVAILABLE_COMMISSION_SLIPPAGE_INCOMPLETE
SR-REV-001,CONFIRMED,SHORT,300,1207,-0.0003556959403479701,-0.007251085335542668,-0.008098818351284176,0.27174813587406793,0.005774333057166529,UNAVAILABLE_COMMISSION_SLIPPAGE_INCOMPLETE
SR-REV-001,CONFIRMED,SHORT,600,1207,0.0005593123446561723,-0.00632814415907208,-0.007173893951946976,0.33057166528583265,0.009699478044739024,UNAVAILABLE_COMMISSION_SLIPPAGE_INCOMPLETE
SR-REV-001,CONFIRMED,SHORT,900,1207,0.0012254349627174813,-0.0056705302402651194,-0.006518407207953605,0.352112676056338,0.011849237779618892,UNAVAILABLE_COMMISSION_SLIPPAGE_INCOMPLETE
SR-REV-001,CONFIRMED_PLUS_120S,LONG,5,0,,,,,,UNAVAILABLE_COMMISSION_SLIPPAGE_INCOMPLETE
SR-REV-001,CONFIRMED_PLUS_120S,LONG,10,0,,,,,,UNAVAILABLE_COMMISSION_SLIPPAGE_INCOMPLETE
SR-REV-001,CONFIRMED_PLUS_120S,LONG,30,0,,,,,,UNAVAILABLE_COMMISSION_SLIPPAGE_INCOMPLETE
SR-REV-001,CONFIRMED_PLUS_120S,LONG,60,0,,,,,,UNAVAILABLE_COMMISSION_SLIPPAGE_INCOMPLETE
SR-REV-001,CONFIRMED_PLUS_120S,LONG,120,0,,,,,,UNAVAILABLE_COMMISSION_SLIPPAGE_INCOMPLETE
SR-REV-001,CONFIRMED_PLUS_120S,LONG,180,1205,-0.0002504730290456434,-0.0070757925311203335,-0.007927952282157676,0.11950207468879669,0.0011703983402489627,UNAVAILABLE_COMMISSION_SLIPPAGE_INCOMPLETE
SR-REV-001,CONFIRMED_PLUS_120S,LONG,300,1207,0.00017558823529411754,-0.006626702568351285,-0.007474435584092791,0.20298260149130073,0.003810289975144988,UNAVAILABLE_COMMISSION_SLIPPAGE_INCOMPLETE
SR-REV-001,CONFIRMED_PLUS_120S,LONG,600,1207,-0.000739420049710024,-0.007533777961888981,-0.008379527754763878,0.2891466445733223,0.007632112676056339,UNAVAILABLE_COMMISSION_SLIPPAGE_INCOMPLETE
SR-REV-001,CONFIRMED_PLUS_120S,LONG,900,1207,-0.0014055426677713344,-0.008208409279204638,-0.009056286246893124,0.328086164043082,0.009679544324772162,UNAVAILABLE_COMMISSION_SLIPPAGE_INCOMPLETE
SR-REV-001,CONFIRMED_PLUS_120S,SHORT,5,0,,,,,,UNAVAILABLE_COMMISSION_SLIPPAGE_INCOMPLETE
SR-REV-001,CONFIRMED_PLUS_120S,SHORT,10,0,,,,,,UNAVAILABLE_COMMISSION_SLIPPAGE_INCOMPLETE
SR-REV-001,CONFIRMED_PLUS_120S,SHORT,30,0,,,,,,UNAVAILABLE_COMMISSION_SLIPPAGE_INCOMPLETE
SR-REV-001,CONFIRMED_PLUS_120S,SHORT,60,0,,,,,,UNAVAILABLE_COMMISSION_SLIPPAGE_INCOMPLETE
SR-REV-001,CONFIRMED_PLUS_120S,SHORT,120,0,,,,,,UNAVAILABLE_COMMISSION_SLIPPAGE_INCOMPLETE
SR-REV-001,CONFIRMED_PLUS_120S,SHORT,180,1205,0.0002504730290456434,-0.006574846473029046,-0.0074270062240663895,0.12697095435684647,0.001595726141078838,UNAVAILABLE_COMMISSION_SLIPPAGE_INCOMPLETE
SR-REV-001,CONFIRMED_PLUS_120S,SHORT,300,1207,-0.00017558823529411754,-0.006977879038939519,-0.007825612054681028,0.2203811101905551,0.0036957829328914667,UNAVAILABLE_COMMISSION_SLIPPAGE_INCOMPLETE
SR-REV-001,CONFIRMED_PLUS_120S,SHORT,600,1207,0.000739420049710024,-0.006054937862468932,-0.006900687655343827,0.30488815244407624,0.00845321458160729,UNAVAILABLE_COMMISSION_SLIPPAGE_INCOMPLETE
SR-REV-001,CONFIRMED_PLUS_120S,SHORT,900,1207,0.0014055426677713344,-0.005397323943661972,-0.006245200911350455,0.34217067108533555,0.010798649544324771,UNAVAILABLE_COMMISSION_SLIPPAGE_INCOMPLETE
SR-REV-001,CONFIRMED_PLUS_30S,LONG,5,0,,,,,,UNAVAILABLE_COMMISSION_SLIPPAGE_INCOMPLETE
SR-REV-001,CONFIRMED_PLUS_30S,LONG,10,0,,,,,,UNAVAILABLE_COMMISSION_SLIPPAGE_INCOMPLETE
SR-REV-001,CONFIRMED_PLUS_30S,LONG,30,0,,,,,,UNAVAILABLE_COMMISSION_SLIPPAGE_INCOMPLETE
SR-REV-001,CONFIRMED_PLUS_30S,LONG,60,1202,0.00014712978369384365,-0.006712054908485857,-0.007571154326123129,0.07737104825291181,0.0008165723793677204,UNAVAILABLE_COMMISSION_SLIPPAGE_INCOMPLETE
SR-REV-001,CONFIRMED_PLUS_30S,LONG,120,1207,-0.0002824772162386082,-0.0071288400994200495,-0.007986203396851698,0.15575807787903895,0.0020945981772990886,UNAVAILABLE_COMMISSION_SLIPPAGE_INCOMPLETE
SR-REV-001,CONFIRMED_PLUS_30S,LONG,180,1207,-0.00044493786246893157,-0.007265178127589063,-0.008116010770505385,0.20049710024855014,0.0034438525269262633,UNAVAILABLE_COMMISSION_SLIPPAGE_INCOMPLETE
SR-REV-001,CONFIRMED_PLUS_30S,LONG,300,1207,-1.9291632145816072e-05,-0.0068271333885666936,-0.007674866404308201,0.2435791217895609,0.005344415907207954,UNAVAILABLE_COMMISSION_SLIPPAGE_INCOMPLETE
SR-REV-001,CONFIRMED_PLUS_30S,LONG,600,1207,-0.0009342999171499583,-0.007734208782104392,-0.008579958574979289,0.30654515327257664,0.008765501242750622,UNAVAILABLE_COMMISSION_SLIPPAGE_INCOMPLETE
SR-REV-001,CONFIRMED_PLUS_30S,LONG,900,1207,-0.001600422535211267,-0.008408840099420051,-0.009256717067108533,0.34051367025683515,0.010321781275890637,UNAVAILABLE_COMMISSION_SLIPPAGE_INCOMPLETE
SR-REV-001,CONFIRMED_PLUS_30S,SHORT,5,0,,,,,,UNAVAILABLE_COMMISSION_SLIPPAGE_INCOMPLETE
SR-REV-001,CONFIRMED_PLUS_30S,SHORT,10,0,,,,,,UNAVAILABLE_COMMISSION_SLIPPAGE_INCOMPLETE
SR-REV-001,CONFIRMED_PLUS_30S,SHORT,30,0,,,,,,UNAVAILABLE_COMMISSION_SLIPPAGE_INCOMPLETE
SR-REV-001,CONFIRMED_PLUS_30S,SHORT,60,1202,-0.00014712978369384365,-0.007006314475873544,-0.007865413893510816,0.06738768718801996,0.0007429534109816972,UNAVAILABLE_COMMISSION_SLIPPAGE_INCOMPLETE
SR-REV-001,CONFIRMED_PLUS_30S,SHORT,120,1207,0.0002824772162386082,-0.006563885666942834,-0.007421248964374483,0.1615575807787904,0.0021162800331400167,UNAVAILABLE_COMMISSION_SLIPPAGE_INCOMPLETE
SR-REV-001,CONFIRMED_PLUS_30S,SHORT,180,1207,0.00044493786246893157,-0.006375302402651202,-0.007226135045567523,0.2104391052195526,0.0037801077050538525,UNAVAILABLE_COMMISSION_SLIPPAGE_INCOMPLETE
SR-REV-001,CONFIRMED_PLUS_30S,SHORT,300,1207,1.9291632145816072e-05,-0.006788550124275062,-0.00763628314001657,0.2667771333885667,0.00545159072079536,UNAVAILABLE_COMMISSION_SLIPPAGE_INCOMPLETE
SR-REV-001,CONFIRMED_PLUS_30S,SHORT,600,1207,0.0009342999171499583,-0.005865608947804473,-0.00671135874067937,0.3347141673570837,0.009621010770505386,UNAVAILABLE_COMMISSION_SLIPPAGE_INCOMPLETE
SR-REV-001,CONFIRMED_PLUS_30S,SHORT,900,1207,0.001600422535211267,-0.0052079950289975144,-0.0060558719966859985,0.34548467274233635,0.011974125932062967,UNAVAILABLE_COMMISSION_SLIPPAGE_INCOMPLETE
SR-REV-001,CONFIRMED_PLUS_60S,LONG,5,0,,,,,,UNAVAILABLE_COMMISSION_SLIPPAGE_INCOMPLETE
SR-REV-001,CONFIRMED_PLUS_60S,LONG,10,0,,,,,,UNAVAILABLE_COMMISSION_SLIPPAGE_INCOMPLETE
SR-REV-001,CONFIRMED_PLUS_60S,LONG,30,0,,,,,,UNAVAILABLE_COMMISSION_SLIPPAGE_INCOMPLETE
SR-REV-001,CONFIRMED_PLUS_60S,LONG,60,0,,,,,,UNAVAILABLE_COMMISSION_SLIPPAGE_INCOMPLETE
SR-REV-001,CONFIRMED_PLUS_60S,LONG,120,1207,-0.00039852941176470594,-0.0072800331400165695,-0.008137396437448218,0.12096106048053024,0.001246006628003314,UNAVAILABLE_COMMISSION_SLIPPAGE_INCOMPLETE
SR-REV-001,CONFIRMED_PLUS_60S,LONG,180,1207,-0.000560990057995029,-0.007416371168185585,-0.008267203811101905,0.1748135874067937,0.002533106876553438,UNAVAILABLE_COMMISSION_SLIPPAGE_INCOMPLETE
SR-REV-001,CONFIRMED_PLUS_60S,LONG,300,1207,-0.0001353438276719139,-0.006978326429163215,-0.007826059444904724,0.24026512013256007,0.004628757249378625,UNAVAILABLE_COMMISSION_SLIPPAGE_INCOMPLETE
SR-REV-001,CONFIRMED_PLUS_60S,LONG,600,1207,-0.0010503521126760563,-0.00788540182270091,-0.008731151615575807,0.3015741507870754,0.008202717481358741,UNAVAILABLE_COMMISSION_SLIPPAGE_INCOMPLETE
SR-REV-001,CONFIRMED_PLUS_60S,LONG,900,1207,-0.0017164747307373644,-0.008560033140016571,-0.009407910107705055,0.3231151615575808,0.009898525269262635,UNAVAILABLE_COMMISSION_SLIPPAGE_INCOMPLETE
SR-REV-001,CONFIRMED_PLUS_60S,SHORT,5,0,,,,,,UNAVAILABLE_COMMISSION_SLIPPAGE_INCOMPLETE
SR-REV-001,CONFIRMED_PLUS_60S,SHORT,10,0,,,,,,UNAVAILABLE_COMMISSION_SLIPPAGE_INCOMPLETE
SR-REV-001,CONFIRMED_PLUS_60S,SHORT,30,0,,,,,,UNAVAILABLE_COMMISSION_SLIPPAGE_INCOMPLETE
SR-REV-001,CONFIRMED_PLUS_60S,SHORT,60,0,,,,,,UNAVAILABLE_COMMISSION_SLIPPAGE_INCOMPLETE
SR-REV-001,CONFIRMED_PLUS_60S,SHORT,120,1207,0.00039852941176470594,-0.006482974316487158,-0.007340337613918806,0.12013256006628004,0.0015165617232808619,UNAVAILABLE_COMMISSION_SLIPPAGE_INCOMPLETE
SR-REV-001,CONFIRMED_PLUS_60S,SHORT,180,1207,0.000560990057995029,-0.006294391052195526,-0.007145223695111847,0.19635459817729908,0.003175584092792046,UNAVAILABLE_COMMISSION_SLIPPAGE_INCOMPLETE
SR-REV-001,CONFIRMED_PLUS_60S,SHORT,300,1207,0.0001353438276719139,-0.006707638773819388,-0.007555371789560894,0.2502071251035626,0.004955211267605634,UNAVAILABLE_COMMISSION_SLIPPAGE_INCOMPLETE
SR-REV-001,CONFIRMED_PLUS_60S,SHORT,600,1207,0.0010503521126760563,-0.005784697597348799,-0.006630447390223696,0.3355426677713339,0.00926386909693455,UNAVAILABLE_COMMISSION_SLIPPAGE_INCOMPLETE
SR-REV-001,CONFIRMED_PLUS_60S,SHORT,900,1207,0.0017164747307373644,-0.005127083678541839,-0.005974960646230323,0.34382767191383595,0.011599743164871583,UNAVAILABLE_COMMISSION_SLIPPAGE_INCOMPLETE
SR-REV-001,CAUSAL_STATE_TRANSITION,SHOCK_DIRECTION,5,1042,-0.0003526535508637236,-0.0072027159309021125,-0.008053144193857966,0.02015355086372361,0.00018205374280230325,UNAVAILABLE_COMMISSION_SLIPPAGE_INCOMPLETE
SR-REV-001,CAUSAL_STATE_TRANSITION,SHOCK_DIRECTION,10,1157,-0.0007174200518582541,-0.007691253241140882,-0.008556676750216078,0.028522039757994815,0.0002834831460674157,UNAVAILABLE_COMMISSION_SLIPPAGE_INCOMPLETE
SR-REV-001,CAUSAL_STATE_TRANSITION,SHOCK_DIRECTION,30,1203,-0.0003770532003325021,-0.007322859517871987,-0.008176944098088113,0.07564422277639235,0.0008559351620947631,UNAVAILABLE_COMMISSION_SLIPPAGE_INCOMPLETE
SR-REV-001,CAUSAL_STATE_TRANSITION,SHOCK_DIRECTION,60,1207,-0.0005906048053024027,-0.0075499917149958575,-0.008407813794531895,0.11433305716652858,0.0014923032311516156,UNAVAILABLE_COMMISSION_SLIPPAGE_INCOMPLETE
SR-REV-001,CAUSAL_STATE_TRANSITION,SHOCK_DIRECTION,120,1207,-0.0006075600662800329,-0.007565111847555924,-0.008422475144987573,0.17149958574979288,0.002431168185584093,UNAVAILABLE_COMMISSION_SLIPPAGE_INCOMPLETE
SR-REV-001,CAUSAL_STATE_TRANSITION,SHOCK_DIRECTION,180,1207,-0.0005037158243579122,-0.007435144987572493,-0.008285977630488816,0.21541010770505387,0.003853454846727423,UNAVAILABLE_COMMISSION_SLIPPAGE_INCOMPLETE
SR-REV-001,CAUSAL_STATE_TRANSITION,SHOCK_DIRECTION,300,1207,-5.068765534382759e-05,-0.006969718309859155,-0.007817451325600662,0.24606462303231152,0.005928533554266777,UNAVAILABLE_COMMISSION_SLIPPAGE_INCOMPLETE
SR-REV-001,CAUSAL_STATE_TRANSITION,SHOCK_DIRECTION,600,1207,8.6913835956918e-05,-0.006824183927091964,-0.00766993371996686,0.30903065451532724,0.009327473073736537,UNAVAILABLE_COMMISSION_SLIPPAGE_INCOMPLETE
SR-REV-001,CAUSAL_STATE_TRANSITION,SHOCK_DIRECTION,900,1207,-0.0001371458160729082,-0.007056752278376139,-0.007904629246064623,0.33057166528583265,0.010946570008285004,UNAVAILABLE_COMMISSION_SLIPPAGE_INCOMPLETE
SR-REV-001,CONFIRMED,SHOCK_DIRECTION,5,1089,-0.0006122130394857668,-0.007350431588613406,-0.008190697887970616,0.018365472910927456,0.00021818181818181818,UNAVAILABLE_COMMISSION_SLIPPAGE_INCOMPLETE
SR-REV-001,CONFIRMED,SHOCK_DIRECTION,10,1172,-0.000951736348122867,-0.007846953924914675,-0.008705731655290103,0.025597269624573378,0.00027783276450511947,UNAVAILABLE_COMMISSION_SLIPPAGE_INCOMPLETE
SR-REV-001,CONFIRMED,SHOCK_DIRECTION,30,1203,-0.0006138653366583541,-0.007535951787198671,-0.008390036367414797,0.0739817123857024,0.0008496176226101415,UNAVAILABLE_COMMISSION_SLIPPAGE_INCOMPLETE
SR-REV-001,CONFIRMED,SHOCK_DIRECTION,60,1207,-0.0008266321458160729,-0.007762377796188898,-0.008620199875724937,0.11184755592377796,0.0014469262634631318,UNAVAILABLE_COMMISSION_SLIPPAGE_INCOMPLETE
SR-REV-001,CONFIRMED,SHOCK_DIRECTION,120,1207,-0.0008435874067937037,-0.007777497928748964,-0.008634861226180613,0.16735708367854185,0.0023475890637945315,UNAVAILABLE_COMMISSION_SLIPPAGE_INCOMPLETE
SR-REV-001,CONFIRMED,SHOCK_DIRECTION,180,1207,-0.0007397431648715827,-0.007647531068765535,-0.008498363711681856,0.20961060480530241,0.0037892792046396026,UNAVAILABLE_COMMISSION_SLIPPAGE_INCOMPLETE
SR-REV-001,CONFIRMED,SHOCK_DIRECTION,300,1207,-0.00028671499585749795,-0.007182104391052197,-0.008029837406793703,0.2444076222038111,0.0058996685998343,UNAVAILABLE_COMMISSION_SLIPPAGE_INCOMPLETE
SR-REV-001,CONFIRMED,SHOCK_DIRECTION,600,1207,-0.00014911350455675232,-0.007036570008285004,-0.007882319801159901,0.30654515327257664,0.00923192212096106,UNAVAILABLE_COMMISSION_SLIPPAGE_INCOMPLETE
SR-REV-001,CONFIRMED,SHOCK_DIRECTION,900,1207,-0.00037317315658657853,-0.00726913835956918,-0.008117015327257665,0.33057166528583265,0.010869196354598177,UNAVAILABLE_COMMISSION_SLIPPAGE_INCOMPLETE
SR-REV-001,CONFIRMED_PLUS_120S,SHOCK_DIRECTION,5,0,,,,,,UNAVAILABLE_COMMISSION_SLIPPAGE_INCOMPLETE
SR-REV-001,CONFIRMED_PLUS_120S,SHOCK_DIRECTION,10,0,,,,,,UNAVAILABLE_COMMISSION_SLIPPAGE_INCOMPLETE
SR-REV-001,CONFIRMED_PLUS_120S,SHOCK_DIRECTION,30,0,,,,,,UNAVAILABLE_COMMISSION_SLIPPAGE_INCOMPLETE
SR-REV-001,CONFIRMED_PLUS_120S,SHOCK_DIRECTION,60,0,,,,,,UNAVAILABLE_COMMISSION_SLIPPAGE_INCOMPLETE
SR-REV-001,CONFIRMED_PLUS_120S,SHOCK_DIRECTION,120,0,,,,,,UNAVAILABLE_COMMISSION_SLIPPAGE_INCOMPLETE
SR-REV-001,CONFIRMED_PLUS_120S,SHOCK_DIRECTION,180,1205,0.00020691286307053953,-0.00661840663900415,-0.007470566390041494,0.11452282157676348,0.0015112365145228215,UNAVAILABLE_COMMISSION_SLIPPAGE_INCOMPLETE
SR-REV-001,CONFIRMED_PLUS_120S,SHOCK_DIRECTION,300,1207,0.0006595981772990888,-0.006142692626346313,-0.006990425642087821,0.20381110190555096,0.003966727423363712,UNAVAILABLE_COMMISSION_SLIPPAGE_INCOMPLETE
SR-REV-001,CONFIRMED_PLUS_120S,SHOCK_DIRECTION,600,1207,0.0007971996685998345,-0.005997158243579121,-0.006842908036454018,0.2891466445733223,0.008240447390223695,UNAVAILABLE_COMMISSION_SLIPPAGE_INCOMPLETE
SR-REV-001,CONFIRMED_PLUS_120S,SHOCK_DIRECTION,900,1207,0.0005731400165700087,-0.006229726594863298,-0.007077603562551781,0.3272576636288318,0.010454225352112675,UNAVAILABLE_COMMISSION_SLIPPAGE_INCOMPLETE
SR-REV-001,CONFIRMED_PLUS_30S,SHOCK_DIRECTION,5,0,,,,,,UNAVAILABLE_COMMISSION_SLIPPAGE_INCOMPLETE
SR-REV-001,CONFIRMED_PLUS_30S,SHOCK_DIRECTION,10,0,,,,,,UNAVAILABLE_COMMISSION_SLIPPAGE_INCOMPLETE
SR-REV-001,CONFIRMED_PLUS_30S,SHOCK_DIRECTION,30,0,,,,,,UNAVAILABLE_COMMISSION_SLIPPAGE_INCOMPLETE
SR-REV-001,CONFIRMED_PLUS_30S,SHOCK_DIRECTION,60,1202,-0.00010664725457570712,-0.006965831946755408,-0.00782493136439268,0.06738768718801996,0.0007626123128119801,UNAVAILABLE_COMMISSION_SLIPPAGE_INCOMPLETE
SR-REV-001,CONFIRMED_PLUS_30S,SHOCK_DIRECTION,120,1207,-0.0001238442419221211,-0.006970207125103563,-0.007827570422535212,0.14747307373653687,0.0020338028169014084,UNAVAILABLE_COMMISSION_SLIPPAGE_INCOMPLETE
SR-REV-001,CONFIRMED_PLUS_30S,SHOCK_DIRECTION,180,1207,-1.9999999999999927e-05,-0.006840240265120133,-0.007691072908036453,0.19304059652029826,0.0036189560894780448,UNAVAILABLE_COMMISSION_SLIPPAGE_INCOMPLETE
SR-REV-001,CONFIRMED_PLUS_30S,SHOCK_DIRECTION,300,1207,0.00043302816901408426,-0.006374813587406793,-0.007222546603148301,0.2427506213753107,0.005642038111019055,UNAVAILABLE_COMMISSION_SLIPPAGE_INCOMPLETE
SR-REV-001,CONFIRMED_PLUS_30S,SHOCK_DIRECTION,600,1207,0.0005706296603148302,-0.006229279204639603,-0.0070750289975145,0.30737365368682684,0.009352924606462303,UNAVAILABLE_COMMISSION_SLIPPAGE_INCOMPLETE
SR-REV-001,CONFIRMED_PLUS_30S,SHOCK_DIRECTION,900,1207,0.0003465700082850045,-0.006461847555923776,-0.007309724523612262,0.33222866611433305,0.011203164871582436,UNAVAILABLE_COMMISSION_SLIPPAGE_INCOMPLETE
SR-REV-001,CONFIRMED_PLUS_60S,SHOCK_DIRECTION,5,0,,,,,,UNAVAILABLE_COMMISSION_SLIPPAGE_INCOMPLETE
SR-REV-001,CONFIRMED_PLUS_60S,SHOCK_DIRECTION,10,0,,,,,,UNAVAILABLE_COMMISSION_SLIPPAGE_INCOMPLETE
SR-REV-001,CONFIRMED_PLUS_60S,SHOCK_DIRECTION,30,0,,,,,,UNAVAILABLE_COMMISSION_SLIPPAGE_INCOMPLETE
SR-REV-001,CONFIRMED_PLUS_60S,SHOCK_DIRECTION,60,0,,,,,,UNAVAILABLE_COMMISSION_SLIPPAGE_INCOMPLETE
SR-REV-001,CONFIRMED_PLUS_60S,SHOCK_DIRECTION,120,1207,2.1677713338856594e-05,-0.006859826014913009,-0.0077171893123446555,0.115990057995029,0.001347506213753107,UNAVAILABLE_COMMISSION_SLIPPAGE_INCOMPLETE
SR-REV-001,CONFIRMED_PLUS_60S,SHOCK_DIRECTION,180,1207,0.00012552195526097744,-0.006729859154929577,-0.007580691797845899,0.17149958574979288,0.0029378458989229497,UNAVAILABLE_COMMISSION_SLIPPAGE_INCOMPLETE
SR-REV-001,CONFIRMED_PLUS_60S,SHOCK_DIRECTION,300,1207,0.000578550124275062,-0.006264432477216239,-0.007112165492957747,0.23032311516155757,0.00501036454018227,UNAVAILABLE_COMMISSION_SLIPPAGE_INCOMPLETE
SR-REV-001,CONFIRMED_PLUS_60S,SHOCK_DIRECTION,600,1207,0.0007161516155758081,-0.006118898094449047,-0.006964647887323944,0.3015741507870754,0.00895946975973488,UNAVAILABLE_COMMISSION_SLIPPAGE_INCOMPLETE
SR-REV-001,CONFIRMED_PLUS_60S,SHOCK_DIRECTION,900,1207,0.0004920919635459816,-0.006351466445733222,-0.007199343413421706,0.328086164043082,0.010819005799502901,UNAVAILABLE_COMMISSION_SLIPPAGE_INCOMPLETE
