entry_time,exit_time,strategy,symbol,direction,server_time,server_hour,utc_hour,jst_hour,session_label,session_start_utc,minutes_from_session_start,trade_window_label,is_within_first_60min,is_within_first_120min,broker_utc_offset_used,selected_symbol_for_session,selected_reason,session_candidate_symbol_map,session_gate_mode,active_session_label,structure_started_in_first120,entry_after_first120,session_gate_pass,session_gate_reject_reason,entry_pattern,entry_trigger,neckline_level,ltf_wave3_timeframe,top_context_tf,structure_tf,primary_entry_tf,secondary_entry_tf,use_secondary_entry_tf,htf_alignment_mode,htf_permission_mode,allowed_direction,top_context_direction_state,structure_direction_state,h4_direction_state,h1_direction_state,rejected_by_htf_permission,candidate_long_detected,candidate_short_detected,selected_candidate_direction,selected_candidate_timeframe,selected_candidate_pattern,primary_best_pattern,primary_best_score,secondary_best_pattern,secondary_best_score,m15_best_pattern,m15_best_score,m5_best_pattern,m5_best_score,htf_wave3_direction,htf_wave3_confirmed,htf_fractal_alignment,wave3_alignment_passed,transcript_context_mode,transcript_context_passed,transcript_stage,transcript_reject_reason,top_sma75_state,structure_sma75_state,primary_sma75_state,structure_break_age_bars,structure_break_level,primary_break_age_bars,primary_break_level,nested_thirdwave_enabled,nested_thirdwave_mode,h1_context_direction,h1_context_impulse_direction,context_impulse_high,context_impulse_low,h1_context_fib_retrace_ratio,h1_context_fib_room_bucket,context_fib_room_score,m15_wave1_candidate,m15_wave1_direction,m15_wave1_break_type,m15_wave1_break_level,m15_wave1_age_bars,m15_wave1_high,m15_wave1_low,m15_wave1_quality_enabled,m15_wave1_quality_mode,m15_wave1_quality_combine_mode,m15_wave1_quality_candidate,m15_wave1_start_time,m15_wave1_end_time,m15_wave1_close_beyond_break,m15_wave1_impulse_atr,m15_wave1_impulse_bucket,m15_wave1_body_atr,m15_wave1_body_efficiency,m15_wave1_body_efficiency_bucket,m15_wave1_range_atr,m15_wave1_net_move_atr,m15_wave1_overlap_ratio,m15_wave1_overlap_bucket,m15_wave1_pullback_inside_ratio,m15_wave1_consecutive_directional_closes,m15_wave1_large_body_count,m15_wave1_opposite_wick_ratio,m15_wave1_break_quality,m15_wave1_speed_bucket,m15_wave1_follow_through_bucket,m15_wave1_obstacle_clearance_bucket,m15_wave1_obstacle_distance_r,m15_wave1_duration_bars,m15_wave1_quality_score,m15_wave1_quality_bucket,m15_wave1_quality_high,m15_wave1_quality_gate_pass,m15_wave1_quality_reject_reason,m15_wave2_candidate,m15_wave2_retrace_ratio,m15_wave2_fib_zone,m15_wave2_fib_score,m15_wave_context_mode,m15_wave2_expansion_mode,m15_wave2_gate_mode,m15_wave2_type,m15_wave2_age_bars,m15_wave2_score,m15_wave2_gate_pass,m15_wave2_gate_reject_reason,m15_wave_context_score,m5_pattern_quality_group,m15_wave2_required_due_to_pattern_quality,m15_wave2_score_applied,m15_wave2_adjacent_mode,m15_wave2_adjacent_fib_side,m15_required_light_pass,m15_required_light_reject_reason,m15_wave2_adjacent_pass,m15_wave2_adjacent_reason,m15_wave2_adjacent_relaxed_component,m15_wave2_near_miss,m5_corrective_wave_detected,m5_corrective_direction,m5_corrective_swing_count,m5_corrective_123_detected,m5_corrective_abc_detected,m5_corrective_leg_count,m5_corrective_start_time,m5_corrective_end_time,m5_corrective_age_bars,m5_corrective_pullback_atr,m5_corrective_last_lh_level,m5_corrective_last_hl_level,m5_corrective_invalidation_level,m5_corrective_invalidation,m5_invalidation_detected,m5_invalidation_type,m5_invalidation_level,m5_invalidation_close_break,m5_invalidation_break_atr,m5_invalidation_body_atr,post_break_acceptance_pass,post_break_acceptance_bars,post_break_return_atr,first_retest_after_invalidation,bars_from_invalidation_to_entry,retest_level,retest_distance_atr,near_miss_separator_mode,near_miss_separator_pass,near_miss_separator_reason,near_miss_separator_component,m5_invalidation_close_location,m5_invalidation_wick_ratio,m5_invalidation_quality_bucket,no_immediate_failure_pass,close_back_inside_within_1bar,close_back_inside_within_2bars,max_adverse_return_atr_after_break,post_break_hold_bucket,retest_detected_after_invalidation,retest_close_side,retest_rejection_wick_ratio,retest_next_bar_confirmation,retest_quality_bucket,m5_corrective_last_leg_atr,m5_corrective_prev_leg_atr,m5_corrective_leg_shrink_ratio,m5_corrective_new_extreme_atr,m5_corrective_failed_extreme,m5_corrective_exhaustion_bucket,m15_wave2_completion_score,m15_wave2_depth_bucket,m15_wave2_duration_bucket,m15_wave2_invalidated_wave1,m15_wave2_end_near_fib_zone,m15_wave2_completion_quality_bucket,nearest_m15_obstacle_distance_r,nearest_h1_obstacle_distance_r,nearest_session_obstacle_distance_r,target_room_min_r,target_room_bucket,clean_path_to_1r,clean_path_to_1_3r,sma75_slope,short_ma_sma75_distance_atr,ma_convergence_before_entry,ma_expansion_after_reclaim_pre_entry,price_reclaimed_sma75_bars_ago,sma75_granville_quality_bucket,sma75_state,sma75_reclaim,sma75_granville_score,nested_score,htf_nearest_resistance,htf_nearest_support,nearest_obstacle_price,nearest_obstacle_type,nearest_obstacle_distance_r,retest_reference_type,retest_reference_price,retest_reference_distance_atr,clean_path_to_target,hard_obstacle_present_before_target,soft_obstacle_present_before_target,obstacle_blocked,exit_mode,structure_target_mode,structure_target_type,structure_target_price,structure_target_r,target_reward_multiple,target_price,base_pattern_score,target_room_score,retest_score,fib_source_tf,fib_impulse_high,fib_impulse_low,fib_retrace_ratio,fib_zone,fib_score,fib_required_pass,time_bucket,time_score_removed_flag,candidate_orderable_before_session_selection,rejected_before_selection_reason,session_consumed_reason,final_score,entry,exit,stop_loss,take_profit,risk_price,result_r,initial_stop_loss_price,current_stop_loss_price,break_even_enabled,break_even_triggered,break_even_trigger_type,break_even_trigger_r,break_even_trigger_time,bars_to_break_even,max_favorable_r_before_exit,max_adverse_r_before_exit,reached_0_5r,reached_0_8r,reached_1_0r,reached_1_3r,reached_1_5r,bars_to_0_5r,bars_to_1_0r,bars_to_1_3r,mfe_before_failure_exit,mfe_before_time_exit,exit_type,full_sl_exit,break_even_exit,tp_exit,time_exit,structure_target_exit,result_r_before_be,result_r_after_be,profit,commission,swap,net_profit,volume,reward_r,holding_bars,atr,spread_points,score,failure_type,session_invalidated,invalidation_reason,exit_reason,position_id,break_even_mode
2025.01.07 16:10:00,2025.01.07 16:20:00,session_reversal_pullback_all_symbols_first120,USDJPY,SHORT,2025.01.07 16:05:00,16,13,22,london_newyork_overlap,2025.01.07 13:00,5,first_120min,true,true,3,USDJPY,all_symbols_symbol_session_one_shot,london_newyork_overlap=USDJPY|EURJPY|GBPJPY|AUDJPY|EURUSD|GBPUSD,existing_first120_gate,london_newyork_overlap,false,false,true,passed_first_window,head_and_shoulders,neckline_break_retest,157.61100000,PERIOD_M5,PERIOD_H1,PERIOD_M15,PERIOD_M5,PERIOD_M5,false,htf_soft_alignment,current_post_filter,transcript_post_filter,dow_trend_up_hh_hl,no_ordered_dow_wave3_break,dow_trend_up_hh_hl,no_ordered_dow_wave3_break,false,true,true,SHORT,PERIOD_M5,head_and_shoulders,head_and_shoulders,4.500,none,0.000,head_and_shoulders,4.500,none,0.000,SHORT,false,PERIOD_H1_LONG_dow_trend_up_hh_hl|PERIOD_M15_NONE_no_ordered_dow_wave3_break,true,h1_counter_m15_reversal,true,top_LONG_dow_trend_up_hh_hl|structure_NONE_no_ordered_dow_wave3_break|structure_break_recent_confirmed_swing_break_failed|primary_break_recent_confirmed_swing_break_retest,none,above_75sma_rising,below_75sma_flat_or_rising,below_75sma_flat_or_rising,-1,0.00000000,1,157.57300000,false,off,NONE,NONE,0.00000000,0.00000000,0.0000,none,0.000,true,SHORT,return_low_break_or_bos_down,157.53200000,20,157.84200000,157.61400000,true,required_light,required_light_or_wave1_quality_and_corrective_exhaustion,true,2025.01.07 08:45:00,2025.01.07 10:45:00,true,4.0636,large,4.2087,0.3182,inefficient,12.7713,4.0636,0.6880,choppy,0.4833,6,7,0.2452,strong_break,too_slow,normal_hold,blocked,0.0063,9,0.6800,medium,false,true,none,true,0.4747,preferred_382_618,0.200,diagnostic_only,diagnostic_only,diagnostic_only,fib_pullback,6,0.490,true,none,0.640,high_quality,false,false,diagnostic_only,both,true,none,true,diagnostic_adjacent_detected,required_light,false,false,LONG,4,false,false,0,2025.01.07 13:20:00,2025.01.07 15:15:00,10,3.3446,0.00000000,157.57300000,157.57300000,true,true,m5_hl_close_break_down,157.57300000,true,0.2860,1.3552,true,1,0.2487,false,1,157.57300000,0.2735,off,false,not_evaluated,none,0.9167,0.0833,very_strong,false,true,true,0.2487,failed_1bar,true,back_inside,0.0299,false,weak_retest,3.3446,2.8099,1.1903,0.0249,true,strong_exhaustion,0.0000,none,none,false,false,none,0.0000,0.0000,0.0000,0.0000,none,false,false,0.0000,0.0000,false,false,-1,none,none,false,0.000,0.000,157.61100000,157.57300000,157.57300000,pre_session_low,0.1258,neckline_level,157.61100000,0.2238,false,true,true,false,m5_failure_exit,off,none,0.00000000,0.0000,1.30,157.38600000,4.500,-0.300,0.200,PERIOD_M15,157.84200000,157.61400000,-0.0921,outside,0.000,true,0-30,true,false,none,order_sent,4.800,157.59300000,157.71300000,157.75200000,157.38600000,0.15900000,-0.7547,157.75200000,157.75200000,false,false,none,0.0000,,-1,0.4088,0.7547,false,false,false,false,false,-1,-1,-1,0.0000,0.4088,time,false,false,false,true,false,-0.7547,0.0000,-18.26,0.00,0.00,-18.26,0.240,1.302,2,0.08042857,16.00,4.800,neckline_retest_failed,false,not_invalidated,DEAL_REASON_EXPERT,2,no_break_even
2025.01.10 17:05:00,2025.01.10 17:09:53,session_reversal_pullback_all_symbols_first120,USDJPY,SHORT,2025.01.10 17:00:00,17,14,23,london_newyork_overlap,2025.01.10 13:00,60,first_120min,false,true,3,USDJPY,all_symbols_symbol_session_one_shot,london_newyork_overlap=USDJPY|EURJPY|GBPJPY|AUDJPY|EURUSD|GBPUSD,existing_first120_gate,london_newyork_overlap,true,false,true,passed_first_window,bos_down,first_pullback_after_bos,158.09050000,PERIOD_M5,PERIOD_H1,PERIOD_M15,PERIOD_M5,PERIOD_M5,false,htf_soft_alignment,current_post_filter,transcript_post_filter,dow_range_or_transition,structure_trend_bias_dow_trend_up_hh_hl,dow_range_or_transition,structure_trend_bias_dow_trend_up_hh_hl,false,false,true,SHORT,PERIOD_M5,bos_down,bos_down,2.600,none,0.000,bos_down,2.600,none,0.000,SHORT,false,PERIOD_H1_NONE_dow_range_or_transition|PERIOD_M15_LONG_structure_trend_bias_dow_trend_up_hh_hl,true,h1_counter_m15_reversal,true,top_NONE_dow_range_or_transition|structure_LONG_structure_trend_bias_dow_trend_up_hh_hl|structure_break_recent_confirmed_swing_break_retest|primary_break_recent_confirmed_swing_break_continuation,none,below_75sma_flat_or_rising,below_75sma_flat_or_rising,below_75sma_falling,1,157.88700000,0,158.47600000,false,off,NONE,NONE,0.00000000,0.00000000,0.0000,none,0.000,true,SHORT,return_low_break_or_bos_down,157.88700000,1,158.87100000,157.88700000,true,required_light,required_light_or_wave1_quality_and_corrective_exhaustion,true,2025.01.10 15:30:00,2025.01.10 16:30:00,true,4.4926,large,3.6815,0.4590,normal,9.7877,4.4926,0.6228,choppy,0.9026,2,3,0.1582,strong_break,normal,normal_hold,blocked,0.0057,5,0.8000,high,false,true,none,true,0.3125,shallow_236_382,0.080,diagnostic_only,diagnostic_only,diagnostic_only,fib_pullback,5,0.320,true,none,0.470,low_quality,false,false,diagnostic_only,both,true,none,true,diagnostic_adjacent_detected,required_light,false,false,LONG,5,false,false,0,2025.01.10 15:30:00,2025.01.10 16:40:00,4,6.4709,0.00000000,157.75800000,157.75800000,false,false,none,0.00000000,false,0.0000,0.0000,false,1,0.0000,false,-1,0.00000000,0.0000,off,false,not_evaluated,none,0.0000,0.0000,none,false,false,false,0.0000,none,false,none,0.0000,false,none,5.1744,2.2965,2.2532,0.0000,true,strong_exhaustion,0.0000,none,none,false,false,none,0.0000,0.0000,0.0000,0.0000,none,false,false,0.0000,0.0000,false,false,-1,none,none,false,0.000,0.000,158.02975000,157.92984211,157.92984211,recent_equal_lows,0.4638,opening_range_low|neckline_level,158.09050000,0.4622,false,true,true,false,m5_failure_exit,off,none,0.00000000,0.0000,1.30,157.78400000,2.600,-0.300,0.200,PERIOD_M15,158.87100000,157.88700000,0.1260,outside,0.000,true,60-90,true,false,none,order_sent,3.250,158.01100000,157.78300000,158.18600000,157.78400000,0.17500000,1.3029,158.18600000,158.18600000,false,false,none,0.0000,,-1,1.3029,0.8229,true,true,true,true,false,0,0,0,0.0000,0.0000,tp,false,false,true,false,false,1.3029,0.0000,31.79,0.00,0.00,31.79,0.220,1.297,0,0.17200000,18.00,3.250,other,false,not_invalidated,DEAL_REASON_TP,4,no_break_even
2025.01.23 19:05:00,2025.01.23 20:35:00,session_reversal_pullback_all_symbols_first120,EURUSD,LONG,2025.01.23 19:00:00,19,16,1,new_york,2025.01.23 16:00,0,first_120min,true,true,3,EURUSD,all_symbols_symbol_session_one_shot,new_york=USDJPY|EURJPY|GBPJPY|AUDJPY|EURUSD|GBPUSD,existing_first120_gate,new_york,true,false,true,passed_first_window,inverse_head_and_shoulders,neckline_break_retest,1.04153000,PERIOD_M5,PERIOD_H1,PERIOD_M15,PERIOD_M5,PERIOD_M5,false,htf_soft_alignment,current_post_filter,transcript_post_filter,dow_range_or_transition,ordered_dow_wave3_break_above_swing_high,dow_range_or_transition,ordered_dow_wave3_break_above_swing_high,false,true,false,LONG,PERIOD_M5,inverse_head_and_shoulders,inverse_head_and_shoulders,4.500,none,0.000,inverse_head_and_shoulders,4.500,none,0.000,LONG,false,PERIOD_H1_NONE_dow_range_or_transition|PERIOD_M15_LONG_ordered_dow_wave3_break_above_swing_high,true,h1_counter_m15_reversal,true,top_NONE_dow_range_or_transition|structure_LONG_ordered_dow_wave3_break_above_swing_high|structure_break_recent_confirmed_swing_break_retest|primary_break_recent_confirmed_swing_break_continuation,none,above_75sma_rising,above_75sma_flat_or_falling,above_75sma_rising,0,1.04172000,0,1.03990000,false,off,NONE,NONE,0.00000000,0.00000000,0.0000,none,0.000,true,LONG,return_high_break_or_bos_up,1.04172000,0,1.04232000,1.03712000,true,required_light,required_light_or_wave1_quality_and_corrective_exhaustion,true,2025.01.23 18:00:00,2025.01.23 18:45:00,true,3.8037,large,1.8858,0.5397,normal,7.0479,3.8037,0.5608,normal,0.6660,3,2,0.3066,normal_break,normal,normal_hold,blocked,0.0074,4,0.8200,high,true,true,none,false,0.0500,no_fib,0.000,diagnostic_only,diagnostic_only,diagnostic_only,unknown,24,0.000,true,none,0.150,high_quality,false,false,diagnostic_only,both,false,wave2_retrace_too_shallow,false,wave2_retrace_too_shallow,none,false,false,SHORT,4,false,false,2,2025.01.23 16:20:00,2025.01.23 18:10:00,10,3.9030,1.03990000,0.00000000,1.03990000,true,true,m5_lh_close_break_up,1.03990000,true,0.1867,0.3564,true,1,0.0000,false,9,1.03990000,0.1867,off,false,not_evaluated,none,0.4696,0.5304,normal,true,false,false,0.0000,held_clean,true,favorable_side,0.0000,false,clean_retest,2.3588,2.6303,0.8968,1.2727,false,mild_exhaustion,0.0000,none,none,false,false,none,0.0000,0.0000,0.0000,0.0000,none,false,false,0.0000,0.0000,false,false,-1,none,none,false,0.000,0.000,1.04226000,1.04200000,1.04226000,recent_rejection_zone,0.0741,session_high|opening_range_high|neckline_level,1.04200000,0.0509,false,true,true,false,m5_failure_exit,off,none,0.00000000,0.0000,1.30,1.04557000,4.500,-0.300,0.200,PERIOD_M15,1.04172000,1.03933000,-0.1423,outside,0.000,true,0-30,true,false,none,order_sent,5.150,1.04206000,1.04241000,1.03936000,1.04557000,0.00270000,0.1296,1.03936000,1.03936000,false,false,none,0.0000,,-1,0.6185,0.2778,true,false,false,false,false,10,-1,-1,0.0000,0.6185,time,false,false,false,true,false,0.1296,0.0000,3.15,0.00,0.00,3.15,0.090,1.300,18,0.00117857,18.00,5.150,target_not_reached_before_session_end,false,not_invalidated,DEAL_REASON_EXPERT,6,no_break_even
2025.01.27 10:05:00,2025.01.27 10:31:31,session_reversal_pullback_all_symbols_first120,USDJPY,SHORT,2025.01.27 10:00:00,10,7,16,london,2025.01.27 07:00,0,first_120min,true,true,3,USDJPY,all_symbols_symbol_session_one_shot,london=USDJPY|EURJPY|GBPJPY|AUDJPY|EURUSD|GBPUSD,existing_first120_gate,london,false,false,true,passed_first_window,double_top,neckline_break_retest,155.92800000,PERIOD_M5,PERIOD_H1,PERIOD_M15,PERIOD_M5,PERIOD_M5,false,htf_soft_alignment,current_post_filter,transcript_post_filter,dow_trend_up_hh_hl,no_ordered_dow_wave3_break,dow_trend_up_hh_hl,no_ordered_dow_wave3_break,false,false,true,SHORT,PERIOD_M5,double_top,double_top,4.200,none,0.000,double_top,4.200,none,0.000,SHORT,false,PERIOD_H1_LONG_dow_trend_up_hh_hl|PERIOD_M15_NONE_no_ordered_dow_wave3_break,true,h1_counter_m15_reversal,true,top_LONG_dow_trend_up_hh_hl|structure_NONE_no_ordered_dow_wave3_break|structure_break_recent_confirmed_swing_break_failed|primary_break_recent_confirmed_swing_break_retest,none,below_75sma_flat_or_rising,above_75sma_flat_or_falling,below_75sma_flat_or_rising,-1,0.00000000,0,155.74700000,false,off,NONE,NONE,0.00000000,0.00000000,0.0000,none,0.000,true,SHORT,return_low_break_or_bos_down,155.56500000,22,156.23900000,155.28200000,true,required_light,required_light_or_wave1_quality_and_corrective_exhaustion,true,2025.01.24 22:30:00,2025.01.27 04:15:00,true,3.2056,large,5.3022,0.1420,inefficient,22.5686,3.2056,0.6555,choppy,0.9100,2,6,0.2227,weak_break,too_old,normal_hold,blocked,0.0034,24,0.4500,low,false,true,none,true,0.3863,preferred_382_618,0.200,diagnostic_only,diagnostic_only,diagnostic_only,fib_pullback,6,0.440,true,none,0.590,high_quality,false,false,diagnostic_only,both,true,none,true,diagnostic_adjacent_detected,required_light,false,false,LONG,6,false,false,0,2025.01.27 08:15:00,2025.01.27 09:35:00,5,5.6866,0.00000000,155.67400000,155.67400000,false,false,none,0.00000000,false,0.0000,0.0000,false,1,0.0000,false,-1,0.00000000,0.0000,off,false,not_evaluated,none,0.0000,0.0000,none,false,false,false,0.0000,none,false,none,0.0000,false,none,1.9626,4.9518,0.3963,0.0000,true,strong_exhaustion,0.0000,none,none,false,false,none,0.0000,0.0000,0.0000,0.0000,none,false,false,0.0000,0.0000,false,false,-1,none,none,false,0.000,0.000,155.76112500,155.71300000,155.69100000,failed_breakout_level,0.0906,session_low|opening_range_low|neckline_level,155.71300000,0.0503,false,true,true,false,m5_failure_exit,off,none,0.00000000,0.0000,1.30,155.33100000,4.200,-0.300,0.200,PERIOD_M15,156.23900000,155.92800000,-0.6752,outside,0.000,true,0-30,true,false,none,order_sent,4.500,155.71800000,155.32700000,156.01600000,155.33100000,0.29800000,1.3121,156.01600000,156.01600000,false,false,none,0.0000,,-1,1.3121,0.6208,true,true,true,true,false,1,3,5,0.0000,0.0000,tp,false,false,true,false,false,1.3121,0.0000,32.72,0.00,0.00,32.72,0.130,1.299,5,0.09935714,18.00,4.500,other,false,not_invalidated,DEAL_REASON_TP,8,no_break_even
2025.01.27 19:25:00,2025.01.27 20:31:18,session_reversal_pullback_all_symbols_first120,USDJPY,LONG,2025.01.27 19:20:00,19,16,1,new_york,2025.01.27 16:00,20,first_120min,true,true,3,USDJPY,all_symbols_symbol_session_one_shot,new_york=USDJPY|EURJPY|GBPJPY|AUDJPY|EURUSD|GBPUSD,existing_first120_gate,new_york,false,false,true,passed_first_window,double_bottom,neckline_break_retest,154.21200000,PERIOD_M5,PERIOD_H1,PERIOD_M15,PERIOD_M5,PERIOD_M5,false,htf_soft_alignment,current_post_filter,transcript_post_filter,dow_trend_down_ll_lh,structure_trend_bias_dow_trend_up_hh_hl,dow_trend_down_ll_lh,structure_trend_bias_dow_trend_up_hh_hl,false,true,true,LONG,PERIOD_M5,double_bottom,double_bottom,4.200,none,0.000,double_bottom,4.200,none,0.000,LONG,false,PERIOD_H1_SHORT_dow_trend_down_ll_lh|PERIOD_M15_LONG_structure_trend_bias_dow_trend_up_hh_hl,true,h1_counter_m15_reversal,true,top_SHORT_dow_trend_down_ll_lh|structure_LONG_structure_trend_bias_dow_trend_up_hh_hl|structure_break_recent_confirmed_swing_break_failed|primary_break_recent_confirmed_swing_break_retest,none,below_75sma_falling,below_75sma_falling,above_75sma_rising,-1,0.00000000,0,154.22500000,false,off,NONE,NONE,0.00000000,0.00000000,0.0000,none,0.000,true,LONG,return_high_break_or_bos_up,154.45300000,6,154.67700000,153.70600000,true,required_light,required_light_or_wave1_quality_and_corrective_exhaustion,true,2025.01.27 13:30:00,2025.01.27 17:30:00,true,4.0633,large,6.0413,0.1987,inefficient,20.4518,4.0633,0.7120,choppy,0.5821,5,8,0.2115,strong_break,too_old,normal_hold,blocked,0.2270,17,0.6500,medium,false,true,none,true,0.4253,preferred_382_618,0.200,diagnostic_only,diagnostic_only,diagnostic_only,shallow_pullback,24,0.400,true,none,0.550,high_quality,false,false,diagnostic_only,both,true,none,true,diagnostic_adjacent_detected,required_light,false,false,SHORT,6,false,false,1,2025.01.27 17:00:00,2025.01.27 18:40:00,8,5.0830,154.67700000,0.00000000,154.67700000,false,false,none,0.00000000,false,0.0000,0.0000,false,1,0.0000,false,-1,0.00000000,0.0000,off,false,not_evaluated,none,0.0000,0.0000,none,false,false,false,0.0000,none,false,none,0.0000,false,none,5.0830,2.2969,2.2129,1.1354,false,no_shrink,0.0000,none,none,false,false,none,0.0000,0.0000,0.0000,0.0000,none,false,false,0.0000,0.0000,false,false,-1,none,none,false,0.000,0.000,154.26600000,154.25908333,154.26600000,wick_cluster_zone,0.0108,neckline_level,154.21200000,0.4541,false,true,true,false,m5_failure_exit,off,none,0.00000000,0.0000,1.30,154.50400000,4.200,-0.300,0.200,PERIOD_M15,154.67700000,153.94600000,0.5650,preferred_382_618,0.000,true,0-30,true,false,none,order_sent,4.500,154.26400000,154.50400000,154.07900000,154.50400000,0.18500000,1.2973,154.07900000,154.07900000,false,false,none,0.0000,,-1,1.2973,0.5243,true,true,true,false,false,2,13,-1,0.0000,0.0000,tp,false,false,true,false,false,1.2973,0.0000,32.62,0.00,0.00,32.62,0.210,1.297,13,0.11450000,19.00,4.500,other,false,not_invalidated,DEAL_REASON_TP,10,no_break_even
2025.02.07 16:20:00,2025.02.07 16:40:00,session_reversal_pullback_all_symbols_first120,GBPJPY,LONG,2025.02.07 16:15:00,16,13,22,london_newyork_overlap,2025.02.07 13:00,15,first_120min,true,true,3,GBPJPY,all_symbols_symbol_session_one_shot,london_newyork_overlap=USDJPY|EURJPY|GBPJPY|AUDJPY|EURUSD|GBPUSD,existing_first120_gate,london_newyork_overlap,false,false,true,passed_first_window,double_bottom,neckline_break_retest,188.95000000,PERIOD_M5,PERIOD_H1,PERIOD_M15,PERIOD_M5,PERIOD_M5,false,htf_soft_alignment,current_post_filter,transcript_post_filter,dow_range_or_transition,structure_trend_bias_dow_trend_up_hh_hl,dow_range_or_transition,structure_trend_bias_dow_trend_up_hh_hl,false,true,false,LONG,PERIOD_M5,double_bottom,double_bottom,4.200,none,0.000,double_bottom,4.200,none,0.000,LONG,false,PERIOD_H1_NONE_dow_range_or_transition|PERIOD_M15_LONG_structure_trend_bias_dow_trend_up_hh_hl,true,h1_counter_m15_reversal,true,top_NONE_dow_range_or_transition|structure_LONG_structure_trend_bias_dow_trend_up_hh_hl|structure_break_recent_confirmed_swing_break_failed|primary_break_recent_confirmed_swing_break_retest,none,below_75sma_falling,above_75sma_rising,below_75sma_flat_or_rising,-1,0.00000000,0,188.86600000,false,off,NONE,NONE,0.00000000,0.00000000,0.0000,none,0.000,true,LONG,return_high_break_or_bos_up,189.26300000,7,189.56200000,188.66400000,true,required_light,required_light_or_wave1_quality_and_corrective_exhaustion,true,2025.02.07 09:30:00,2025.02.07 14:15:00,true,3.3106,large,4.7198,0.2347,inefficient,14.1062,3.3106,0.6542,choppy,0.3921,7,6,0.2779,strong_break,too_old,normal_hold,blocked,0.0221,20,0.6500,medium,false,true,none,true,0.6136,preferred_382_618,0.200,diagnostic_only,diagnostic_only,diagnostic_only,shallow_pullback,24,0.400,true,none,0.550,high_quality,false,false,diagnostic_only,both,true,none,true,diagnostic_adjacent_detected,required_light,false,false,SHORT,6,false,false,2,2025.02.07 14:10:00,2025.02.07 15:45:00,6,4.3778,189.53000000,0.00000000,189.53000000,false,false,none,0.00000000,false,0.0000,0.0000,false,1,0.0000,false,-1,0.00000000,0.0000,off,false,not_evaluated,none,0.0000,0.0000,none,false,false,false,0.0000,none,false,none,0.0000,false,none,4.3131,2.1167,2.0376,2.2611,false,no_shrink,0.0000,none,none,false,false,none,0.0000,0.0000,0.0000,0.0000,none,false,false,0.0000,0.0000,false,false,-1,none,none,false,0.000,0.000,189.02200000,188.95000000,189.04600000,structure_confirmed_swing_low,0.1292,session_high|opening_range_high|neckline_level,189.02200000,0.0548,false,true,false,false,m5_failure_exit,off,none,0.00000000,0.0000,1.30,189.36300000,4.200,-0.300,0.200,PERIOD_M15,189.54300000,189.04600000,1.0704,outside,0.000,true,0-30,true,false,none,order_sent,4.500,189.01100000,188.77500000,188.74000000,189.36300000,0.27100000,-0.8708,188.74000000,188.74000000,false,false,none,0.0000,,-1,0.5129,0.9004,true,false,false,false,false,1,-1,-1,0.0000,0.5129,time,false,false,false,true,false,-0.8708,0.0000,-21.38,0.00,0.00,-21.38,0.140,1.299,4,0.20078571,38.00,4.500,neckline_retest_failed,false,not_invalidated,DEAL_REASON_EXPERT,12,no_break_even
2025.02.12 20:00:00,2025.02.12 20:10:00,session_reversal_pullback_all_symbols_first120,EURUSD,LONG,2025.02.12 19:55:00,19,16,1,new_york,2025.02.12 16:00,55,first_120min,true,true,3,EURUSD,all_symbols_symbol_session_one_shot,new_york=USDJPY|EURJPY|GBPJPY|AUDJPY|EURUSD|GBPUSD,existing_first120_gate,new_york,true,false,true,passed_first_window,double_bottom,neckline_break_retest,1.04202000,PERIOD_M5,PERIOD_H1,PERIOD_M15,PERIOD_M5,PERIOD_M5,false,htf_soft_alignment,current_post_filter,transcript_post_filter,dow_range_or_transition,ordered_dow_wave3_break_above_swing_high,dow_range_or_transition,ordered_dow_wave3_break_above_swing_high,false,true,false,LONG,PERIOD_M5,double_bottom,double_bottom,4.200,none,0.000,double_bottom,4.200,none,0.000,LONG,false,PERIOD_H1_NONE_dow_range_or_transition|PERIOD_M15_LONG_ordered_dow_wave3_break_above_swing_high,true,h1_counter_m15_reversal,true,top_NONE_dow_range_or_transition|structure_LONG_ordered_dow_wave3_break_above_swing_high|structure_break_recent_confirmed_swing_break_continuation|primary_break_recent_confirmed_swing_break_retest,none,above_75sma_flat_or_falling,above_75sma_rising,above_75sma_rising,0,1.03819000,0,1.04202000,false,off,NONE,NONE,0.00000000,0.00000000,0.0000,none,0.000,true,LONG,return_high_break_or_bos_up,1.03819000,0,1.03819000,1.03497000,true,required_light,required_light_or_wave1_quality_and_corrective_exhaustion,true,2025.02.12 18:15:00,2025.02.12 19:45:00,true,4.1780,large,4.4591,0.5795,normal,7.2094,4.1780,0.5124,normal,0.3602,5,5,0.1319,strong_break,normal,normal_hold,room_available,9.9900,7,1.0000,high,true,true,none,true,-0.6905,no_fib,0.000,diagnostic_only,diagnostic_only,diagnostic_only,structure_pullback,6,0.240,true,none,0.390,high_quality,false,false,diagnostic_only,both,false,wave2_retrace_too_shallow,true,diagnostic_adjacent_detected,high_quality_m5_near_miss,true,false,SHORT,4,false,false,0,2025.02.12 17:15:00,2025.02.12 19:30:00,5,8.4571,1.04202000,0.00000000,1.04202000,true,true,m5_lh_close_break_up,1.04202000,true,0.2242,0.6317,true,1,0.0000,true,1,1.04202000,0.2140,off,false,not_evaluated,none,0.6200,0.0700,strong,true,false,false,0.0000,held_clean,true,favorable_side,0.0100,false,clean_retest,7.1834,4.5546,1.5772,0.0000,true,strong_exhaustion,0.0000,none,none,false,false,none,0.0000,0.0000,0.0000,0.0000,none,false,false,0.0000,0.0000,false,false,-1,none,none,false,0.000,0.000,1.04419000,1.04267000,1.04419000,previous_week_high,0.5810,session_high|opening_range_high|neckline_level,1.04267000,0.0509,false,true,true,false,m5_failure_exit,off,none,0.00000000,0.0000,1.30,1.04600000,4.200,-0.300,0.200,PERIOD_M15,1.03819000,1.03497000,-1.4068,outside,0.000,true,30-60,true,false,none,order_sent,4.850,1.04272000,1.04144000,1.04019000,1.04600000,0.00253000,-0.5059,1.04019000,1.04019000,false,false,none,0.0000,,-1,0.0711,0.5534,false,false,false,false,false,-1,-1,-1,0.0000,0.0711,time,false,false,false,true,false,-0.5059,0.0000,-11.52,0.00,0.00,-11.52,0.090,1.296,2,0.00098143,18.00,4.850,neckline_retest_failed,false,not_invalidated,DEAL_REASON_EXPERT,14,no_break_even
2025.02.21 10:35:00,2025.02.21 10:54:00,session_reversal_pullback_all_symbols_first120,EURJPY,SHORT,2025.02.21 10:30:00,10,7,16,london,2025.02.21 07:00,30,first_120min,true,true,3,EURJPY,all_symbols_symbol_session_one_shot,london=USDJPY|EURJPY|GBPJPY|AUDJPY|EURUSD|GBPUSD,existing_first120_gate,london,true,false,true,passed_first_window,head_and_shoulders,neckline_break_retest,157.84100000,PERIOD_M5,PERIOD_H1,PERIOD_M15,PERIOD_M5,PERIOD_M5,false,htf_soft_alignment,current_post_filter,transcript_post_filter,dow_trend_up_hh_hl,structure_trend_bias_dow_trend_up_hh_hl,dow_trend_up_hh_hl,structure_trend_bias_dow_trend_up_hh_hl,false,false,true,SHORT,PERIOD_M5,head_and_shoulders,head_and_shoulders,4.500,none,0.000,head_and_shoulders,4.500,none,0.000,SHORT,true,PERIOD_H1_LONG_dow_trend_up_hh_hl|PERIOD_M15_LONG_structure_trend_bias_dow_trend_up_hh_hl,true,h1_counter_m15_reversal,true,top_LONG_dow_trend_up_hh_hl|structure_LONG_structure_trend_bias_dow_trend_up_hh_hl|structure_break_recent_confirmed_swing_break_retest|primary_break_recent_confirmed_swing_break_retest,none,above_75sma_flat_or_falling,above_75sma_rising,below_75sma_flat_or_rising,0,157.68500000,1,157.80700000,false,off,NONE,NONE,0.00000000,0.00000000,0.0000,none,0.000,true,SHORT,return_low_break_or_bos_down,157.68500000,0,158.20900000,157.64100000,true,required_light,required_light_or_wave1_quality_and_corrective_exhaustion,true,2025.02.21 04:30:00,2025.02.21 10:15:00,true,3.8818,large,7.0694,0.1610,inefficient,24.1182,3.8818,0.7839,choppy,0.8180,2,6,0.3033,strong_break,too_old,normal_hold,blocked,0.0282,24,0.5500,medium,false,true,none,true,0.3134,shallow_236_382,0.080,diagnostic_only,diagnostic_only,diagnostic_only,shallow_pullback,24,0.280,true,none,0.430,high_quality,false,false,diagnostic_only,both,true,none,true,diagnostic_adjacent_detected,required_light,false,true,LONG,7,true,true,2,2025.02.21 08:50:00,2025.02.21 09:45:00,9,2.5633,0.00000000,157.80700000,157.80700000,true,true,m5_hl_close_break_down,157.80700000,true,1.6348,2.6941,true,1,0.0785,true,3,157.80700000,0.1635,off,false,not_evaluated,none,0.7833,0.2167,very_strong,true,false,false,0.0785,held_clean,true,back_inside,0.0485,false,weak_retest,2.2625,1.5628,1.4477,1.0005,false,no_shrink,0.0000,none,none,false,false,none,0.0000,0.0000,0.0000,0.0000,none,false,false,0.0000,0.0000,false,false,-1,none,none,false,0.000,0.000,157.84100000,157.80700000,157.80700000,pre_session_low,0.0563,neckline_level,157.84100000,0.1439,false,true,false,false,m5_failure_exit,off,none,0.00000000,0.0000,1.30,157.54300000,4.500,-0.300,0.200,PERIOD_M15,158.20900000,157.69300000,0.2442,outside,0.000,true,30-60,true,false,none,order_sent,5.150,157.81900000,157.54200000,158.03200000,157.54300000,0.21300000,1.3005,158.03200000,158.03200000,false,false,none,0.0000,,-1,1.3005,0.0939,true,true,true,true,false,0,0,3,0.0000,0.0000,tp,false,false,true,false,false,1.3005,0.0000,33.16,0.00,0.00,33.16,0.180,1.296,3,0.15292857,30.00,5.150,other,false,not_invalidated,DEAL_REASON_TP,16,no_break_even
2025.02.21 10:50:00,2025.02.21 11:55:00,session_reversal_pullback_all_symbols_first120,USDJPY,SHORT,2025.02.21 10:45:00,10,7,16,london,2025.02.21 07:00,45,first_120min,true,true,3,USDJPY,all_symbols_symbol_session_one_shot,london=USDJPY|EURJPY|GBPJPY|AUDJPY|EURUSD|GBPUSD,existing_first120_gate,london,false,false,true,passed_first_window,head_and_shoulders,neckline_break_retest,150.45300000,PERIOD_M5,PERIOD_H1,PERIOD_M15,PERIOD_M5,PERIOD_M5,false,htf_soft_alignment,current_post_filter,transcript_post_filter,dow_range_or_transition,no_ordered_dow_wave3_break,dow_range_or_transition,no_ordered_dow_wave3_break,false,false,true,SHORT,PERIOD_M5,head_and_shoulders,head_and_shoulders,4.500,none,0.000,head_and_shoulders,4.500,none,0.000,SHORT,false,PERIOD_H1_NONE_dow_range_or_transition|PERIOD_M15_NONE_no_ordered_dow_wave3_break,true,h1_counter_m15_reversal,true,top_NONE_dow_range_or_transition|structure_NONE_no_ordered_dow_wave3_break|structure_break_recent_confirmed_swing_break_failed|primary_break_no_recent_confirmed_swing_break,none,below_75sma_falling,above_75sma_rising,below_75sma_flat_or_rising,-1,0.00000000,-1,0.00000000,false,off,NONE,NONE,0.00000000,0.00000000,0.0000,none,0.000,true,SHORT,return_low_break_or_bos_down,150.17400000,18,150.64900000,150.11100000,true,required_light,required_light_or_wave1_quality_and_corrective_exhaustion,true,2025.02.21 04:15:00,2025.02.21 06:00:00,true,2.8486,large,3.2266,0.2567,inefficient,11.0974,2.8486,0.6000,normal,1.3626,3,5,0.3036,normal_break,normal,normal_hold,blocked,0.0213,8,0.7200,high,false,true,none,true,0.4740,preferred_382_618,0.200,diagnostic_only,diagnostic_only,diagnostic_only,fib_pullback,4,0.440,true,none,0.590,high_quality,false,false,diagnostic_only,both,true,none,true,diagnostic_adjacent_detected,required_light,false,false,LONG,8,false,false,1,2025.02.21 09:05:00,2025.02.21 10:15:00,6,3.1270,0.00000000,150.34300000,150.34300000,false,false,none,0.00000000,false,0.0000,0.0000,false,1,0.0000,false,-1,0.00000000,0.0000,off,false,not_evaluated,none,0.0000,0.0000,none,false,false,false,0.0000,none,false,none,0.0000,false,none,3.1270,1.9825,1.5773,1.0423,false,no_shrink,0.0000,none,none,false,false,none,0.0000,0.0000,0.0000,0.0000,none,false,false,0.0000,0.0000,false,false,-1,none,none,false,0.000,0.000,150.43600000,150.35300000,150.35300000,structure_confirmed_swing_low,0.2660,neckline_level,150.45300000,0.5109,false,true,false,false,m5_failure_exit,off,none,0.00000000,0.0000,1.30,150.15900000,4.500,-0.300,0.200,PERIOD_M15,150.64900000,150.35300000,0.1689,outside,0.000,true,30-60,true,false,none,order_sent,4.600,150.40300000,150.50600000,150.59100000,150.15900000,0.18800000,-0.5479,150.59100000,150.59100000,false,false,none,0.0000,,-1,0.8032,0.5479,true,true,false,false,false,9,-1,-1,0.0000,0.8032,time,false,false,false,true,false,-0.5479,0.0000,-13.69,0.00,0.00,-13.69,0.200,1.298,13,0.09785714,16.00,4.600,neckline_retest_failed,false,not_invalidated,DEAL_REASON_EXPERT,17,no_break_even
2025.02.28 03:15:00,2025.02.28 03:40:00,session_reversal_pullback_all_symbols_first120,USDJPY,SHORT,2025.02.28 03:10:00,3,0,9,tokyo,2025.02.28 00:00,10,first_120min,true,true,3,USDJPY,all_symbols_symbol_session_one_shot,tokyo=USDJPY|EURJPY|GBPJPY|AUDJPY,existing_first120_gate,tokyo,true,false,true,passed_first_window,head_and_shoulders,neckline_break_retest,149.45200000,PERIOD_M5,PERIOD_H1,PERIOD_M15,PERIOD_M5,PERIOD_M5,false,htf_soft_alignment,current_post_filter,transcript_post_filter,dow_trend_up_hh_hl,break_below_without_lower_pullback,dow_trend_up_hh_hl,break_below_without_lower_pullback,false,false,true,SHORT,PERIOD_M5,head_and_shoulders,head_and_shoulders,4.500,none,0.000,head_and_shoulders,4.500,none,0.000,SHORT,true,PERIOD_H1_LONG_dow_trend_up_hh_hl|PERIOD_M15_NONE_break_below_without_lower_pullback,true,h1_counter_m15_reversal,true,top_LONG_dow_trend_up_hh_hl|structure_NONE_break_below_without_lower_pullback|structure_break_recent_confirmed_swing_break_continuation|primary_break_recent_confirmed_swing_break_retest,none,below_75sma_flat_or_rising,below_75sma_flat_or_rising,below_75sma_falling,0,149.53400000,0,149.45200000,false,off,NONE,NONE,0.00000000,0.00000000,0.0000,none,0.000,true,SHORT,return_low_break_or_bos_down,149.53400000,0,150.13700000,149.53400000,true,required_light,required_light_or_wave1_quality_and_corrective_exhaustion,true,2025.02.28 02:00:00,2025.02.28 03:00:00,true,3.8425,large,3.8793,0.5596,normal,6.8661,3.8425,0.5567,normal,0.6230,2,3,0.2560,strong_break,normal,normal_hold,blocked,0.0508,5,0.8700,high,true,true,none,true,0.0809,no_fib,0.000,diagnostic_only,diagnostic_only,diagnostic_only,structure_pullback,4,0.240,true,none,0.390,high_quality,false,false,diagnostic_only,both,false,wave2_retrace_too_shallow,true,diagnostic_adjacent_detected,high_quality_m5_near_miss,true,false,LONG,5,false,false,0,2025.02.28 01:25:00,2025.02.28 02:50:00,4,5.3189,0.00000000,149.45200000,149.45200000,true,true,m5_hl_close_break_down,149.45200000,true,0.7221,1.4753,true,1,0.0000,true,3,149.45200000,0.3494,off,false,not_evaluated,none,0.9395,0.0605,very_strong,true,false,false,0.0000,held_clean,true,favorable_side,0.0172,false,clean_retest,1.4443,4.6822,0.3085,0.0000,true,strong_exhaustion,0.0000,none,none,false,false,none,0.0000,0.0000,0.0000,0.0000,none,false,false,0.0000,0.0000,false,false,-1,none,none,false,0.000,0.000,149.45200000,149.40700000,149.40700000,session_high,0.0127,neckline_level,149.45200000,0.3261,false,true,true,false,m5_failure_exit,off,none,0.00000000,0.0000,1.30,149.10300000,4.500,-0.300,0.200,PERIOD_M15,150.13700000,149.53400000,-0.2056,outside,0.000,true,0-30,true,false,none,order_sent,5.150,149.41000000,149.48500000,149.64600000,149.10300000,0.23600000,-0.3178,149.64600000,149.64600000,false,false,none,0.0000,,-1,0.6017,0.4703,true,false,false,false,false,0,-1,-1,0.0000,0.6017,time,false,false,false,true,false,-0.3178,0.0000,-8.03,0.00,0.00,-8.03,0.160,1.301,5,0.12878571,19.00,5.150,neckline_retest_failed,false,not_invalidated,DEAL_REASON_EXPERT,20,no_break_even
2025.02.28 19:05:00,2025.02.28 19:45:00,session_reversal_pullback_all_symbols_first120,GBPJPY,LONG,2025.02.28 19:00:00,19,16,1,new_york,2025.02.28 16:00,0,first_120min,true,true,3,GBPJPY,all_symbols_symbol_session_one_shot,new_york=USDJPY|EURJPY|GBPJPY|AUDJPY|EURUSD|GBPUSD,existing_first120_gate,new_york,false,false,true,passed_first_window,inverse_head_and_shoulders,neckline_break_retest,189.49800000,PERIOD_M5,PERIOD_H1,PERIOD_M15,PERIOD_M5,PERIOD_M5,false,htf_soft_alignment,current_post_filter,transcript_post_filter,dow_range_or_transition,structure_trend_bias_dow_trend_up_hh_hl,dow_range_or_transition,structure_trend_bias_dow_trend_up_hh_hl,false,true,true,LONG,PERIOD_M5,inverse_head_and_shoulders,inverse_head_and_shoulders,4.500,none,0.000,inverse_head_and_shoulders,4.500,none,0.000,LONG,false,PERIOD_H1_NONE_dow_range_or_transition|PERIOD_M15_LONG_structure_trend_bias_dow_trend_up_hh_hl,true,h1_counter_m15_reversal,true,top_NONE_dow_range_or_transition|structure_LONG_structure_trend_bias_dow_trend_up_hh_hl|structure_break_recent_confirmed_swing_break_failed|primary_break_recent_confirmed_swing_break_retest,none,above_75sma_rising,above_75sma_rising,below_75sma_flat_or_rising,-1,0.00000000,1,189.55700000,false,off,NONE,NONE,0.00000000,0.00000000,0.0000,none,0.000,true,LONG,return_high_break_or_bos_up,190.21000000,6,190.29700000,189.07600000,true,required_light,required_light_or_wave1_quality_and_corrective_exhaustion,true,2025.02.28 11:45:00,2025.02.28 17:15:00,true,3.1183,large,5.0978,0.2022,inefficient,15.4228,3.1183,0.6452,choppy,0.7313,3,9,0.2564,normal_break,too_old,normal_hold,blocked,0.0302,23,0.6000,medium,false,true,none,true,0.5692,preferred_382_618,0.200,diagnostic_only,diagnostic_only,diagnostic_only,deep_pullback,24,0.400,true,none,0.550,high_quality,false,false,diagnostic_only,both,true,none,true,diagnostic_adjacent_detected,required_light,false,false,SHORT,5,false,false,1,2025.02.28 16:15:00,2025.02.28 18:30:00,6,5.9231,190.29700000,0.00000000,190.29700000,false,false,none,0.00000000,false,0.0000,0.0000,false,1,0.0000,false,-1,0.00000000,0.0000,off,false,not_evaluated,none,0.0000,0.0000,none,false,false,false,0.0000,none,false,none,0.0000,false,none,5.9231,3.5267,1.6795,1.5669,false,no_shrink,0.0000,none,none,false,false,none,0.0000,0.0000,0.0000,0.0000,none,false,false,0.0000,0.0000,false,false,-1,none,none,false,0.000,0.000,189.66100000,189.57450000,189.85500000,pre_session_high,0.4494,session_high|opening_range_high|neckline_level,189.66100000,0.2862,false,true,true,false,m5_failure_exit,off,none,0.00000000,0.0000,1.30,190.33400000,4.500,-0.300,0.200,PERIOD_M15,190.29700000,189.39900000,0.7739,deep_618_786,0.000,true,0-30,true,false,none,order_sent,4.800,189.60200000,189.48200000,189.03900000,190.33400000,0.56300000,-0.2131,189.03900000,189.03900000,false,false,none,0.0000,,-1,0.1829,0.2664,false,false,false,false,false,-1,-1,-1,0.0000,0.1829,time,false,false,false,true,false,-0.2131,0.0000,-4.82,0.00,0.00,-4.82,0.060,1.300,8,0.20614286,38.00,4.800,neckline_retest_failed,false,not_invalidated,DEAL_REASON_EXPERT,22,no_break_even
2025.02.28 19:55:00,2025.02.28 20:30:00,session_reversal_pullback_all_symbols_first120,USDJPY,SHORT,2025.02.28 19:50:00,19,16,1,new_york,2025.02.28 16:00,50,first_120min,true,true,3,USDJPY,all_symbols_symbol_session_one_shot,new_york=USDJPY|EURJPY|GBPJPY|AUDJPY|EURUSD|GBPUSD,existing_first120_gate,new_york,false,false,true,passed_first_window,head_and_shoulders,neckline_break_retest,150.44300000,PERIOD_M5,PERIOD_H1,PERIOD_M15,PERIOD_M5,PERIOD_M5,false,htf_soft_alignment,current_post_filter,transcript_post_filter,dow_range_or_transition,structure_trend_bias_dow_trend_down_ll_lh,dow_range_or_transition,structure_trend_bias_dow_trend_down_ll_lh,false,false,true,SHORT,PERIOD_M5,head_and_shoulders,head_and_shoulders,4.500,none,0.000,head_and_shoulders,4.500,none,0.000,SHORT,false,PERIOD_H1_NONE_dow_range_or_transition|PERIOD_M15_SHORT_structure_trend_bias_dow_trend_down_ll_lh,true,h1_counter_m15_reversal,true,top_NONE_dow_range_or_transition|structure_SHORT_structure_trend_bias_dow_trend_down_ll_lh|structure_break_recent_confirmed_swing_break_failed|primary_break_recent_confirmed_swing_break_retest,none,above_75sma_rising,above_75sma_rising,below_75sma_flat_or_rising,-1,0.00000000,1,150.44300000,false,off,NONE,NONE,0.00000000,0.00000000,0.0000,none,0.000,true,SHORT,return_low_break_or_bos_down,150.37500000,5,150.98000000,150.22800000,true,required_light,required_light_or_wave1_quality_and_corrective_exhaustion,true,2025.02.28 15:30:00,2025.02.28 18:15:00,true,2.9592,large,3.7156,0.2243,inefficient,13.1949,2.9592,0.6357,choppy,0.8700,4,5,0.3438,strong_break,too_slow,normal_hold,blocked,0.0484,12,0.6300,medium,false,true,none,true,0.2859,shallow_236_382,0.080,diagnostic_only,diagnostic_only,diagnostic_only,deep_pullback,24,0.280,true,none,0.430,high_quality,false,false,diagnostic_only,both,true,none,true,diagnostic_adjacent_detected,required_light,false,false,LONG,4,false,false,1,2025.02.28 17:50:00,2025.02.28 19:25:00,5,6.5326,0.00000000,150.44300000,150.44300000,true,true,m5_hl_close_break_down,150.44300000,true,1.0593,1.4955,true,1,0.0000,true,1,150.44300000,0.1246,off,false,not_evaluated,none,0.9877,0.0123,very_strong,true,false,false,0.0000,held_clean,true,favorable_side,0.1040,false,clean_retest,2.3991,6.5326,0.3672,0.0000,true,strong_exhaustion,0.0000,none,none,false,false,none,0.0000,0.0000,0.0000,0.0000,none,false,false,0.0000,0.0000,false,false,-1,none,none,false,0.000,0.000,150.46035714,150.33000000,150.33000000,session_low,0.4556,opening_range_low|neckline_level,150.44300000,0.0000,false,true,false,false,m5_failure_exit,off,none,0.00000000,0.0000,1.30,150.12000000,4.500,-0.300,0.200,PERIOD_M15,150.85700000,150.22800000,0.3418,outside,0.000,true,30-60,true,false,none,order_sent,4.800,150.44300000,150.48800000,150.69100000,150.12000000,0.24800000,-0.1815,150.69100000,150.69100000,false,false,none,0.0000,,-1,0.8427,0.1976,true,true,false,false,false,3,-1,-1,0.0000,0.8427,time,false,false,false,true,false,-0.1815,0.0000,-4.49,0.00,0.00,-4.49,0.150,1.302,7,0.09628571,18.00,4.800,neckline_retest_failed,false,not_invalidated,DEAL_REASON_EXPERT,24,no_break_even
2025.03.04 10:20:00,2025.03.04 10:24:25,session_reversal_pullback_all_symbols_first120,EURJPY,SHORT,2025.03.04 10:15:00,10,7,16,london,2025.03.04 07:00,15,first_120min,true,true,3,EURJPY,all_symbols_symbol_session_one_shot,london=USDJPY|EURJPY|GBPJPY|AUDJPY|EURUSD|GBPUSD,existing_first120_gate,london,false,false,true,passed_first_window,double_top,neckline_break_retest,156.55100000,PERIOD_M5,PERIOD_H1,PERIOD_M15,PERIOD_M5,PERIOD_M5,false,htf_soft_alignment,current_post_filter,transcript_post_filter,dow_trend_up_hh_hl,no_ordered_dow_wave3_break,dow_trend_up_hh_hl,no_ordered_dow_wave3_break,false,false,true,SHORT,PERIOD_M5,double_top,double_top,4.200,none,0.000,double_top,4.200,none,0.000,SHORT,false,PERIOD_H1_LONG_dow_trend_up_hh_hl|PERIOD_M15_NONE_no_ordered_dow_wave3_break,true,h1_counter_m15_reversal,true,top_LONG_dow_trend_up_hh_hl|structure_NONE_no_ordered_dow_wave3_break|structure_break_recent_confirmed_swing_break_failed|primary_break_recent_confirmed_swing_break_retest,none,above_75sma_rising,below_75sma_falling,above_75sma_rising,-1,0.00000000,0,156.55100000,false,off,NONE,NONE,0.00000000,0.00000000,0.0000,none,0.000,true,SHORT,return_low_break_or_bos_down,156.32000000,3,156.88800000,156.03700000,true,required_light,required_light_or_wave1_quality_and_corrective_exhaustion,true,2025.03.04 08:45:00,2025.03.04 09:15:00,true,1.8198,large,1.7703,0.6030,normal,3.0177,1.8198,0.6141,choppy,0.6117,2,2,0.1550,normal_break,normal,normal_hold,blocked,0.0171,3,0.7500,high,false,true,none,true,0.5253,preferred_382_618,0.200,diagnostic_only,diagnostic_only,diagnostic_only,shallow_pullback,24,0.400,true,none,0.550,high_quality,false,false,diagnostic_only,both,true,none,true,diagnostic_adjacent_detected,required_light,false,false,LONG,9,false,false,1,2025.03.04 08:45:00,2025.03.04 09:40:00,7,3.7732,0.00000000,156.23200000,156.23200000,false,false,none,0.00000000,false,0.0000,0.0000,false,1,0.0000,false,-1,0.00000000,0.0000,off,false,not_evaluated,none,0.0000,0.0000,none,false,false,false,0.0000,none,false,none,0.0000,false,none,3.7732,1.4610,2.5827,0.4774,false,no_shrink,0.0000,none,none,false,false,none,0.0000,0.0000,0.0000,0.0000,none,false,false,0.0000,0.0000,false,false,-1,none,none,false,0.000,0.000,156.55100000,156.47800000,156.47800000,wick_cluster_zone,0.0256,neckline_level,156.55100000,0.3854,false,true,true,false,m5_failure_exit,off,none,0.00000000,0.0000,1.30,156.17900000,4.200,-0.300,0.200,PERIOD_M15,156.60200000,156.03700000,0.7912,outside,0.000,true,0-30,true,false,none,order_sent,4.500,156.48400000,156.71900000,156.71800000,156.17900000,0.23400000,-1.0043,156.71800000,156.71800000,false,false,none,0.0000,,-1,0.4188,1.0043,false,false,false,false,false,-1,-1,-1,0.0000,0.0000,full_sl,true,false,false,false,false,-1.0043,0.0000,-24.99,0.00,0.00,-24.99,0.160,1.303,0,0.17385714,31.00,4.500,neckline_retest_failed,false,not_invalidated,DEAL_REASON_SL,26,no_break_even
2025.03.06 19:05:00,2025.03.06 21:35:00,session_reversal_pullback_all_symbols_first120,GBPJPY,SHORT,2025.03.06 19:00:00,19,16,1,new_york,2025.03.06 16:00,0,first_120min,true,true,3,GBPJPY,all_symbols_symbol_session_one_shot,new_york=USDJPY|EURJPY|GBPJPY|AUDJPY|EURUSD|GBPUSD,existing_first120_gate,new_york,false,false,true,passed_first_window,head_and_shoulders,neckline_break_retest,190.79300000,PERIOD_M5,PERIOD_H1,PERIOD_M15,PERIOD_M5,PERIOD_M5,false,htf_soft_alignment,current_post_filter,transcript_post_filter,dow_trend_up_hh_hl,structure_trend_bias_dow_trend_down_ll_lh,dow_trend_up_hh_hl,structure_trend_bias_dow_trend_down_ll_lh,false,false,true,SHORT,PERIOD_M5,head_and_shoulders,head_and_shoulders,4.500,none,0.000,head_and_shoulders,4.500,none,0.000,SHORT,false,PERIOD_H1_LONG_dow_trend_up_hh_hl|PERIOD_M15_SHORT_structure_trend_bias_dow_trend_down_ll_lh,true,h1_counter_m15_reversal,true,top_LONG_dow_trend_up_hh_hl|structure_SHORT_structure_trend_bias_dow_trend_down_ll_lh|structure_break_recent_confirmed_swing_break_failed|primary_break_recent_confirmed_swing_break_retest,none,below_75sma_falling,below_75sma_falling,above_75sma_rising,-1,0.00000000,0,190.80300000,false,off,NONE,NONE,0.00000000,0.00000000,0.0000,none,0.000,true,SHORT,return_low_break_or_bos_down,190.20300000,9,191.49500000,189.86700000,true,required_light,required_light_or_wave1_quality_and_corrective_exhaustion,true,2025.03.06 10:45:00,2025.03.06 16:30:00,true,2.8187,large,5.1384,0.1650,inefficient,17.0812,2.8187,0.6564,choppy,0.5727,6,8,0.2960,weak_break,too_old,normal_hold,blocked,0.0662,24,0.5000,low,false,true,none,true,0.4472,preferred_382_618,0.200,diagnostic_only,diagnostic_only,diagnostic_only,deep_pullback,24,0.400,true,none,0.550,high_quality,false,false,diagnostic_only,both,true,none,true,diagnostic_adjacent_detected,required_light,false,false,LONG,8,false,false,2,2025.03.06 17:20:00,2025.03.06 18:15:00,9,3.3384,0.00000000,190.80300000,190.80300000,true,true,m5_hl_close_break_down,190.80300000,true,0.3465,0.4353,true,1,0.0000,true,2,190.80300000,0.1690,off,false,not_evaluated,none,0.9606,0.0394,strong,true,false,false,0.0000,held_clean,true,favorable_side,0.4078,true,strong_retest,2.9242,1.9988,1.4630,1.3396,false,no_shrink,0.0000,none,none,false,false,none,0.0000,0.0000,0.0000,0.0000,none,false,false,0.0000,0.0000,false,false,-1,none,none,false,0.000,0.000,190.66000000,190.59200000,190.59200000,structure_confirmed_swing_high,0.0042,session_low|opening_range_low|neckline_level,190.57300000,0.0930,false,true,true,false,m5_failure_exit,off,none,0.00000000,0.0000,1.30,189.67200000,4.500,-0.300,0.200,PERIOD_M15,190.59200000,189.91200000,1.0044,outside,0.000,true,0-30,true,false,none,order_sent,4.800,190.59500000,190.26400000,191.30500000,189.67200000,0.71000000,0.4662,191.30500000,191.30500000,false,false,none,0.0000,,-1,0.6352,0.4014,true,false,false,false,false,25,-1,-1,0.0000,0.6352,time,false,false,false,true,false,0.4662,0.0000,11.00,0.00,0.00,11.00,0.050,1.300,30,0.23664286,38.00,4.800,target_not_reached_before_session_end,false,not_invalidated,DEAL_REASON_EXPERT,28,no_break_even
2025.03.07 03:10:00,2025.03.07 04:15:00,session_reversal_pullback_all_symbols_first120,USDJPY,LONG,2025.03.07 03:05:00,3,0,9,tokyo,2025.03.07 00:00,5,first_120min,true,true,3,USDJPY,all_symbols_symbol_session_one_shot,tokyo=USDJPY|EURJPY|GBPJPY|AUDJPY,existing_first120_gate,tokyo,false,false,true,passed_first_window,double_bottom,neckline_break_retest,147.84400000,PERIOD_M5,PERIOD_H1,PERIOD_M15,PERIOD_M5,PERIOD_M5,false,htf_soft_alignment,current_post_filter,transcript_post_filter,dow_range_or_transition,structure_trend_bias_dow_trend_up_hh_hl,dow_range_or_transition,structure_trend_bias_dow_trend_up_hh_hl,false,true,false,LONG,PERIOD_M5,double_bottom,double_bottom,4.200,none,0.000,double_bottom,4.200,none,0.000,LONG,false,PERIOD_H1_NONE_dow_range_or_transition|PERIOD_M15_LONG_structure_trend_bias_dow_trend_up_hh_hl,true,h1_counter_m15_reversal,true,top_NONE_dow_range_or_transition|structure_LONG_structure_trend_bias_dow_trend_up_hh_hl|structure_break_recent_confirmed_swing_break_failed|primary_break_recent_confirmed_swing_break_retest,none,below_75sma_falling,above_75sma_flat_or_falling,below_75sma_flat_or_rising,-1,0.00000000,0,147.84900000,false,off,NONE,NONE,0.00000000,0.00000000,0.0000,none,0.000,true,LONG,return_high_break_or_bos_up,148.05300000,4,148.05300000,147.75000000,true,required_light,required_light_or_wave1_quality_and_corrective_exhaustion,true,2025.03.07 00:00:00,2025.03.07 01:45:00,true,2.4189,large,2.2766,0.3727,normal,6.4896,2.4189,0.7170,choppy,0.7161,4,5,0.1968,strong_break,normal,normal_hold,blocked,0.0194,8,0.8500,high,false,true,none,true,0.4680,preferred_382_618,0.200,diagnostic_only,diagnostic_only,diagnostic_only,shallow_pullback,11,0.490,true,none,0.640,high_quality,false,false,diagnostic_only,both,true,none,true,diagnostic_adjacent_detected,required_light,false,false,SHORT,6,false,false,1,2025.03.07 01:15:00,2025.03.07 02:25:00,8,3.4672,148.15600000,0.00000000,148.15600000,false,false,none,0.00000000,false,0.0000,0.0000,false,1,0.0000,false,-1,0.00000000,0.0000,off,false,not_evaluated,none,0.0000,0.0000,none,false,false,false,0.0000,none,false,none,0.0000,false,none,3.4672,1.2432,2.7889,1.5195,false,no_shrink,0.0000,none,none,false,false,none,0.0000,0.0000,0.0000,0.0000,none,false,false,0.0000,0.0000,false,false,-1,none,none,false,0.000,0.000,147.91806667,147.85600000,147.91806667,recent_equal_lows,0.1945,neckline_level,147.84400000,0.2348,false,true,true,false,m5_failure_exit,off,none,0.00000000,0.0000,1.30,148.14600000,4.200,-0.300,0.200,PERIOD_M15,148.05300000,147.75000000,0.5776,preferred_382_618,0.000,true,0-30,true,false,none,order_sent,4.500,147.87800000,147.78800000,147.67200000,148.14600000,0.20600000,-0.4369,147.67200000,147.67200000,false,false,none,0.0000,,-1,0.9563,0.5243,true,true,false,false,false,0,-1,-1,0.0000,0.9563,time,false,false,false,true,false,-0.4369,0.0000,-10.96,0.00,0.00,-10.96,0.180,1.301,13,0.14478571,18.00,4.500,neckline_retest_failed,false,not_invalidated,DEAL_REASON_EXPERT,30,no_break_even
2025.03.07 11:05:00,2025.03.07 11:20:00,session_reversal_pullback_all_symbols_first120,USDJPY,SHORT,2025.03.07 11:00:00,11,8,17,london,2025.03.07 07:00,60,first_120min,false,true,3,USDJPY,all_symbols_symbol_session_one_shot,london=USDJPY|EURJPY|GBPJPY|AUDJPY|EURUSD|GBPUSD,existing_first120_gate,london,true,false,true,passed_first_window,head_and_shoulders,neckline_break_retest,147.39700000,PERIOD_M5,PERIOD_H1,PERIOD_M15,PERIOD_M5,PERIOD_M5,false,htf_soft_alignment,current_post_filter,transcript_post_filter,dow_range_or_transition,ordered_dow_wave3_break_below_swing_low,dow_range_or_transition,ordered_dow_wave3_break_below_swing_low,false,false,true,SHORT,PERIOD_M5,head_and_shoulders,head_and_shoulders,4.500,none,0.000,head_and_shoulders,4.500,none,0.000,SHORT,false,PERIOD_H1_NONE_dow_range_or_transition|PERIOD_M15_SHORT_ordered_dow_wave3_break_below_swing_low,true,h1_counter_m15_reversal,true,top_NONE_dow_range_or_transition|structure_SHORT_ordered_dow_wave3_break_below_swing_low|structure_break_recent_confirmed_swing_break_retest|primary_break_recent_confirmed_swing_break_continuation,none,below_75sma_falling,below_75sma_falling,below_75sma_falling,0,147.37900000,0,147.48100000,false,off,NONE,NONE,0.00000000,0.00000000,0.0000,none,0.000,true,SHORT,return_low_break_or_bos_down,147.37900000,0,147.74600000,147.34200000,true,required_light,required_light_or_wave1_quality_and_corrective_exhaustion,true,2025.03.07 10:00:00,2025.03.07 10:45:00,true,2.3250,large,1.7576,0.4838,normal,4.8057,2.3250,0.5357,normal,0.6507,4,2,0.3678,strong_break,normal,normal_hold,blocked,0.0113,4,0.8700,high,true,true,none,false,0.1015,no_fib,0.000,diagnostic_only,diagnostic_only,diagnostic_only,unknown,24,0.000,true,none,0.150,high_quality,false,false,diagnostic_only,both,false,wave2_retrace_too_shallow,false,wave2_retrace_too_shallow,none,false,false,LONG,6,false,false,1,2025.03.07 08:50:00,2025.03.07 10:05:00,11,2.9078,0.00000000,147.48100000,147.48100000,true,true,m5_hl_close_break_down,147.48100000,true,0.0634,0.7210,true,1,0.0000,false,6,147.48100000,0.1505,off,false,not_evaluated,none,0.8443,0.1557,normal,true,false,false,0.0000,held_clean,true,favorable_side,0.0500,true,clean_retest,2.0996,2.8761,0.7300,0.0317,true,strong_exhaustion,0.0000,none,none,false,false,none,0.0000,0.0000,0.0000,0.0000,none,false,false,0.0000,0.0000,false,false,-1,none,none,false,0.000,0.000,147.39700000,147.37925000,147.37925000,recent_equal_lows,0.0106,opening_range_low|neckline_level,147.39700000,0.1109,false,true,true,false,m5_failure_exit,off,none,0.00000000,0.0000,1.30,146.92300000,4.500,-0.300,0.200,PERIOD_M15,147.74300000,147.37900000,0.0110,outside,0.000,true,60-90,true,false,none,order_sent,5.150,147.38300000,147.52200000,147.73700000,146.92300000,0.35400000,-0.3927,147.73700000,147.73700000,false,false,none,0.0000,,-1,0.2881,0.3927,false,false,false,false,false,-1,-1,-1,0.0000,0.2881,time,false,false,false,true,false,-0.3927,0.0000,-9.42,0.00,0.00,-9.42,0.100,1.299,3,0.12621429,17.00,5.150,neckline_retest_failed,false,not_invalidated,DEAL_REASON_EXPERT,32,no_break_even
2025.03.07 16:15:00,2025.03.07 16:37:59,session_reversal_pullback_all_symbols_first120,EURUSD,LONG,2025.03.07 16:10:00,16,13,22,london_newyork_overlap,2025.03.07 13:00,10,first_120min,true,true,3,EURUSD,all_symbols_symbol_session_one_shot,london_newyork_overlap=USDJPY|EURJPY|GBPJPY|AUDJPY|EURUSD|GBPUSD,existing_first120_gate,london_newyork_overlap,false,false,true,passed_first_window,double_bottom,neckline_break_retest,1.08563000,PERIOD_M5,PERIOD_H1,PERIOD_M15,PERIOD_M5,PERIOD_M5,false,htf_soft_alignment,current_post_filter,transcript_post_filter,dow_range_or_transition,structure_trend_bias_dow_trend_down_ll_lh,dow_range_or_transition,structure_trend_bias_dow_trend_down_ll_lh,false,true,false,LONG,PERIOD_M5,double_bottom,double_bottom,4.200,none,0.000,double_bottom,4.200,none,0.000,LONG,false,PERIOD_H1_NONE_dow_range_or_transition|PERIOD_M15_SHORT_structure_trend_bias_dow_trend_down_ll_lh,true,h1_counter_m15_reversal,true,top_NONE_dow_range_or_transition|structure_SHORT_structure_trend_bias_dow_trend_down_ll_lh|structure_break_recent_confirmed_swing_break_failed|primary_break_recent_confirmed_swing_break_retest,none,above_75sma_rising,above_75sma_rising,above_75sma_rising,-1,0.00000000,0,1.08548000,false,off,NONE,NONE,0.00000000,0.00000000,0.0000,none,0.000,true,LONG,return_high_break_or_bos_up,1.08662000,2,1.08662000,1.08404000,true,required_light,required_light_or_wave1_quality_and_corrective_exhaustion,true,2025.03.07 14:00:00,2025.03.07 15:30:00,true,1.9423,large,1.7961,0.2576,inefficient,7.5395,1.9423,0.7583,choppy,1.5000,5,3,0.3445,normal_break,normal,normal_hold,blocked,0.0455,7,0.6500,medium,false,true,none,true,0.4695,preferred_382_618,0.200,diagnostic_only,diagnostic_only,diagnostic_only,deep_pullback,8,0.440,true,none,0.590,high_quality,false,false,diagnostic_only,both,true,none,true,diagnostic_adjacent_detected,required_light,false,false,SHORT,6,false,false,1,2025.03.07 13:45:00,2025.03.07 15:35:00,7,3.5186,1.08878000,0.00000000,1.08878000,false,false,none,0.00000000,false,0.0000,0.0000,false,1,0.0000,false,-1,0.00000000,0.0000,off,false,not_evaluated,none,0.0000,0.0000,none,false,false,false,0.0000,none,false,none,0.0000,false,none,3.5186,0.8165,4.3091,0.2524,false,no_shrink,0.0000,none,none,false,false,none,0.0000,0.0000,0.0000,0.0000,none,false,false,0.0000,0.0000,false,false,-1,none,none,false,0.000,0.000,1.08658000,1.08563000,1.08658000,session_high,0.5455,neckline_level,1.08563000,0.1707,false,true,false,false,m5_failure_exit,off,none,0.00000000,0.0000,1.30,1.08758000,4.200,-0.300,0.200,PERIOD_M15,1.08662000,1.08404000,0.2946,outside,0.000,true,0-30,true,false,none,order_sent,4.500,1.08586000,1.08758000,1.08454000,1.08758000,0.00132000,1.3030,1.08454000,1.08454000,false,false,none,0.0000,,-1,1.3030,0.5530,true,true,true,true,false,1,4,4,0.0000,0.0000,tp,false,false,true,false,false,1.3030,0.0000,30.96,0.00,0.00,30.96,0.180,1.303,4,0.00134714,18.00,4.500,other,false,not_invalidated,DEAL_REASON_TP,34,no_break_even
2025.03.10 16:35:00,2025.03.10 16:35:27,session_reversal_pullback_all_symbols_first120,USDJPY,SHORT,2025.03.10 16:30:00,16,13,22,london_newyork_overlap,2025.03.10 13:00,30,first_120min,true,true,3,USDJPY,all_symbols_symbol_session_one_shot,london_newyork_overlap=USDJPY|EURJPY|GBPJPY|AUDJPY|EURUSD|GBPUSD,existing_first120_gate,london_newyork_overlap,false,false,true,passed_first_window,head_and_shoulders,neckline_break_retest,146.90900000,PERIOD_M5,PERIOD_H1,PERIOD_M15,PERIOD_M5,PERIOD_M5,false,htf_soft_alignment,current_post_filter,transcript_post_filter,dow_range_or_transition,structure_trend_bias_dow_trend_down_ll_lh,dow_range_or_transition,structure_trend_bias_dow_trend_down_ll_lh,false,true,true,SHORT,PERIOD_M5,head_and_shoulders,head_and_shoulders,4.500,none,0.000,head_and_shoulders,4.500,none,0.000,SHORT,false,PERIOD_H1_NONE_dow_range_or_transition|PERIOD_M15_SHORT_structure_trend_bias_dow_trend_down_ll_lh,true,h1_counter_m15_reversal,true,top_NONE_dow_range_or_transition|structure_SHORT_structure_trend_bias_dow_trend_down_ll_lh|structure_break_recent_confirmed_swing_break_retest|primary_break_recent_confirmed_swing_break_retest,none,below_75sma_falling,below_75sma_falling,below_75sma_falling,4,146.85200000,0,146.91400000,false,off,NONE,NONE,0.00000000,0.00000000,0.0000,none,0.000,true,SHORT,return_low_break_or_bos_down,146.85200000,4,147.14400000,146.85200000,true,required_light,required_light_or_wave1_quality_and_corrective_exhaustion,true,2025.03.10 15:00:00,2025.03.10 15:15:00,true,2.1285,large,1.9846,0.9318,efficient,2.2844,2.1285,0.1926,clean,0.6930,2,2,0.0122,strong_break,too_fast,normal_hold,blocked,0.0072,2,0.9800,high,true,true,none,true,0.1715,no_fib,0.000,diagnostic_only,diagnostic_only,diagnostic_only,structure_pullback,5,0.240,true,none,0.390,high_quality,false,false,diagnostic_only,both,false,wave2_retrace_too_shallow,true,diagnostic_adjacent_detected,high_quality_m5_near_miss,true,false,LONG,6,false,false,0,2025.03.10 14:40:00,2025.03.10 16:00:00,6,4.0633,0.00000000,146.71300000,146.71300000,false,false,none,0.00000000,false,0.0000,0.0000,false,1,0.0000,false,-1,0.00000000,0.0000,off,false,not_evaluated,none,0.0000,0.0000,none,false,false,false,0.0000,none,false,none,0.0000,false,none,2.9980,2.1684,1.3826,0.0000,true,strong_exhaustion,0.0000,none,none,false,false,none,0.0000,0.0000,0.0000,0.0000,none,false,false,0.0000,0.0000,false,false,-1,none,none,false,0.000,0.000,146.90900000,146.86700000,146.86700000,recent_equal_lows,0.1304,neckline_level,146.90900000,0.2263,false,true,true,false,m5_failure_exit,off,none,0.00000000,0.0000,1.30,146.70500000,4.500,-0.300,0.200,PERIOD_M15,147.14400000,146.85200000,0.1130,outside,0.000,true,30-60,true,false,none,order_sent,5.150,146.88500000,147.03200000,147.02300000,146.70500000,0.13800000,-1.0652,147.02300000,147.02300000,false,false,none,0.0000,,-1,0.8696,1.0942,true,true,false,false,false,0,-1,-1,0.0000,0.0000,full_sl,true,false,false,false,false,-1.0652,0.0000,-25.99,0.00,0.00,-25.99,0.260,1.304,0,0.10607143,15.00,5.150,neckline_retest_failed,false,not_invalidated,DEAL_REASON_SL,36,no_break_even
2025.03.10 19:25:00,2025.03.10 19:33:57,session_reversal_pullback_all_symbols_first120,USDJPY,SHORT,2025.03.10 19:20:00,19,16,1,new_york,2025.03.10 16:00,20,first_120min,true,true,3,USDJPY,all_symbols_symbol_session_one_shot,new_york=USDJPY|EURJPY|GBPJPY|AUDJPY|EURUSD|GBPUSD,existing_first120_gate,new_york,false,false,true,passed_first_window,head_and_shoulders,neckline_break_retest,147.12400000,PERIOD_M5,PERIOD_H1,PERIOD_M15,PERIOD_M5,PERIOD_M5,false,htf_soft_alignment,current_post_filter,transcript_post_filter,dow_range_or_transition,break_above_without_higher_pullback,dow_range_or_transition,break_above_without_higher_pullback,false,true,true,SHORT,PERIOD_M5,head_and_shoulders,head_and_shoulders,4.500,none,0.000,head_and_shoulders,4.500,none,0.000,SHORT,false,PERIOD_H1_NONE_dow_range_or_transition|PERIOD_M15_NONE_break_above_without_higher_pullback,true,h1_counter_m15_reversal,true,top_NONE_dow_range_or_transition|structure_NONE_break_above_without_higher_pullback|structure_break_recent_confirmed_swing_break_failed|primary_break_recent_confirmed_swing_break_continuation,none,below_75sma_falling,below_75sma_falling,above_75sma_flat_or_falling,-1,0.00000000,0,147.13400000,false,off,NONE,NONE,0.00000000,0.00000000,0.0000,none,0.000,true,SHORT,return_low_break_or_bos_down,146.71300000,6,147.29700000,146.62400000,true,required_light,required_light_or_wave1_quality_and_corrective_exhaustion,true,2025.03.10 12:15:00,2025.03.10 17:30:00,true,3.2066,large,6.8624,0.1608,inefficient,19.9448,3.2066,0.7327,choppy,0.6852,5,11,0.2137,strong_break,too_old,normal_hold,blocked,0.0404,22,0.6500,medium,false,true,none,true,0.6969,deep_618_786,0.120,diagnostic_only,diagnostic_only,diagnostic_only,deep_pullback,24,0.320,true,none,0.470,high_quality,false,false,diagnostic_only,both,true,none,true,diagnostic_adjacent_detected,required_light,false,false,LONG,4,false,false,1,2025.03.10 16:30:00,2025.03.10 18:45:00,7,6.2397,0.00000000,146.62400000,146.62400000,false,false,none,0.00000000,false,0.0000,0.0000,false,1,0.0000,false,-1,0.00000000,0.0000,off,false,not_evaluated,none,0.0000,0.0000,none,false,false,false,0.0000,none,false,none,0.0000,false,none,6.2397,3.7364,1.6700,1.1960,false,no_shrink,0.0000,none,none,false,false,none,0.0000,0.0000,0.0000,0.0000,none,false,false,0.0000,0.0000,false,false,-1,none,none,false,0.000,0.000,147.11837500,147.08200000,147.08200000,top_context_confirmed_swing_low,0.0493,neckline_level,147.12400000,0.2874,false,true,true,false,m5_failure_exit,off,none,0.00000000,0.0000,1.30,146.80300000,4.500,-0.300,0.200,PERIOD_M15,147.16800000,146.62400000,0.8621,outside,0.000,true,0-30,true,false,none,order_sent,4.800,147.09300000,147.31600000,147.31600000,146.80300000,0.22300000,-1.0000,147.31600000,147.31600000,false,false,none,0.0000,,-1,0.2287,1.0000,false,false,false,false,false,-1,-1,-1,0.0000,0.0000,full_sl,true,false,false,false,false,-1.0000,0.0000,-24.22,0.00,0.00,-24.22,0.160,1.300,1,0.10785714,19.00,4.800,neckline_retest_failed,false,not_invalidated,DEAL_REASON_SL,38,no_break_even
2025.03.11 19:05:00,2025.03.11 19:15:00,session_reversal_pullback_all_symbols_first120,GBPJPY,LONG,2025.03.11 19:00:00,19,16,1,new_york,2025.03.11 16:00,0,first_120min,true,true,3,GBPJPY,all_symbols_symbol_session_one_shot,new_york=USDJPY|EURJPY|GBPJPY|AUDJPY|EURUSD|GBPUSD,existing_first120_gate,new_york,false,false,true,passed_first_window,double_bottom,neckline_break_retest,190.72900000,PERIOD_M5,PERIOD_H1,PERIOD_M15,PERIOD_M5,PERIOD_M5,false,htf_soft_alignment,current_post_filter,transcript_post_filter,dow_trend_down_ll_lh,no_ordered_dow_wave3_break,dow_trend_down_ll_lh,no_ordered_dow_wave3_break,false,true,true,LONG,PERIOD_M5,double_bottom,double_bottom,4.200,none,0.000,double_bottom,4.200,none,0.000,LONG,true,PERIOD_H1_SHORT_dow_trend_down_ll_lh|PERIOD_M15_NONE_no_ordered_dow_wave3_break,true,h1_counter_m15_reversal,true,top_SHORT_dow_trend_down_ll_lh|structure_NONE_no_ordered_dow_wave3_break|structure_break_recent_confirmed_swing_break_retest|primary_break_recent_confirmed_swing_break_failed,none,above_75sma_rising,above_75sma_rising,below_75sma_flat_or_rising,1,191.04400000,-1,0.00000000,false,off,NONE,NONE,0.00000000,0.00000000,0.0000,none,0.000,true,LONG,return_high_break_or_bos_up,191.04400000,1,191.57800000,190.29700000,true,required_light,required_light_or_wave1_quality_and_corrective_exhaustion,true,2025.03.11 17:30:00,2025.03.11 18:30:00,true,1.7552,large,1.3833,0.3769,normal,4.6565,1.7552,0.6729,choppy,0.5960,4,2,0.4320,normal_break,normal,normal_hold,blocked,0.0142,5,0.7500,high,false,true,none,true,0.5917,preferred_382_618,0.200,diagnostic_only,diagnostic_only,diagnostic_only,fib_pullback,5,0.440,true,none,0.590,high_quality,false,false,diagnostic_only,both,true,none,true,diagnostic_adjacent_detected,required_light,false,false,SHORT,5,false,false,2,2025.03.11 16:35:00,2025.03.11 18:40:00,4,5.8750,191.32100000,0.00000000,191.32100000,false,false,none,0.00000000,false,0.0000,0.0000,false,1,0.0000,false,-1,0.00000000,0.0000,off,false,not_evaluated,none,0.0000,0.0000,none,false,false,false,0.0000,none,false,none,0.0000,false,none,4.7407,2.9815,1.5901,2.8935,false,no_shrink,0.0000,none,none,false,false,none,0.0000,0.0000,0.0000,0.0000,none,false,false,0.0000,0.0000,false,false,-1,none,none,false,0.000,0.000,190.91700000,190.77100000,190.91700000,wick_cluster_zone,0.2293,neckline_level,190.72900000,0.4213,false,true,true,false,m5_failure_exit,off,none,0.00000000,0.0000,1.30,191.37000000,4.200,-0.300,0.200,PERIOD_M15,191.57800000,190.29700000,0.5917,preferred_382_618,0.000,true,0-30,true,false,none,order_sent,4.650,190.82000000,190.64700000,190.39700000,191.37000000,0.42300000,-0.4090,190.39700000,190.39700000,false,false,none,0.0000,,-1,0.2553,0.5248,false,false,false,false,false,-1,-1,-1,0.0000,0.2553,time,false,false,false,true,false,-0.4090,0.0000,-9.40,0.00,0.00,-9.40,0.080,1.300,2,0.21600000,38.00,4.650,neckline_retest_failed,false,not_invalidated,DEAL_REASON_EXPERT,40,no_break_even
2025.03.18 17:40:00,2025.03.18 17:55:00,session_reversal_pullback_all_symbols_first120,USDJPY,SHORT,2025.03.18 17:35:00,17,14,23,london_newyork_overlap,2025.03.18 13:00,95,first_120min,false,true,3,USDJPY,all_symbols_symbol_session_one_shot,london_newyork_overlap=USDJPY|EURJPY|GBPJPY|AUDJPY|EURUSD|GBPUSD,existing_first120_gate,london_newyork_overlap,true,false,true,passed_first_window,head_and_shoulders,neckline_break_retest,149.67300000,PERIOD_M5,PERIOD_H1,PERIOD_M15,PERIOD_M5,PERIOD_M5,false,htf_soft_alignment,current_post_filter,transcript_post_filter,dow_trend_up_hh_hl,break_below_without_lower_pullback,dow_trend_up_hh_hl,break_below_without_lower_pullback,false,false,true,SHORT,PERIOD_M5,head_and_shoulders,head_and_shoulders,4.500,none,0.000,head_and_shoulders,4.500,none,0.000,SHORT,true,PERIOD_H1_LONG_dow_trend_up_hh_hl|PERIOD_M15_NONE_break_below_without_lower_pullback,true,h1_counter_m15_reversal,true,top_LONG_dow_trend_up_hh_hl|structure_NONE_break_below_without_lower_pullback|structure_break_recent_confirmed_swing_break_retest|primary_break_recent_confirmed_swing_break_retest,none,above_75sma_rising,below_75sma_flat_or_rising,below_75sma_falling,0,149.55700000,1,149.64500000,false,off,NONE,NONE,0.00000000,0.00000000,0.0000,none,0.000,true,SHORT,return_low_break_or_bos_down,149.55700000,0,149.92800000,149.55700000,true,required_light,required_light_or_wave1_quality_and_corrective_exhaustion,true,2025.03.18 15:30:00,2025.03.18 17:15:00,true,2.6677,large,3.0900,0.2980,inefficient,8.9532,2.6677,0.6145,choppy,0.6385,4,5,0.2647,weak_break,normal,normal_hold,blocked,0.0299,8,0.6000,medium,false,true,none,true,0.4150,preferred_382_618,0.200,diagnostic_only,diagnostic_only,diagnostic_only,fib_pullback,7,0.490,true,none,0.640,high_quality,false,false,diagnostic_only,both,true,none,true,diagnostic_adjacent_detected,required_light,false,false,LONG,5,false,false,1,2025.03.18 15:15:00,2025.03.18 16:30:00,13,3.2000,0.00000000,149.64500000,149.64500000,true,true,m5_hl_close_break_down,149.64500000,true,0.1368,0.6947,true,1,0.2421,false,9,149.64500000,0.0211,off,false,not_evaluated,none,0.9388,0.0612,strong,false,false,false,0.2421,held_no_close_back,true,favorable_side,0.1839,true,clean_retest,2.5474,3.2000,0.7961,0.0000,true,strong_exhaustion,0.0000,none,none,false,false,none,0.0000,0.0000,0.0000,0.0000,none,false,false,0.0000,0.0000,false,false,-1,none,none,false,0.000,0.000,149.67300000,149.64500000,149.62400000,pre_session_low,0.1966,opening_range_low|neckline_level,149.67300000,0.0316,false,true,true,false,m5_failure_exit,off,none,0.00000000,0.0000,1.30,149.36600000,4.500,-0.300,0.200,PERIOD_M15,149.92800000,149.55700000,0.3046,outside,0.000,true,90-120,true,false,none,order_sent,5.150,149.67000000,149.72900000,149.90400000,149.36600000,0.23400000,-0.2521,149.90400000,149.90400000,false,false,none,0.0000,,-1,0.4145,0.2521,false,false,false,false,false,-1,-1,-1,0.0000,0.4145,time,false,false,false,true,false,-0.2521,0.0000,-5.91,0.00,0.00,-5.91,0.150,1.299,3,0.09500000,18.00,5.150,neckline_retest_failed,false,not_invalidated,DEAL_REASON_EXPERT,42,no_break_even
2025.03.19 11:10:00,2025.03.19 11:20:00,session_reversal_pullback_all_symbols_first120,USDJPY,SHORT,2025.03.19 11:05:00,11,8,17,london,2025.03.19 07:00,65,first_120min,false,true,3,USDJPY,all_symbols_symbol_session_one_shot,london=USDJPY|EURJPY|GBPJPY|AUDJPY|EURUSD|GBPUSD,existing_first120_gate,london,true,false,true,passed_first_window,head_and_shoulders,neckline_break_retest,149.38900000,PERIOD_M5,PERIOD_H1,PERIOD_M15,PERIOD_M5,PERIOD_M5,false,htf_soft_alignment,current_post_filter,transcript_post_filter,dow_range_or_transition,structure_trend_bias_dow_trend_up_hh_hl,dow_range_or_transition,structure_trend_bias_dow_trend_up_hh_hl,false,false,true,SHORT,PERIOD_M5,head_and_shoulders,head_and_shoulders,4.500,none,0.000,head_and_shoulders,4.500,none,0.000,SHORT,false,PERIOD_H1_NONE_dow_range_or_transition|PERIOD_M15_LONG_structure_trend_bias_dow_trend_up_hh_hl,true,h1_counter_m15_reversal,true,top_NONE_dow_range_or_transition|structure_LONG_structure_trend_bias_dow_trend_up_hh_hl|structure_break_recent_confirmed_swing_break_retest|primary_break_recent_confirmed_swing_break_retest,none,above_75sma_rising,below_75sma_falling,below_75sma_falling,0,149.29600000,0,149.38900000,false,off,NONE,NONE,0.00000000,0.00000000,0.0000,none,0.000,true,SHORT,return_low_break_or_bos_down,149.29600000,0,150.01500000,149.29600000,true,required_light,required_light_or_wave1_quality_and_corrective_exhaustion,true,2025.03.19 09:30:00,2025.03.19 10:45:00,true,4.2542,large,4.1857,0.4388,normal,9.6945,4.2542,0.6135,choppy,0.5188,4,4,0.2997,normal_break,normal,normal_hold,blocked,0.0090,6,0.8000,high,false,true,none,true,0.2483,shallow_236_382,0.080,diagnostic_only,diagnostic_only,diagnostic_only,shallow_pullback,5,0.320,true,none,0.470,high_quality,false,false,diagnostic_only,both,true,none,true,diagnostic_adjacent_detected,required_light,false,false,LONG,4,false,false,0,2025.03.19 09:40:00,2025.03.19 10:40:00,5,6.6746,0.00000000,149.13300000,149.13300000,false,false,none,0.00000000,false,0.0000,0.0000,false,1,0.0000,false,-1,0.00000000,0.0000,off,false,not_evaluated,none,0.0000,0.0000,none,false,false,false,0.0000,none,false,none,0.0000,false,none,4.1016,4.7373,0.8658,0.0000,true,strong_exhaustion,0.0000,none,none,false,false,none,0.0000,0.0000,0.0000,0.0000,none,false,false,0.0000,0.0000,false,false,-1,none,none,false,0.000,0.000,149.38900000,149.34500000,149.34500000,recent_rejection_zone,0.0210,opening_range_low|neckline_level,149.32100000,0.2346,false,true,true,false,m5_failure_exit,off,none,0.00000000,0.0000,1.30,148.91800000,4.500,-0.300,0.200,PERIOD_M15,150.01500000,149.29600000,0.0779,outside,0.000,true,60-90,true,false,none,order_sent,5.150,149.35200000,149.45700000,149.68600000,148.91800000,0.33400000,-0.3144,149.68600000,149.68600000,false,false,none,0.0000,,-1,0.1557,0.3144,false,false,false,false,false,-1,-1,-1,0.0000,0.1557,time,false,false,false,true,false,-0.3144,0.0000,-7.73,0.00,0.00,-7.73,0.110,1.299,2,0.13214286,19.00,5.150,neckline_retest_failed,false,not_invalidated,DEAL_REASON_EXPERT,44,no_break_even
